ubicacion,fecha,puntuacion,titulo_comentario,comentario_negativo,comentario_positivo,etiquetas,cantidad_comentarios,nacionalidad
Vitoria,Escrito en 2 de enero de 2026,"9,0",Andrea,Lo peor que tiene el apartamento es el sofá cama. Está muy usado y es súper incómodo. No lo recomiendo para dormir. Hasta para sentarse se hunde.,"El apartamento está muy nuevo y limpio. Tal cual se muestra en la foto. Todo muy bonito y cuidado al detalle. 
Además te dejan un pack de bienvenida con dos botellitas de agua, una bolsita pequeña de patatas fritas y dos cápsulas de café.",Viaje de ocio | Familia con niños pequeños | Apartamento de 1 dormitorio | Estancia de 1 noche | Enviado por móvil,17 comentarios,España
Vitoria,Escrito en 1 de enero de 2026,"9,0",Xavier,,Instalaciones nuevas y comodas,Viaje de ocio | Familia con niños pequeños | Apartamento de 1 dormitorio | Estancia de 3 noches | Enviado por móvil,,
Vitoria,Escrito en 29 de diciembre de 2025,"8,0",Raquel,La persona que duerme en el sofá cama está algo más incómodo,Muy amplio y preparado,Viaje de ocio | Familia con niños pequeños | Apartamento de 2 dormitorios | Estancia de 2 noches | Enviado por móvil,31 comentarios,España
Vitoria,Escrito en 22 de diciembre de 2025,"8,0",Juan,"Las habitaciones, se suponía que constaba el apartamento de dos habitaciones grandes y eso no fue lo que encontramos",La ubicación,Viaje de ocio | Grupo | Apartamento de 2 dormitorios | Estancia de 1 noche,2 comentarios,España
Vitoria,Escrito en 21 de diciembre de 2025,10,Isaac,,"Alojamiento genial. Cocina completamente equipada, lavadora, microondas con grill. Baño nuevo, todo impecable.",Viaje de ocio | Familia con niños pequeños | Apartamento Estudio | Estancia de 3 noches | Enviado por móvil,,
Vitoria,Escrito en 12 de diciembre de 2025,"7,0",Montero,"No me gustó pagar un precio de 4 personas por un apartamento, y que tengan un sofá cama, que menos mal que íbamos personas jóvenes, porque sino, es imposible dormir ahí, por lo incómodo que era. Y tampoco me gustó el parking, ya que es un añadido a la reserva, no es barato a mi parecer, y el primer día que llegamos un poco mas tarde, nos las vimos y nos las deseamos para poder aparcar.","Lo que mas me gustó fue la ubicación ya que no estabas en pleno centro, pero muy cerquita para llegar andando.",Viaje de ocio | Familia con niños pequeños | Apartamento de 1 dormitorio | Estancia de 3 noches | Enviado por móvil,4 comentarios,España
Vitoria,Escrito en 11 de diciembre de 2025,"7,0",Gómez,"En mi reserva pone escritorio, y no tuve, viajo por trabajo y era una necesidad, tuve que trabajar en la encimera de la isla de la cocina con sillas altas sin respaldo y he acabado con dolor de espalda.Tampoco había tostadora. Compre algo de pan para tostar y no lo pude hacer en la tostadora.",,Viaje de negocios | Persona que viaja sola | Apartamento Estudio | Estancia de 2 noches,3 comentarios,España
Vitoria,Escrito en 10 de diciembre de 2025,"9,0",Cristina,Lo único malo fue que el nórdico del sofá cama era de 90cm cuando la cama era mucho más ancha,"Ubicación excelente. Muy limpio, la cama muy cómoda.
La cocina pequeña pero tenía de todo, hasta lavavajillas y lavadora
Luminoso",Viaje de ocio | Familia con niños pequeños | Apartamento de 1 dormitorio | Estancia de 3 noches | Enviado por móvil,19 comentarios,España
Vitoria,Escrito en 8 de diciembre de 2025,10,Manuel,Almohadas,Limpieza y decoración,Viaje de ocio | Familia con niños pequeños | Apartamento de 1 dormitorio | Estancia de 2 noches | Enviado por móvil,7 comentarios,España
Vitoria,Escrito en 8 de diciembre de 2025,"8,0",Jose,"El tener que hacer el check-in uno mismo, aunque no me resulto complicado, creo que seria mucho mejor el que habria alguna persona para poder hacerlo .El tener la salida a las 11h, normalmente las salida suele ser entre las 12 y 13 horas, aunque comprendo que hay que realizar limpieza, pero una hora mas estaria muy bien. Y el no tener una consigna o un lugar para poder dejar maletas, bien como servicio del alojamiento o bien de pago.","Me gusto, la limpieza, centrico. A 10 minutos ( o menos) del centro historico. Servicios como ( supermercado, cafeterias, restaurantes)  a 1 minuto",Viaje de ocio | Grupo | Apartamento de 1 dormitorio | Estancia de 2 noches,4 comentarios,España
Vitoria,Escrito en 8 de diciembre de 2025,"7,0",Elalbarracin,El olor a humo de la habitación. Pero como no hay recepción no puedes protestar a nadie.,Buena ubicación. Los baños perfectos. Las camas bien. El sofá cama una castaña.,Viaje de ocio | Familia con niños pequeños | Apartamento de 2 dormitorios | Estancia de 2 noches | Enviado por móvil,46 comentarios,España
Vitoria,Escrito en 7 de diciembre de 2025,"8,0",Gemma,"Hacía muchísima calor, aunque es diciembre pero en el apartamento hacía mucha calor .. por todo para mi fué perfecto ! Lo único la calefacción demasiado alta","Todo, la ubicación, lo fácil que es acceder y lo bien comunicado que está con todo",Viaje de ocio | Grupo | Apartamento de 1 dormitorio | Estancia de 1 noche | Enviado por móvil,13 comentarios,España
Vitoria,Escrito en 3 de diciembre de 2025,"9,0",Ane,"Al ser el octavo piso las ventanas solo se abre en batiente, por lo que pasamos un poco de calor.",Centrico y acogedor.,Viaje de negocios | Pareja | Apartamento de 1 dormitorio | Estancia de 5 noches | Enviado por móvil,30 comentarios,España
Vitoria,Escrito en 2 de diciembre de 2025,"9,0",Dolores,Nada,"La ubicación, la limpieza y la comodidad del apartamento. Muy fácil y muy rápido contactar con la conserjería 24 horas.",Viaje de ocio | Pareja | Apartamento Estudio | Estancia de 3 noches | Enviado por móvil,18 comentarios,España
Vitoria,Escrito en 2 de diciembre de 2025,"8,0",Elixabete,El sofa cama es muy incomodo.,,Viaje de ocio | Familia con niños pequeños | Apartamento de 2 dormitorios | Estancia de 2 noches | Enviado por móvil,4 comentarios,España
Vitoria,Escrito en 1 de diciembre de 2025,"7,0",Sanz,Un poco caro para lo que ofrece.,La ubicación,Viaje de ocio | Pareja | Apartamento Estudio | Estancia de 5 noches | Enviado por móvil,2 comentarios,España
Vitoria,Escrito en 28 de noviembre de 2025,10,Touriño,Nos gusto todo,Nos encantó,Viaje de ocio | Familia con niños pequeños | Apartamento de 1 dormitorio | Estancia de 1 noche | Enviado por móvil,31 comentarios,España
Vitoria,Escrito en 23 de noviembre de 2025,"7,0",Gloriadp,"El sofá cama era bastante incómodo,","El apartamento en general, bien distribuido y con todo lo necesario. Buena ubicación. Personal amable.",Viaje de ocio | Familia con niños pequeños | Apartamento de 1 dormitorio | Estancia de 2 noches | Enviado por móvil,25 comentarios,España
Vitoria,Escrito en 20 de noviembre de 2025,"9,0",Arantxa,,"Nos hospedamos con nuestra mascota y la sorpresa fue que nos pusieron una camita, y boles para la comida y elagua además de un poco de comida. Todo un detalle. Gracias.",Viaje de ocio | Pareja | Apartamento Estudio | Estancia de 1 noche | Enviado por móvil,,
Vitoria,Escrito en 16 de noviembre de 2025,"8,0",Maria,"Sofá cama incómodo y no dejan ropa de abrigo (mantas, etc) en noviembre. La falta de personal hace perder calidez a la estancia y detalles como poder dejar el coche en el parking un ratito más resulten imposibles.","Bien ubicado. Bastante nuevo, la habitación principal cómoda.",Viaje de ocio | Grupo | Apartamento de 1 dormitorio | Estancia de 2 noches | Enviado por móvil,90 comentarios,España
Vitoria,Escrito en 16 de noviembre de 2025,10,Rocio,,"Estaba todo muy limpio, lo cual se agradece muchísimo, pack de bienvenida, más que de agradecer se nota la calidad de la habitación solo entrar. Para nosotros un 10, de echo, volvemos en una dos o tres semanas",Viaje de ocio | Familia con niños pequeños | Apartamento de 1 dormitorio | Estancia de 1 noche | Enviado por móvil,,
Vitoria,Escrito en 15 de noviembre de 2025,"9,0",Marisa,La única pega el sofá cama,"Muy buena ubicación, comodidad y buen trato",Viaje de ocio | Familia con niños pequeños | Apartamento de 1 dormitorio | Estancia de 5 noches | Enviado por móvil,15 comentarios,España
Vitoria,Escrito en 9 de noviembre de 2025,"8,0",Miriam,"No había detergente para la lavadora ni lavavajillas, pedimos y no les quedaba. En 7 días no pasaron a limpiar ninguna vez.","La ubicación, se aparca fácil por la zona. Para ir en familia haces uso de la cocina y lavadora.",Viaje de ocio | Familia con niños pequeños | Apartamento de 1 dormitorio | Estancia de 7 noches | Enviado por móvil,6 comentarios,España
Vitoria,Escrito en 9 de noviembre de 2025,"8,0",Vanesa,Sofá cama un poco incómodo.,La ubicación a 10 minutos del centro.,Viaje de ocio | Familia con niños pequeños | Apartamento de 1 dormitorio | Estancia de 1 noche | Enviado por móvil,13 comentarios,España
Vitoria,Escrito en 1 de septiembre de 2025,"9,0",Rafael,El sofá cama muy ruidoso,La ubicación,Viaje de ocio | Familia con niños pequeños | Apartamento de 1 dormitorio | Estancia de 1 noche | Enviado por móvil,17 comentarios,España
Vitoria,Escrito en 1 de septiembre de 2025,"9,0",Laura,,"Muy bien situado, apartamento cómodo y con todo lo necesario para pasar unos dias (horno, microondas, lavadora...)",Viaje de ocio | Familia con niños pequeños | Apartamento de 2 dormitorios | Estancia de 1 noche | Enviado por móvil,,
Vitoria,Escrito en 31 de agosto de 2025,"8,0",Juan,Nos dieron habitación a una zona interior,La ubicación.,Viaje de ocio | Familia con niños pequeños | Apartamento de 1 dormitorio | Estancia de 4 noches | Enviado por móvil,29 comentarios,España
Vitoria,Escrito en 30 de agosto de 2025,"9,0",Ocaña,"Es sofá cama es muy incómodo e inapropiado para un establecimiento de estas características. El desayuno lo sirven en una cafetería independiente enfrente del edificio de apartamentos, aunque es cierto que desayunamos estupendamente.",Muy buena ubicación. Instalaciones nuevas y modernas. Muy acogedoras y a 5 minutos del centro de la ciudad.,Viaje de ocio | Familia con niños pequeños | Apartamento de 1 dormitorio | Estancia de 1 noche | Enviado por móvil,9 comentarios,España
Vitoria,Escrito en 30 de agosto de 2025,"9,0",Gonzalo,El colchón no era muy cómodo,"Limpieza, acceso, ubicación",Familia con niños pequeños | Apartamento de 1 dormitorio | Estancia de 4 noches | Enviado por móvil,8 comentarios,España
Vitoria,Escrito en 30 de agosto de 2025,10,Enrique,,"Ubicación muy buena, apartamento muy cómodo y excelente para viajar con perro",Viaje de ocio | Familia con niños pequeños | Apartamento de 1 dormitorio | Estancia de 4 noches | Enviado por móvil,,
Vitoria,Escrito en 30 de agosto de 2025,"9,0",Rincon,,La instalación  y la atención muy bien.,Viaje de ocio | Familia con niños pequeños | Apartamento de 1 dormitorio | Estancia de 1 noche | Enviado por móvil,,
Vitoria,Escrito en 29 de agosto de 2025,"8,0",Carol,La única pega es que me parece caro.,"Todo impecable, limpio, cómodo, bonito, muy céntrico, acceso fácil y automatizado...",Viaje de ocio | Familia con niños pequeños | Apartamento de 1 dormitorio | Estancia de 1 noche | Enviado por móvil,2 comentarios,España
Vitoria,Escrito en 29 de agosto de 2025,10,Blanca,,"Limpieza, ubicación y silencio",Viaje de ocio | Familia con niños pequeños | Apartamento de 1 dormitorio | Estancia de 3 noches | Enviado por móvil,,
Vitoria,Escrito en 29 de agosto de 2025,"9,0",Laura,Se echa en parte una cara visible del alojamiento.,La limpieza y ubicación.,Viaje de ocio | Familia con niños pequeños | Apartamento de 1 dormitorio | Estancia de 5 noches,23 comentarios,España
Vitoria,Escrito en 29 de agosto de 2025,10,Omisae,,La limpieza,Viaje de negocios | Familia con niños pequeños | Apartamento de 2 dormitorios | Estancia de 12 noches | Enviado por móvil,,
Vitoria,Escrito en 28 de agosto de 2025,"8,0",Carlos,La cama del sofá,Ubicación,Viaje de ocio | Familia con niños pequeños | Apartamento de 1 dormitorio | Estancia de 1 noche | Enviado por móvil,73 comentarios,España
Vitoria,Escrito en 28 de agosto de 2025,"9,0",Gabriela,"El check-in,  para mi gusto, un poco tarde, hasta las 15:00h no es posible entrar y sin posibilidad de dejar las maletas en el hotel si llegas antes.","La comodidad del apartamento. Acogedor y amplio
Su ubicación.",Viaje de ocio | Familia con niños pequeños | Apartamento de 1 dormitorio | Estancia de 1 noche | Enviado por móvil,15 comentarios,España
Vitoria,Escrito en 28 de agosto de 2025,10,Gilberto,Nada,La comodidad y amplitud de las estancias,Viaje de ocio | Persona que viaja sola | Apartamento de 2 dormitorios | Estancia de 3 noches | Enviado por móvil,9 comentarios,España
Vitoria,Escrito en 27 de agosto de 2025,"9,0",Carlos,El sistema de apertura con código es incómodo,"Muy cerca del centro, limpio y comodo",Viaje de ocio | Familia con niños pequeños | Apartamento de 2 dormitorios | Estancia de 1 noche | Enviado por móvil,8 comentarios,España
Vitoria,Escrito en 27 de agosto de 2025,"9,0",Manuel,El sofá cama no es cómodo.,"Está ubicado en una zona tranquila donde se encuentra fácilmente aparcamiento. Además, está a 10 minutos andando del centro.",Viaje de ocio | Familia con niños pequeños | Apartamento de 1 dormitorio | Estancia de 3 noches | Enviado por móvil,9 comentarios,España
Vitoria,Escrito en 25 de agosto de 2025,"8,0",Eduardo,No te ayudan con el check in,La amplitud,Viaje de ocio | Familia con niños pequeños | Apartamento de 1 dormitorio | Estancia de 1 noche | Enviado por móvil,74 comentarios,España
Vitoria,Escrito en 25 de agosto de 2025,"8,0",Estrella,"Por ponerle una pega, cuando abres el sofá cama queda muy estrecho y no se puede pasar","La ubicación, limpieza del apartamento, silencia y desayuno",Viaje de ocio | Familia con niños pequeños | Apartamento de 1 dormitorio | Estancia de 1 noche | Enviado por móvil,8 comentarios,España
Vitoria,Escrito en 25 de agosto de 2025,"8,0",Rubio-bañón,"La limpieza del apartamento, estuvimos cinco noches y no nos cambiaron las toallas ni limpiaron la habitación.",Las instalaciones eran muy buenas y muy céntrico,Viaje de ocio | Grupo | Apartamento de 1 dormitorio | Estancia de 1 noche,3 comentarios,España
Vitoria,Escrito en 23 de agosto de 2025,"8,0",Elena,El sofa-cama es bastante incómodo para dormir en él. Tuve que pedir material de limpieza como pastilla para el lavavajillas y trapo de cocina porque no estaba en la habitación. Aunque es verdad que la recepcionista me los proporcionó inmediatamente.,"El personal fue muy amable  y la ubicación es fantástica. A 10 minutos  a pie del centro histórico de Vitoria.
El apartamento para 5 personas es espacioso y estaba muy limpio.",Familia con niños pequeños | Apartamento de 2 dormitorios | Estancia de 1 noche | Enviado por móvil,12 comentarios,España
Vitoria,Escrito en 23 de agosto de 2025,"8,0",Loli,"Que no tuviera una escoba para poder recoger lo básico, ni escobilla de wc, así como algo para fregar los cacharros, cosa que hoy día hay en casi todos los apartamentos turísticos
En mi caso con pelo largo he tenido que recoger los pelos con algo de papel","La ubicacion y que aunque haya parking, se puede aparcar con suerte fuera
El apartamento está nuevo y tiene de casi todo",Viaje de ocio | Familia con niños pequeños | Apartamento de 1 dormitorio | Estancia de 4 noches | Enviado por móvil,3 comentarios,España
Vitoria,Escrito en 23 de agosto de 2025,"9,0",Andrea,"Difícil contar con alguien si se necesita, demasiado autónomo todo. Vistas feas","Me pareció muy cómodo el check-in online y autónomo. Muy bien el parking en el edificio. Genial ubicación, muy cómoda.
El apartamento bien decorado y equipado, para unos días genial.",Viaje de ocio | Familia con niños pequeños | Apartamento de 1 dormitorio | Estancia de 1 noche | Enviado por móvil,78 comentarios,España
Vitoria,Escrito en 23 de agosto de 2025,10,Laura,"Éramos cuatro y, para el sofá cama, sólo había 1 almohada. El colchón se hundía un poco hacia el centro, pero estuvimos sólo una noche y es asumible.","Es un edificio entero dividido en apartamentos. Hay personal de asistencia durante el día, en recepción, y asistencia on line o telefónica por la noche. En todo momento, nuestras dudas fueron resueltas. Las instalaciones son nuevas, de excelente calidad, insonorizado todo y la limpieza excelente. Y la ubicación es perfecta. Es una avenida grande con comercio y lugares donde desayunar. En 5 minutos andando se accede al casco viejo de Vitoria.",Viaje de ocio | Grupo | Apartamento de 1 dormitorio | Estancia de 1 noche,20 comentarios,España
Vitoria,Escrito en 22 de agosto de 2025,"8,0",Amelia,"Que no había ningún utensilio para la limpieza del hogar, escoba, mocho, bayeta, ademanes había un lavaplatos pero no había ninguna pastilla, ni estropajo ni jabón para lavar los platos, por lo que si querías barrer o fregar tenías que comprar las cosas para hacerlo.",Que estaba muy limpio y era todo nuevo y espacioso.,Viaje de ocio | Familia con niños pequeños | Apartamento de 2 dormitorios | Estancia de 4 noches | Enviado por móvil,27 comentarios,España
Vitoria,Escrito en 22 de agosto de 2025,"9,0",Raquel,,Me encantó el detalle de bienvenida para el perrete 😄,Viaje de ocio | Pareja | Apartamento Estudio | Estancia de 5 noches | Enviado por móvil,,
Vitoria,Escrito en 29 de julio de 2025,10,Juan,Parking muy justo para coche grande,Proximidad con el centro,Viaje de ocio | Familia con niños pequeños | Apartamento Estudio | Estancia de 1 noche | Enviado por móvil,6 comentarios,España
Vitoria,Escrito en 28 de julio de 2025,10,Javier,,Apartamento muy limpio y cómodo. A 20 minutos andando del centro. Aparcamiento gratuito en calles próximas.,Viaje de ocio | Familia con niños pequeños | Apartamento de 1 dormitorio | Estancia de 1 noche | Enviado por móvil,,
Vitoria,Escrito en 28 de julio de 2025,"8,0",Rut,Los colchones,El apartamento en sí,Viaje de ocio | Familia con niños pequeños | Apartamento de 1 dormitorio | Estancia de 4 noches | Enviado por móvil,4 comentarios,España
Vitoria,Escrito en 28 de julio de 2025,"9,0",Jesus,"el sofa cama era muy blando para dormir, muy incómodo",La ubicación y la limpieza,Viaje de ocio | Familia con niños pequeños | Apartamento de 1 dormitorio | Estancia de 2 noches,6 comentarios,España
Vitoria,Escrito en 28 de julio de 2025,"7,0",Carolina,"Que todo fuera por la aplicación o por mail, aunque puedes llamarlos del telefonillo de la entrada, por nosotros no, pero vimos gente mayor liada. La relación calidad-precio es excesiva. No vino nadie a limpiar y todavía no tengo claro si es por no pedirlo por la aplicación. Te dejaban un kit de limpieza, pero era escaso para los 5 días que íbamos. Y lo peor es la wifi compartida, va fatal y además la televisión no es smart, y no hubo manera de conectar el crome cast por la wifi, lo comunicamos y nada.",La situación y las instalaciones.,Viaje de ocio | Familia con niños pequeños | Apartamento de 1 dormitorio | Estancia de 5 noches | Enviado por móvil,36 comentarios,España
Vitoria,Escrito en 27 de julio de 2025,"9,0",Jose,"La nevera, por la parte posterior, a veces vibraba en exceso",Ubicación y equipamiento,Viaje de ocio | Familia con niños pequeños | Apartamento de 1 dormitorio | Estancia de 2 noches,38 comentarios,España
Vitoria,Escrito en 27 de julio de 2025,"9,0",Sara,"Echamos en falta más luz artificial sobre todo en el baño y la falta estropajo, bayeta, una escoba con recogedor y fregona con cubo para mantener limpio el apartamento durante nuestra estancia.","Un apartamento bonito y moderno ideal para viajar una familia de cuatro miembros algunos días. Equipada con una cocina totalmente nueva con todos los pequeños electrodomésticos modernísimos. 
Cuenta con un dormitorio con armario y cómoda de tres cajones y una cama muy confortable, tanto colchón como almohadas. El sofá cama del salón quizás no tan cómodo, pero adecuado para dos niños o adolescentes.",Viaje de ocio | Familia con niños pequeños | Apartamento de 1 dormitorio | Estancia de 4 noches | Enviado por móvil,7 comentarios,España
Vitoria,Escrito en 26 de julio de 2025,"9,0",Sergio,"Por decir algo, que no había cafetera en la cocina.
La echamos en falta.","Es un apartahotel muy comodo, bien ubicado y muy limpio. Con cocina bien equipada. Los muebles y el apartamento muy nuevo. Se entra fácil de manera on lline, con la clave que te envían o su aplicación. Y el garage, aunque de pago, es un punto a favor de la instalación.",Viaje de ocio | Familia con niños pequeños | Apartamento de 1 dormitorio | Estancia de 2 noches | Enviado por móvil,25 comentarios,España
Vitoria,Escrito en 25 de julio de 2025,"8,0",Pedro,El sofá cama muy incómodo para dos personas,"Muy nuevo y todo lo necesario para unos dias, buena ubicación.",Viaje de ocio | Grupo | Apartamento de 1 dormitorio | Estancia de 5 noches | Enviado por móvil,3 comentarios,España
Vitoria,Escrito en 25 de julio de 2025,"9,0",Laura,Tuvimos un poco de dificultad al abrir la puerta del edificio pero se resolvió sin problema,Luminoso..céntrico..muy bien equipado..nos obsequiaron con dos botellas de agua y un snack y un pack de limpieza..cama y sofá cama muy cómodo..no vimos a nadie del personal..rodeado de bares y cafeterías muy ricas,Viaje de ocio | Familia con niños pequeños | Apartamento de 1 dormitorio | Estancia de 1 noche | Enviado por móvil,7 comentarios,España
Vitoria,Escrito en 25 de julio de 2025,"8,0",Ceballos,No me gustó que no tienen persianas y entra claridad a las habitaciones.,,Viaje de ocio | Familia con niños pequeños | Apartamento de 1 dormitorio | Estancia de 1 noche | Enviado por móvil,4 comentarios,España
Vitoria,Escrito en 25 de julio de 2025,"7,0",Maria,Que el sofá  se hundía cuando te sentabas y las tapicerias de sillones y cojines estaba con cercos de manchas al igual.que una de las fundas de almohada interiores que tenia unos cercos amarillos increibles de suciedad.,"Muy bien ubicado, muy bien equipado, con lavadora, lavavajillas, horno microondas... decoración muy moderna y apartamento amplio, cafeterías para desayunar y en la misma calle hay zona de aparcamiwnto gratuito.",Viaje de ocio | Familia con niños pequeños | Apartamento de 1 dormitorio | Estancia de 1 noche | Enviado por móvil,10 comentarios,España
Vitoria,Escrito en 25 de julio de 2025,"9,0",Noelia,Que no tuviera una escoba ni fregona,Estaba muy cuidado.,Familia con niños pequeños | Apartamento con terraza | Estancia de 2 noches | Enviado por móvil,4 comentarios,España
Vitoria,Escrito en 25 de julio de 2025,"8,0",M,El sofá cama era horrible....no es nada intuitivo para abrirlo y se cerraba cada dos por tres..no descansaron nada las personas que durmieron ahí,"Esta a 10 mins de la catedral de Vitoria, es una finca de pisos turísticos que están muy limpios y nuevos y se accede con código",Viaje de ocio | Familia con niños pequeños | Apartamento de 1 dormitorio | Estancia de 1 noche | Enviado por móvil,10 comentarios,España
Vitoria,Escrito en 25 de julio de 2025,"8,0",María,"Eché de menos una escoba y recogedor en el apartamento para el día a día a parte de la limpieza que se haga por parte de la empresa.
El sofá cama es incómodo para dormir más de un día.","Bonito, buena ubicación, cocina bien equipada, buen detalle de bienvenida y el kit de limpieza.",Viaje de ocio | Familia con niños pequeños | Apartamento de 1 dormitorio | Estancia de 3 noches | Enviado por móvil,5 comentarios,España
Vitoria,Escrito en 25 de julio de 2025,"8,0",Aurora,"Garaje y desayunos, por el precio de estancia, debería incluir","Mal el horario de entradas,,debe ser cuando el cliente llegue, sea 8hs , 12"",,,,o 3de la mañanas, cada usuario es diferente y su estancia termina en 24hs, no cuando ustedes digan,,un  hotel está para éso dar servicio de hospedaje, no a su conveniencia,, mucho ruido las hb de frente a la calle gastéiz,,debería tener otro tipo de ventanas.",Familia con niños pequeños | Apartamento de 1 dormitorio | Estancia de 2 noches | Enviado por móvil,3 comentarios,España
Vitoria,Escrito en 24 de julio de 2025,"7,0",Teresa,El check in y todo el acceso al hotel es digital. Tener que estar poniendo el código para abrir cada puerta es un poco jaleo pero bueno. El sofá cama deberían renovarlo...,"La ubicación y la comodidad de tener parking a 14€/día. Estaba todo muy bien equipado, con un kit de bienvenida y un kit de limpieza, el apartamento tiene todo lo necesario para estar en Vitoria unos días. Para los precios que hay de alojamientos en el País Vasco en general, este está muy bien.",Viaje de ocio | Familia con niños pequeños | Apartamento de 1 dormitorio | Estancia de 2 noches,38 comentarios,España
Vitoria,Escrito en 24 de julio de 2025,"7,0",Monica,"Sofá cama incómodo, aire solo iba en la habitación y faltaba la plancha para la ropa",Ubicación y lavabo y cama habitación muy cómoda,Familia con niños pequeños | Apartamento de 1 dormitorio | Estancia de 2 noches | Enviado por móvil,16 comentarios,España
Vitoria,Escrito en 23 de julio de 2025,10,Alberto,Nada,"Espectacular apartamento, nuevo,bien equipado ,muy limpio, centrico",Viaje de ocio | Familia con niños pequeños | Apartamento de 1 dormitorio | Estancia de 2 noches | Enviado por móvil,4 comentarios,España
Vitoria,Escrito en 22 de julio de 2025,"7,0",Samaniegomiron,"Todos los extras que hay, si quieres que te cambien las sabanas y toallas un extra de 37 euros, no había cepillo ni recogedor para barrer pequeñas cosas supongo para que se necesite contratar el servicio de limpieza extra.El sistema de acceso con códigos da muchos problemas, nos fallaba mucho.El menaje de la cocina es muy escaso, solo había un cazo una cazuela grande y un escurridor de pasta, se hubiera agradecido tener una pequeña sartén para hacer una tortilla.","El apartamento muy bonito, amplio, bien decorado y equipado con casi de todo, bien climatizado, las camas cómodas, incluso el sofá cama, lo mejor la ubicación y el parking al lado aunque debes contratarlo como extra.",Viaje de ocio | Familia con niños pequeños | Apartamento de 1 dormitorio | Estancia de 6 noches,12 comentarios,España
Vitoria,Escrito en 22 de julio de 2025,"9,0",Texenery,Ni un mísero detalle en la habitación. El sofá cama bastante incómodo.,Es muy cómodo y moderno.,Viaje de ocio | Grupo | Apartamento de 2 dormitorios | Estancia de 1 noche,81 comentarios,España
Vitoria,Escrito en 21 de julio de 2025,10,Maria,Me gusto todo,"Todo perfecto, muy limpio y todo muy bien organizado. esta a 15 minutos del centro caminando.",Viaje de ocio | Familia con niños pequeños | Apartamento de 1 dormitorio | Estancia de 1 noche | Enviado por móvil,6 comentarios,España
Vitoria,Escrito en 21 de julio de 2025,10,Carlos,,"Ubicacion espectacular, sin necesidad de coger transporte para vsisitar la ciudad.",Viaje de ocio | Familia con niños pequeños | Apartamento de 1 dormitorio | Estancia de 5 noches,,
Vitoria,Escrito en 21 de julio de 2025,"9,0",Maria,,Camas y diseño,Viaje de ocio | Grupo | Apartamento de 1 dormitorio | Estancia de 2 noches | Enviado por móvil,,
Vitoria,Escrito en 20 de julio de 2025,"8,0",Juan,"Imposible check-in antes de las 15:00h sin pagar extra.
No hay nadie en recepción para atender.
Código de acceso largo.
Prefiero trato personal, no virtual.
Imposibilidad de pagar en efectivo.","Buena ubicación, cerca del centro. 
Parking gratuito en la calle.
Moderno, bien equipado.
Cómodo. Abundantes cajones para ropa.",Viaje de ocio | Familia con niños pequeños | Apartamento de 1 dormitorio | Estancia de 2 noches | Enviado por móvil,10 comentarios,España
Vitoria,Escrito en 25 de mayo de 2025,"9,0",Rebeca,"Por decir algo el sofá cama se movía un poco, pero era muy comodo.","La atención del personal excelente, muy amables. 
La ubicación. Apartamento moderno y bonito.",Viaje de negocios | Familia con niños pequeños | Apartamento de 1 dormitorio | Estancia de 4 noches | Enviado por móvil,15 comentarios,España
Vitoria,Escrito en 25 de mayo de 2025,"7,0",Oihane,No los iba la clave de abajo,,Viaje de ocio | Grupo | Apartamento de 1 dormitorio | Estancia de 1 noche | Enviado por móvil,5 comentarios,España
Vitoria,Escrito en 25 de mayo de 2025,"7,0",Anie,"Un par de puntos a destacar: 
1. Tanto el sofá cama como las almohadas son muy incómodas, y en nuestro caso, faltaba una de las mesitas de noche de la habitación. 
2. Además, nuestra estancia se vio significativamente afectada por un problema con el aire acondicionado: 
Pasamos la tarde fuera, y al volver al apartamento al anochecer quisimos encender el aire acondicionado para cenar y dormir. Tratamos de ponerlo en marcha y esperar un rato para ver si se encendía, pero nada. Hacia las 21:30 nos pusimos en contacto con recepción a través de WhatsApp para solicitar ayuda, ya que no lo conseguíamos (o no funcionaba). Recibimos una respuesta pidiendo la foto del panel de control del aire acondicionado. Así lo hicimos, y nos respondieron diciendo que pasarían el aviso a la persona que se encontraba en recepción para que nos ayudara indicando que debíamos esperar. Sin embargo, tras esperar más de una hora sin recibir ninguna solución ni contacto por parte del personal, decidimos desistir y avisar de que ya no era necesario que vinieran ya que eran las 23:00 pasadas y queriamos irnos a dormir. Una pena.","El primer punto destacable es la ubicación, que es estupenda. Está a escasos minutos del centro y cuenta con paradas cercanas de autobús y tranvía. 
En cuanto al apartamento, la cocina esta muy bien equipada. La habitación principal es muy espaciosa y la cama es cómoda. El baño está muy limpio y hay toallas de sobra.",Viaje de ocio | Familia con niños pequeños | Apartamento de 1 dormitorio | Estancia de 1 noche | Enviado por móvil,8 comentarios,España
Vitoria,Escrito en 24 de mayo de 2025,"8,0",Carlos,"El sistema automático. No por lo automático sino por cierta dificultad que presenta el sistema. Código largo, etc,. Es el camino pero habría que darle una vuelta de tuerca.",La habitación espaciosa y los servicios incluidos,Viaje de ocio | Pareja | Apartamento Estudio | Estancia de 1 noche | Enviado por móvil,10 comentarios,Argentina
Vitoria,Escrito en 24 de mayo de 2025,"9,0",Koldo,Todo,Si,Viaje de ocio | Familia con niños pequeños | Apartamento de 1 dormitorio | Estancia de 2 noches | Enviado por móvil,18 comentarios,España
Vitoria,Escrito en 24 de mayo de 2025,10,Orenes,La gestión de la entrada,Apartamento,Viaje de ocio | Pareja | Apartamento de 2 dormitorios | Estancia de 1 noche | Enviado por móvil,1 comentario,España
Vitoria,Escrito en 23 de mayo de 2025,"8,0",Enol,La ubicación,Las habitaciones,Viaje de ocio | Familia con niños pequeños | Apartamento de 1 dormitorio | Estancia de 2 noches | Enviado por móvil,20 comentarios,España
Vitoria,Escrito en 23 de mayo de 2025,"8,0",Maite,"Muy pocos detalles en el apartamento, menaje escueto, no dejan ni un rollo de servilletas por si lo puedes necesitar.",La limpieza y la ubicación. Decorado con gusto.,Viaje de ocio | Grupo de amigos | Apartamento de 1 dormitorio | Estancia de 1 noche | Enviado por móvil,27 comentarios,España
Vitoria,Escrito en 22 de mayo de 2025,"9,0",Jose,,"El apartamento, la ubicación y la app del apartamento",Viaje de ocio | Familia con niños pequeños | Apartamento Estudio | Estancia de 2 noches | Enviado por móvil,,
Vitoria,Escrito en 21 de mayo de 2025,"9,0",Paya,No había fregona ni escoba y recogedor y falta de mantenimiento,Estaba muy limpio  es cómodo y muy centrico,Familia con niños pequeños | Apartamento Estudio | Estancia de 5 noches | Enviado por móvil,2 comentarios,España
Vitoria,Escrito en 21 de mayo de 2025,"7,0",Silvia,EL sofa-cama del apartamento resultó muy incómodo.,"Lo mejor fue la ubicación, facilidad en contactar con el alojamiento y la atención del personal. La amplitud de las habitaciones y luminosidad un plus.",Viaje de ocio | Familia con niños pequeños | Apartamento de 1 dormitorio | Estancia de 1 noche,31 comentarios,España
Vitoria,Escrito en 21 de mayo de 2025,"9,0",Dolores,Todo bien,"El alojamiento en si y la ubicación ...la limpieza,todo muy nuevo",Viaje de ocio | Pareja | Apartamento de 1 dormitorio | Estancia de 1 noche | Enviado por móvil,9 comentarios,España
Vitoria,Escrito en 19 de mayo de 2025,"9,0",Jose,"Echamos en falta mocho, recogedor y escoba para la limpieza 🧹 del apartamento o quizá un pequeño aspirador.
Bastante complicado aparcar en la zona.","La ubicación, muy cerca del centro y al lado de un Supermercado. La cama amplia y muy cómoda.",Viaje de ocio | Pareja | Apartamento de 1 dormitorio | Estancia de 3 noches | Enviado por móvil,18 comentarios,España
Vitoria,Escrito en 15 de mayo de 2025,"8,0",Tomas,Que en las imágenes de la reserva el apartamento tenía terraza y en realidad no la tenía.,Ubicacion,Viaje de ocio | Familia con niños pequeños | Apartamento Estudio | Estancia de 1 noche | Enviado por móvil,11 comentarios,España
Vitoria,Escrito en 15 de mayo de 2025,10,Ariadna,me gustó todo de este apartamento.,apartamento muy nuevo. todo en perfecto estado. limpieza espectacular. moderno y luminoso. bien equipado. tiene un día justo encima que facilita poder comprar. se aparca en la calle sin pagar.,Viaje de ocio | Familia con niños pequeños | Apartamento de 2 dormitorios | Estancia de 1 noche | Enviado por móvil,37 comentarios,España
Vitoria,Escrito en 14 de mayo de 2025,10,Patricia,nada,"nos gustó mucho el alojamiento. Tenía de todo, muy completo. Las camas muy cómodas y cerca del centro.hay supermercados cerca y muchos bares y tiendas.nos dejaron un detalle al llegar y se agradece.volveremos sin duda.",Viaje de ocio | Familia con niños pequeños | Apartamento de 1 dormitorio | Estancia de 1 noche,26 comentarios,España
Vitoria,Escrito en 12 de mayo de 2025,"9,0",Julio,El sofá cama un poco incómodo,La ubicación,Viaje de ocio | Grupo | Apartamento de 1 dormitorio | Estancia de 2 noches | Enviado por móvil,17 comentarios,España
Vitoria,Escrito en 12 de mayo de 2025,10,Inéscg19,,"La ubicación era perfecta, en el centro de la ciudad.",Viaje de ocio | Familia con niños pequeños | Apartamento de 1 dormitorio | Estancia de 3 noches | Enviado por móvil,,
Vitoria,Escrito en 12 de mayo de 2025,"8,0",Alvaizq,"El precio, no sé si era por la maratón pero, a pesar de estar muy bien, me parece un precio exagerado.","La ubicación, muy cerca del centro pero zona tranquila. Todo muy limpio y ordenado. Se nota desgaste en la habitación pero nada fuera de lo normal.",Viaje de ocio | Familia con niños pequeños | Apartamento de 1 dormitorio | Estancia de 1 noche,23 comentarios,España
Vitoria,Escrito en 12 de mayo de 2025,10,Eder,El sofá cama quizás era demasiado básico para el precio pagado,"Todas las estancias, la facilidad de contactar con personal del hotel y la limpieza",Viaje de ocio | Familia con niños pequeños | Apartamento de 1 dormitorio | Estancia de 1 noche | Enviado por móvil,50 comentarios,España
Vitoria,Escrito en 11 de mayo de 2025,"8,0",Noelia,"el horario de check in a las 15, pero si pagas puedes entrar a las 12. y check out a las 11, pero pagando puedes salir más tarde....la calefacción no se podía bajar, había 25°C en la habitación y no tuvimos manera de bajarla.",el apartamento tenía todo lo necesario y era muy bonito.,Viaje de ocio | Familia con niños pequeños | Apartamento de 1 dormitorio | Estancia de 1 noche | Enviado por móvil,12 comentarios,España
Vitoria,Escrito en 10 de mayo de 2025,10,Andreina,El sofá el salón sus asientos estaban un poco dañados,Cocina y baños 10/10,Viaje de ocio | Familia con niños pequeños | Apartamento de 2 dormitorios | Estancia de 1 noche | Enviado por móvil,4 comentarios,España
Vitoria,Escrito en 9 de mayo de 2025,10,Gutiérrez,,"Todo, la limpieza,la comodidad,la ubicación",Viaje de ocio | Familia con niños pequeños | Apartamento de 1 dormitorio | Estancia de 1 noche | Enviado por móvil,,
Vitoria,Escrito en 9 de mayo de 2025,"8,0",M,"Es sistema de check in va muy mal, es desesperante, el link y la web no funcionaban bien, menos mal que salió de un cuarto en la entrada uno de los personal y nos lo hizo través de su tablet.","Limpieza y comodidad, incluso la localización",Viaje de ocio | Pareja | Apartamento de 1 dormitorio | Estancia de 1 noche | Enviado por móvil,18 comentarios,España
Vitoria,Escrito en 7 de mayo de 2025,10,Pedro,,Funcionalidad y ubicación.,Viaje de ocio | Familia con niños pequeños | Apartamento Estudio | Estancia de 2 noches | Enviado por móvil,,
Vitoria,Escrito en 12 de marzo de 2025,"9,0",Juan,No funcionaba la entrada al hotel con el teléfono. Hemos tenido que acceder con el código. En la habitación sí funcionaba bien,El equipamiento de la habitación y poner llevar el perrito,Viaje de ocio | Pareja | Apartamento Estudio | Estancia de 1 noche | Enviado por móvil,7 comentarios,España
Vitoria,Escrito en 10 de marzo de 2025,"9,0",Pedro,,"Alojamiento, desayuno y parking",Viaje de ocio | Familia con niños pequeños | Apartamento de 1 dormitorio | Estancia de 2 noches | Enviado por móvil,,
Vitoria,Escrito en 8 de marzo de 2025,"8,0",Macarena,"Falta de servilletas/papel cocina y algunos básicos como aceite,sal, vinagre. Falta consigna equipaje","Localización, la habitación y la disposición. Pusieron todo lo necesario oara nuestro bebé, tanto cuna como trona. Genial",Viaje de ocio | Familia con niños pequeños | Apartamento de 1 dormitorio | Estancia de 1 noche | Enviado por móvil,4 comentarios,España
Vitoria,Escrito en 5 de marzo de 2025,10,Daniel,La ausencia de mampara en la ducha,La ubicación y la limpieza,Viaje de ocio | Familia con niños pequeños | Apartamento Estudio | Estancia de 4 noches | Enviado por móvil,56 comentarios,España
Vitoria,Escrito en 3 de marzo de 2025,"7,0",Carlos,"Poca o ninguna flexibilidad en los horarios. Después de pagar 24h de parking, tienes q salir antes de las 11:00La relación calidad/precio no se corresponde",La ubicación y la facilidad para el chekin,Viaje de ocio | Pareja | Apartamento de 1 dormitorio | Estancia de 1 noche | Enviado por móvil,116 comentarios,España
Vitoria,Escrito en 3 de marzo de 2025,"7,0",Teresa,"Nuestra cama se movía mucho porque tenía las patas sueltas. Las almohadas son muy incómodas, extremadamente finas. Los apartamentos no estan preparados del todo ya que por ejemplo en la cocina apenas hay enchufes (tuvimos que enchufar el tostador en el mueble de la tele y la cafetera en un enchufe a la altura del suelo ya que en la encimera no había ningún enchufe). Las ventanas no se pueden abrir completamente, lo que dificulta que se pueda ventilar. El resto de las estancias estan muy bien y en general los apartamentos son cómodos y amplios.",Los apartamentos son cómodos y el acceso a las instalaciones es muy sencillo. La limpieza es óptima y los baños son amplios y cómodos; estan muy bien equipados. El apartamento en general está bien.,Viaje de ocio | Grupo | Apartamento de 2 dormitorios | Estancia de 2 noches,5 comentarios,España
Vitoria,Escrito en 2 de marzo de 2025,"7,0",Pablo,"Demasiado olor a ambientador al entrar para disimular olores. Limpieza mejorable: machas en el suelo de nuestro apartamento y no habían lavado una toalla, que estaba totalmente sucia dentro de un cajón (seguramente no lo habría visto el personal de limpieza).","Muy buena ubicación y apartamentos, por norma general, bien cuidados",Viaje de ocio | Familia con niños pequeños | Apartamento de 1 dormitorio | Estancia de 2 noches | Enviado por móvil,1 comentario,España
Vitoria,Escrito en 2 de marzo de 2025,"9,0",Jose,El sofá cama era incómodo,Estaba todo limpio y amplio y bien equipado,Viaje de ocio | Grupo de amigos | Apartamento de 1 dormitorio | Estancia de 1 noche | Enviado por móvil,11 comentarios,España
Vitoria,Escrito en 1 de marzo de 2025,"8,0",Aitor,Que el sofá cama estaba roto. Y al que le tocó el sofá-cama no pudo descansar en condiciones óptimas.,Que tiene dos baños.,Viaje de ocio | Grupo de amigos | Apartamento de 2 dormitorios | Estancia de 1 noche | Enviado por móvil,6 comentarios,España
Vitoria,Escrito en 27 de febrero de 2025,"8,0",Alicia,La cama me resultó incómoda,"Perfecta ubicación Habitaciones tranquilas, sin ruido Todo muy limpioFácil acceso",Viaje de ocio | Familia con niños pequeños | Apartamento de 1 dormitorio | Estancia de 3 noches | Enviado por móvil,6 comentarios,España
Vitoria,Escrito en 27 de febrero de 2025,10,Eworo,El checkin,Todo,Viaje de ocio | Pareja | Apartamento de 1 dormitorio | Estancia de 1 noche | Enviado por móvil,5 comentarios,Reino Unido
Vitoria,Escrito en 26 de febrero de 2025,"9,0",Ruben,,"La habitación estaba limpia, y el baño también. Tiene servicios alrededor es fácil hacer el check in. Repetiremos seguro. Un acierto",Viaje de ocio | Familia con niños pequeños | Apartamento de 1 dormitorio | Estancia de 1 noche | Enviado por móvil,,
Vitoria,Escrito en 25 de febrero de 2025,10,Vanesa,,"Es cómodo, moderno y bien ubicado. Tiene alrededor mucho parking gratuito",Viaje de ocio | Pareja | Apartamento Estudio | Estancia de 1 noche | Enviado por móvil,,
Vitoria,Escrito en 24 de febrero de 2025,10,Naiara,,"Apartamento amplio, impecable y en una ubicación perfecta, a un paso de cebra de la parte vieja pero en una zona muy tranquila para descansar bien por la noche. Tenía todo lo necesario para unas vacaciones. Repetiría y lo recomendaría seguro. Parking de pago en el mismo edificio, lo que facilita la llegada y salida.",Viaje de ocio | Familia con niños pequeños | Apartamento de 1 dormitorio | Estancia de 2 noches | Enviado por móvil,,
Vitoria,Escrito en 23 de febrero de 2025,"8,0",Sai0a,"Los pocos ascensores de los que dispone para tantos apartamentos. Que no haya nadie por su surge algo es otra de las cosas que a mí personalmente no me gusta pero todo ha ido genial con el código que se proporciona.",La ubicación del apartamento,Viaje de ocio | Pareja | Apartamento Estudio | Estancia de 2 noches | Enviado por móvil,2 comentarios,España
Vitoria,Escrito en 23 de febrero de 2025,"9,0",Laia,,Es pequeño pero tiene de todo.,Viaje de ocio | Grupo | Apartamento de 1 dormitorio | Estancia de 1 noche | Enviado por móvil,,
Vitoria,Escrito en 21 de febrero de 2025,"8,0",María,"La tele no es smart tv. Fueron hospitalarios y considero que la atención fue adecuada excepto por varios detalles con los que abusaron de confianza: se cobraron el early check-in por sólo consultarlo y, estando allí pedí el kit de limpieza que se les olvidó dejarme, me dijeron que subirían, esperé bastantes horas y finalmente entraron mientras estaba durmiendo sin previo aviso.",Comodidad del sofá y cama. Mobiliario y apartamento muy nuevo. Las ventanas insonorizan muy bien para ser una avenida con mucho tráfico. El agua de la ducha sale caliente rápido. El aire acondicionado centralizado suma mucho. El casco viejo queda muy cerca y realmente el apartamento está muy bien comunicado con el resto de la ciudad.,Viaje de ocio | Persona que viaja sola | Apartamento de 1 dormitorio | Estancia de 2 noches | Enviado por móvil,20 comentarios,España
Vitoria,Escrito en 21 de febrero de 2025,"7,0",Alzate,"El día anterior pido que miren a ver si hay posibilidad de alargar la hora de salida de las 11am a las 14pm (es una opción que tienen si pagas 15€), lo hacen delante de mi y me confirman que si se puede sin problema, así que me cobran y todo perfecto hasta aquí. Al día siguiente, me llaman a las 10:30 diciéndome que había habido una confusión y un problema con el sistema y que no puedo quedarme hasta las 14pm. A lo cual respondí medio dormida, entre que me quedé otra vez dormida y recogia me dieron las 12 del mediodía mas o menos y me cobran una penalización de 45€ por salir mas tarde. Ósea, tienen un error y encima de que pretenden que me vaya corriendo a prisas de la habitación todavía me cobran por no haber salido a la hora habiendo sido de ellos el problema, enfin.",,Viaje de ocio | Persona que viaja sola | Apartamento con terraza | Estancia de 1 noche | Enviado por móvil,4 comentarios,España
Vitoria,Escrito en 20 de febrero de 2025,10,Manuel,Nada,Todo,Viaje de ocio | Grupo | Apartamento Ático | Estancia de 5 noches | Enviado por móvil,12 comentarios,España
Vitoria,Escrito en 20 de febrero de 2025,"8,0",Andrea,"- En la alarma de incendios del techo había un calcetín puesto… entiendo que el personal de limpieza no hizo el trabajo en profundidad 
- No se pueden dejar las maletas, aunque haya un chico nos dijo que nos buscáramos la vida",Muy nuevo y bien equipado,Viaje de ocio | Pareja | Apartamento de 1 dormitorio | Estancia de 2 noches | Enviado por móvil,10 comentarios,España
Vitoria,Escrito en 20 de febrero de 2025,"8,0",Elena,Dificultad para la entrada con el código muy lioso,Mucho,Viaje de ocio | Familia con niños pequeños | Apartamento de 1 dormitorio | Estancia de 1 noche | Enviado por móvil,6 comentarios,España
Vitoria,Escrito en 20 de febrero de 2025,"9,0",Iñigo,Nada,Estaba todo perfecto,Viaje de ocio | Pareja | Apartamento de 1 dormitorio | Estancia de 1 noche | Enviado por móvil,12 comentarios,España
Vitoria,Escrito en 19 de febrero de 2025,"7,0",Merce,No me gustó que tener que hacer el checking  obligstoriamente antes de llegar para que me diesen el código de la habitación. Si por cualquier motivo no puedo hacer ese checking ¿que me quedo en la calle?,,Viaje de ocio | Pareja | Apartamento de 1 dormitorio | Estancia de 1 noche | Enviado por móvil,35 comentarios,España
Vitoria,Escrito en 19 de febrero de 2025,"9,0",Seba,"Solo deben advertir que la distancia del techo a la cama dos plazas qué se encuentra arriba es de tan solo 1-1,2mts.","La zona, la ubicación.",Viaje de ocio | Familia con niños pequeños | Apartamento de 1 dormitorio | Estancia de 1 noche | Enviado por móvil,29 comentarios,Argentina
Vitoria,Escrito en 22 de enero de 2025,10,Diego,"Es un edificio automatizado, entras con código. No hay nadie en recepción.  Eso sí, llamamos porque no conseguíamos que arrancara el aire caliente y en unos minutos vinieron al apartamento","La situación, la limpieza, la relación calidad- precio. Todo excelente",Viaje de ocio | Familia con niños pequeños | Apartamento de 1 dormitorio | Estancia de 1 noche | Enviado por móvil,14 comentarios,España
Vitoria,Escrito en 21 de enero de 2025,"7,0",Gloria,"El baño muy pequeño en proporción a la habitación,hace perder calidad.","Me gustó la limpieza y que fuera un piso alto.El silencio  y la comodidad de la cama de esa habitación.",Viaje de negocios | Persona que viaja sola | Apartamento Estudio | Estancia de 1 noche | Enviado por móvil,24 comentarios,España
Vitoria,Escrito en 20 de enero de 2025,"7,0",Adrian,"La tv no está conectada a internet y no hay espacio para poder conectar el hdmi.
Por otro lado, no nos cambiaron las toallas en 4 días.
No tenían fregona, al ser ducha abierta se agradecería","La ubicación
La accesibilidad",Viaje de ocio | Pareja | Apartamento Estudio | Estancia de 3 noches | Enviado por móvil,8 comentarios,España
Vitoria,Escrito en 20 de enero de 2025,"8,0",Barmi08,"El sofá, era sofá cama, muy incómodo, hasta para sentarse.
Que la tele no tenga Internet , ni la opción de poder poner un Netflix, Amazon video, etc..
Que te engañen por wasap, que para aparcar es difícil porque es una zona peatonal, para que cojas parking,  y que luego veas que se puede aparcar gratis y sin problemas.
Que te cobren 20e por noche, por traer tu mascota, alegando que el suplemento es por la limpieza extra y que luego, no pasen ni un solo dia a ordenar/limpiar, el apartamento.. 3 noches nos costaron 75 por persona y pagamos 60e por mi perra.. Es un absurdo !!!","El apartamento muy completo. 
Muy buena ubicación.
Cama cómoda 
Zona de aparcamiento gratis por la zona",Viaje de ocio | Familia con niños pequeños | Apartamento de 1 dormitorio | Estancia de 3 noches | Enviado por móvil,68 comentarios,España
Vitoria,Escrito en 19 de enero de 2025,"8,0",María,Difícil a entrada cos códigos,O amplo espazo.,Viaje de ocio | Familia con niños pequeños | Apartamento de 1 dormitorio | Estancia de 2 noches | Enviado por móvil,2 comentarios,España
Vitoria,Escrito en 18 de enero de 2025,10,Maria,,"Muy buena ubicación,cerca hay de todo comercios, transporte, restaurantes.Si te surge alguna consulta contestan muy rápido por whatsApp. Una estadía estupenda ☺️",Viaje de ocio | Persona que viaja sola | Apartamento de 1 dormitorio | Estancia de 2 noches | Enviado por móvil,,
Vitoria,Escrito en 18 de enero de 2025,10,Funandplay,Todo,Todo muy limpio y nuevo. Muy centrico,Familia con niños pequeños | Apartamento de 1 dormitorio | Estancia de 1 noche | Enviado por móvil,8 comentarios,España
Vitoria,Escrito en 17 de enero de 2025,"9,0",Susana,"Qué no me recibiera nadie, estar pendiente del móvil y el mail para entrar",,Viaje de ocio | Pareja | Apartamento de 1 dormitorio | Estancia de 1 noche | Enviado por móvil,3 comentarios,España
Vitoria,Escrito en 17 de enero de 2025,10,Maria,Lo único que no me gustó es el sofá cama q tienen es super incómodo para dormir ahí.,"Está genial, lo recomiendo!!! Muy limpio y calidad precio de 10. Y el desayuno está genial, lo recomiendo.",Familia con niños pequeños | Apartamento de 1 dormitorio | Estancia de 1 noche | Enviado por móvil,17 comentarios,España
Vitoria,Escrito en 16 de enero de 2025,10,Ikuska,"Haría falta una manta extra.
El termostato es difícil de entender.
La TV no tiene acceso a las apps de Samsung para poder ver Netflix por ejemplo, porque está capada, no veo la necesidad.","Todo perfecto 
Me encanta la cantidad de almohadas de la habitación",Viaje de ocio | Pareja | Apartamento de 1 dormitorio | Estancia de 3 noches | Enviado por móvil,31 comentarios,España
Vitoria,Escrito en 15 de enero de 2025,"8,0",Antonio,"La rigidez en horarios de entrada y salida al ser todo automatizado, no vimos en ningún momento a nadie, si querías entrar un poco antes tenías que pagar un extra de 15€ (la entrada es a las 15:00).No había jabón en la ducha y no pudimos decirlo a nadie.","Ubicación,  comodidad,  limpieza,  terraza muy buena,  moderno, equipado",Viaje de ocio | Pareja | Apartamento de 1 dormitorio | Estancia de 1 noche | Enviado por móvil,34 comentarios,España
Vitoria,Escrito en 15 de enero de 2025,"9,0",José,,"Amplitud, ubicación y limpieza",Familia con niños pequeños | Apartamento de 2 dormitorios | Estancia de 1 noche | Enviado por móvil,,
Vitoria,Escrito en 14 de enero de 2025,10,Colmenares,Todo fue el mejor todo confort me encantó lo recomiendo 💯,Todooo fue el mejor que he estado,Viaje de ocio | Familia con niños pequeños | Apartamento de 2 dormitorios | Estancia de 2 noches | Enviado por móvil,2 comentarios,España
Vitoria,Escrito en 14 de enero de 2025,"8,0",Regina,"No me gusta y lo hacen ya en la mayoría de los hoteles y casas, que como ropa de cama pongan sólo FUNDA NÓRDICA sustituyendo las colchas... para mi, dan demasiado calor y no hay otra opción, o te axfisias con la funda nórdica o pasas frío solo con la sábana. Me gustaría que pusieran otro tipo de ropa de cama, como colcha tradicional o mantita para las personas que pasamos calor y que no queremos pasar frio. Y eso que apagamos la calefacción... En mi opinión es excesivo lo nórdico...","El apartamento cumplió nuestras expectativas. Cerca del centro y con paradas de tranvía cerca. El barrio estupendo, y con un supermercado DIA justo al lado. Cocina con todo lo necesario: platos, copas, vasos, tazas... tostadora de pan y cafetera de cápsulas. Baño completo y con secador de pelo. Salita de estar con sofá, televisión y un sillón de lectura al lado de la ventana que permite pasar un rato viendo la calle principal. Hay una mesa redonda con 2 sillas para los desayunos/comidas... El dormitorio con 2 camas juntas, cómodas. Calefacción en el apartamento. Las fotos reflejan lo que es. Estupendo.",Viaje de ocio | Pareja | Apartamento de 1 dormitorio | Estancia de 3 noches,15 comentarios,España
Vitoria,Escrito en 11 de enero de 2025,10,Malara,Nada,Todo,Viaje de ocio | Pareja | Apartamento Estudio | Estancia de 2 noches | Enviado por móvil,5 comentarios,España
Vitoria,Escrito en 7 de enero de 2025,"7,0",Sebastian,"Necestita algun arreglo, cortinas con agujeros, tapa wc rota...","Buena ubicación, comodo y amplio",Viaje de ocio | Familia con niños pequeños | Apartamento de 1 dormitorio | Estancia de 3 noches | Enviado por móvil,22 comentarios,España
Vitoria,Escrito en 7 de enero de 2025,"8,0",Olga,Faltaba limpieza y uno de los baños tenía olor muy desagradable a tuberías,La ubicación y que era grande,Viaje de ocio | Familia con niños pequeños | Apartamento de 2 dormitorios | Estancia de 3 noches | Enviado por móvil,29 comentarios,España
Vitoria,Escrito en 7 de enero de 2025,"8,0",Ana,Almohadas incómodas.,La decoración y limpieza,Viaje de ocio | Familia con niños pequeños | Apartamento de 1 dormitorio | Estancia de 1 noche | Enviado por móvil,31 comentarios,España
Vitoria,Escrito en 6 de enero de 2025,10,T,Me habría gustado que hubiera dos camas individuales en vez de sofá cama.,,Viaje de ocio | Familia con niños pequeños | Apartamento de 1 dormitorio | Estancia de 4 noches | Enviado por móvil,2 comentarios,España
Vitoria,Escrito en 6 de enero de 2025,"9,0",Tomás,,"Súper limpio , cómodo y ubicación perfecta.",Viaje de ocio | Familia con niños pequeños | Apartamento con terraza | Estancia de 1 noche | Enviado por móvil,,
Vitoria,Escrito en 6 de enero de 2025,10,Inmaculada,Colchón del sofá cama incómodo y apenas luz en el cuarto de baño. No posibilidad de una segunda almohada aunque la ped.í,"Ubicación, limpieza, posibilidad de parking. Útiles de cocina y electrodomésticos completos. Nuevo todo",Familia con niños pequeños | Apartamento de 1 dormitorio | Estancia de 1 noche | Enviado por móvil,31 comentarios,España
Vitoria,Escrito en 5 de enero de 2025,10,Sonia,.,Todo perfecto,Viaje de ocio | Grupo de amigos | Apartamento de 2 dormitorios | Estancia de 1 noche | Enviado por móvil,39 comentarios,España
Vitoria,Escrito en 5 de enero de 2025,10,Mauro,,"La ubicación, y el apartamento en general muy bien equipado!",Viaje de ocio | Familia con niños pequeños | Apartamento de 1 dormitorio | Estancia de 1 noche | Enviado por móvil,,
Vitoria,Escrito en 5 de enero de 2025,"9,0",Virginia,"Todo me gustó pero si tengo que poner algo sería que hace mucho calor y las ventanas solo son oscilobatientes
El colchón del sofá cama muy fino",Esta muy bien todo,Viaje de ocio | Familia con niños pequeños | Apartamento de 1 dormitorio | Estancia de 1 noche | Enviado por móvil,19 comentarios,España
Vitoria,Escrito en 5 de enero de 2025,10,Aurèlia,"El apartamento es para 4 personas, pero pensado para dos, ya que. solo tiene dos sillas y dos taburetes para comer y el sofá cama estaba ya muy usado y bastante incómodo para dormir!
Tenía bastantes utensilios de cocina pero sin tazas de café.
La llave electrónica fallaba en la puerta principal un poco rollo pero introducías los números manualmente y al segundo intento funcionaba, también sino había una persona para ayudarte con el código de entrada.","Todo perfecto, muy limpio y confortable.
A 10’ del centro con el tranvía. 
Todo automático y mecanizado que funcionó a la perfección.",Viaje de ocio | Grupo de amigos | Apartamento de 1 dormitorio | Estancia de 5 noches | Enviado por móvil,76 comentarios,España
Vitoria,Escrito en 14 de noviembre de 2024,"9,0",Isabel,La cama,"La ubicación, el apartamento en general y los detalles de bienvenida",Viaje de ocio | Familia con niños pequeños | Apartamento de 1 dormitorio | Estancia de 1 noche | Enviado por móvil,21 comentarios,España
Vitoria,Escrito en 13 de noviembre de 2024,"8,0",Irene,La cama un poco incómoda.,Es un apartamento amplio y espacioso. Muy cerca del centro y muy bien equipado.,Viaje de ocio | Pareja | Apartamento de 1 dormitorio | Estancia de 1 noche | Enviado por móvil,10 comentarios,España
Vitoria,Escrito en 13 de noviembre de 2024,"9,0",Beatrizc84,"Echamos en falta q la TV tuviera netflix, prime, o alguna de estas. La cocina tenía todo lo necesario excepto algún cuchillo que cortará. Los que hay son malisimos. Y también nos falto una cafetera de las que no son de cápsulas, una italiana de toda la vida. La que hay te limita. Y por último comentar que quizás de precio esta algo caro, más de 100€ la noche en temporada baja.","Apartamento nuevo, con muy buena ubicación, a 13 min andando del centro. En avenida con muchos comercios y restaurantes. Un supermercado día justo al lado. Luminoso, limpio, amplio para 2 personas.",Viaje de ocio | Pareja | Apartamento de 1 dormitorio | Estancia de 3 noches | Enviado por móvil,15 comentarios,España
Vitoria,Escrito en 11 de noviembre de 2024,10,Rafael,,"Todo perfecto, incluido el aparcamiento.",Viaje de ocio | Familia con niños pequeños | Apartamento de 1 dormitorio | Estancia de 3 noches | Enviado por móvil,,
Vitoria,Escrito en 11 de noviembre de 2024,"9,0",Raquel,Las almohadas de la cama eran demasiado finas y el colchón del sofá cama con poco grosor,"El alojamiento estaba muy bien ubicado, a 10 minutos del centro histórico. Estaba bien equipado y era bastante nuevo todo",Viaje de ocio | Grupo | Apartamento de 1 dormitorio | Estancia de 2 noches | Enviado por móvil,16 comentarios,España
Vitoria,Escrito en 11 de noviembre de 2024,10,Maria,"Me da pena que no haya personal, aunque tengo que decir que todo funcionó muy bien",La habitación y su ubicación,Viaje de ocio | Pareja | Apartamento Estudio | Estancia de 1 noche | Enviado por móvil,7 comentarios,España
Vitoria,Escrito en 9 de noviembre de 2024,10,Angel,,,Viaje de negocios | Pareja | Apartamento Estudio | Estancia de 1 noche | Enviado por móvil,,
Vitoria,Escrito en 8 de noviembre de 2024,"8,0",Ana,,Si,Grupo de amigos | Apartamento Estudio | Estancia de 1 noche | Enviado por móvil,,
Vitoria,Escrito en 6 de noviembre de 2024,10,Sara,Nada,"La limpieza y la comodidad, bastante bien equipado!!",Viaje de ocio | Familia con niños pequeños | Apartamento de 1 dormitorio | Estancia de 1 noche | Enviado por móvil,8 comentarios,Francia
Vitoria,Escrito en 6 de noviembre de 2024,"9,0",María,"La cama horrible, todo lo demás estupendo y maravilloso pero cero descanso",Todo menos la cama.,Viaje de ocio | Pareja | Apartamento de 1 dormitorio | Estancia de 1 noche | Enviado por móvil,17 comentarios,España
Vitoria,Escrito en 6 de noviembre de 2024,"9,0",Susana,Falta una tostadora de pan. No se podía abrir la ventana de la habitación.,¡Apartamento muy equipado y muy amplio! Me encanta alojarme ahí cada vez que voy a Vitoria.,Viaje de negocios | Persona que viaja sola | Apartamento de 1 dormitorio | Estancia de 1 noche,71 comentarios,Francia
Vitoria,Escrito en 6 de noviembre de 2024,"8,0",Mauro,"Por fechas, posiblemente estaba más caro de lo normal","Está cerca de lo que me interesaba, apartamentos limpios y cómodos",Viaje de ocio | Pareja | Apartamento de 1 dormitorio | Estancia de 1 noche | Enviado por móvil,9 comentarios,España
Vitoria,Escrito en 6 de noviembre de 2024,"8,0",Alicia,El sofá era un poco incómodo lo demás estaba muy bien.,"Fue muy cómodo hacer el check in y la recepción estaba 24 horas. Estaba todo digitalizado, respondían rápido y la ubicación del apartamento estaba muy bien. Además nos dejaron un detalle de bienvenida",Viaje de ocio | Pareja | Apartamento de 1 dormitorio | Estancia de 2 noches | Enviado por móvil,18 comentarios,España
Vitoria,Escrito en 5 de noviembre de 2024,10,Rafael,,El apartamento es grande y está muy limpio. El desayuno muy bueno y completo,Viaje de ocio | Pareja | Apartamento de 1 dormitorio | Estancia de 1 noche | Enviado por móvil,,
Vitoria,Escrito en 5 de noviembre de 2024,"9,0",Jorge,,"El desayuno está ubicado frente al apartamento, no es todo lo cómodo que debería ser.",Viaje de ocio | Pareja | Apartamento de 1 dormitorio | Estancia de 3 noches,,
Vitoria,Escrito en 4 de noviembre de 2024,"9,0",Merce,,"Todo: ubicación, limpieza, camas cómodas con sábanas y toallas de excelente calidad. Muchos detalles. 
Además un agradecimiento a su personal por su profesionalidad y rapidez en gestionar cualquier solicitud. Aunque es todo on line hay personal en el edificio y la atención es excelente. Accesibilidad total.",Viaje de ocio | Pareja | Apartamento Estudio | Estancia de 2 noches | Enviado por móvil,,
Vitoria,Escrito en 4 de noviembre de 2024,10,Leyre,Sofá cama algo incómodo para dormir y pasamos bastante calor en el apartamento pese a ser el mes de Octubre.,Apartamento muy completo.,Viaje de ocio | Familia con niños pequeños | Apartamento de 1 dormitorio | Estancia de 3 noches | Enviado por móvil,7 comentarios,España
Vitoria,Escrito en 3 de noviembre de 2024,"8,0",Esther,,"La ubicación es perfecta, está muy cerca del casco antiguo. 
El apartamento impecable, el único problema es que en el baño no había mampara de ducha ni cortina, con lo que la ducha está abierta totalmente .",Viaje de ocio | Familia con niños pequeños | Apartamento Estudio | Estancia de 1 noche | Enviado por móvil,,
Vitoria,Escrito en 3 de noviembre de 2024,10,Santiago,"Agua Caliente tardaba mucho en llegar al Octavo Piso, y cuando llegaba, lo hacía con poca presión.","La ubicación excelente.
Muy fácil todo el proceso tanto de CheckIn como de ChekOut, como la entrada al hotel y a la habitación.",Viaje de ocio | Grupo de amigos | Apartamento de 1 dormitorio | Estancia de 2 noches | Enviado por móvil,13 comentarios,España
Vitoria,Escrito en 3 de noviembre de 2024,"9,0",Rodriguez,Falta horno,Ubicación y limpieza,Viaje de ocio | Grupo | Apartamento de 1 dormitorio | Estancia de 2 noches | Enviado por móvil,3 comentarios,España
Vitoria,Escrito en 3 de noviembre de 2024,10,Rafael,,Esta impecable y muy bien situado,Viaje de ocio | Pareja | Apartamento de 1 dormitorio | Estancia de 1 noche | Enviado por móvil,,
Vitoria,Escrito en 2 de noviembre de 2024,"8,0",Luque,,Excelente ubicación,Viaje de ocio | Familia con niños pequeños | Apartamento de 1 dormitorio | Estancia de 2 noches | Enviado por móvil,,
Vitoria,Escrito en 2 de noviembre de 2024,"8,0",José,La presión del agua.,Buena atención frente al check-in,Viaje de negocios | Persona que viaja sola | Apartamento Estudio | Estancia de 1 noche,1 comentario,España
Vitoria,Escrito en 2 de noviembre de 2024,"8,0",Patricia,"Quizás el mobiliario está un poco desgastado y poca presión del agua, pero estuvimos a gusto.",La situación y el desayuno.,Viaje de ocio | Pareja | Apartamento de 1 dormitorio | Estancia de 1 noche | Enviado por móvil,25 comentarios,España
Vitoria,Escrito en 30 de octubre de 2024,10,Salvador,,Muy limpio y amplio.,Viaje de ocio | Familia con niños pequeños | Apartamento de 1 dormitorio | Estancia de 1 noche | Enviado por móvil,,
Vitoria,Escrito en 26 de septiembre de 2024,"9,0",Fernandez,La única pega que le pongo al apartamento es el calor que hacía y que el aire acondicionado no funcionaba. Por lo demás todo perfecto.,El desayuno perfecto. Y la ubicación muy buena.,Viaje de ocio | Familia con niños pequeños | Apartamento de 1 dormitorio | Estancia de 2 noches | Enviado por móvil,1 comentario,España
Vitoria,Escrito en 25 de septiembre de 2024,"9,0",Enrique,,"Amplitud, limpieza y ubicación a solo 10min andando del centro",Viaje de ocio | Familia con niños pequeños | Apartamento de 1 dormitorio | Estancia de 2 noches | Enviado por móvil,,
Vitoria,Escrito en 25 de septiembre de 2024,"8,0",Rosa,,"Limpieza, comodidad y Apartamento muy acogedor, con muy buena ubicacion",Viaje de ocio | Grupo | Apartamento de 2 dormitorios | Estancia de 4 noches,,
Vitoria,Escrito en 25 de septiembre de 2024,"7,0",Maiquez,"El sofá cama incomodísimo, a pesar de utilizarlo dos niños con poco peso se hundía.","La ubicación a 5 minutos a pie de la plaza del ayuntamiento.
Apartamento limpio y bien equipado.",Viaje de ocio | Familia con niños pequeños | Apartamento de 1 dormitorio | Estancia de 2 noches | Enviado por móvil,4 comentarios,España
Vitoria,Escrito en 24 de septiembre de 2024,10,Jose,,La situación y las instalaciones en general.,Viaje de ocio | Pareja | Apartamento Estudio | Estancia de 1 noche | Enviado por móvil,,
Vitoria,Escrito en 24 de septiembre de 2024,"8,0",Tamara,Que la tv no tuviera smart tv. Algo de ruido por las noches en la calle porque hay un pub debajo.,"Las instalaciones amplias y limpias.
Ubicación perfecta, cerca del centro y fácil aparcar",Viaje de ocio | Pareja | Apartamento de 1 dormitorio | Estancia de 2 noches | Enviado por móvil,51 comentarios,España
Vitoria,Escrito en 23 de septiembre de 2024,"7,0",Diaz,Se oye a los vecinos,Estaba limpio,Viaje de ocio | Pareja | Apartamento Estudio | Estancia de 3 noches | Enviado por móvil,5 comentarios,España
Vitoria,Escrito en 22 de septiembre de 2024,"8,0",Ana,el cubre colchones tenía 1 mancha de sangre seca y estaba amarillento,El lavabo muy amplio,Viaje de ocio | Familia con niños pequeños | Apartamento de 1 dormitorio | Estancia de 2 noches | Enviado por móvil,8 comentarios,España
Vitoria,Escrito en 22 de septiembre de 2024,10,Nicolai,"Si viajas con mascota, el precio de 20€/noche me parece excesivo, a pesar de que es de los pocos sitios donde te dejan una cama para el animal, comedero y bebedero","Las habitaciones son amplias y muy cómodas, con todo tipo de accesorios. Te dejan un kit de bienvenida con agua y un snack.",Viaje de ocio | Pareja | Apartamento Estudio | Estancia de 1 noche | Enviado por móvil,52 comentarios,España
Vitoria,Escrito en 21 de septiembre de 2024,"9,0",Paloma,,La ubicación y lo completo que era el apartamento,Viaje de ocio | Familia con niños pequeños | Apartamento de 1 dormitorio | Estancia de 1 noche | Enviado por móvil,,
Vitoria,Escrito en 21 de septiembre de 2024,10,Paloma,--,"El apartamento tenía 2 habitaciones y 2 baños, todo impoluto y muy amplio. La cocina completamente equipada. Nos ha parecido tranquilo y las camas comodísimas. Muy bien situado para visitar la ciudad, facilidad de aparcamiento gratuito en los alrededores. Nos hemos quedado encantados con nuestra estancia.",Viaje de ocio | Familia con niños pequeños | Apartamento de 2 dormitorios | Estancia de 1 noche | Enviado por móvil,57 comentarios,España
Vitoria,Escrito en 21 de septiembre de 2024,"9,0",Antonio,,fuimos con mascota y muy comodo el parquing en el mismo edificio,Viaje de ocio | Grupo | Apartamento de 1 dormitorio | Estancia de 1 noche | Enviado por móvil,,
Vitoria,Escrito en 21 de septiembre de 2024,10,Yosleidy,Que la ducha no tenía buen desagüe y el agua se estancaba,"Lo limpio, cómodo y céntrico que estaba",Viaje de ocio | Familia con niños pequeños | Apartamento de 1 dormitorio | Estancia de 2 noches | Enviado por móvil,10 comentarios,España
Vitoria,Escrito en 21 de septiembre de 2024,"8,0",Pedro,Sofá cama incómodo no se notaba estable y faltaba cabecera para la 3 persona,Buena ubicacion,Viaje de ocio | Familia con niños pequeños | Apartamento de 1 dormitorio | Estancia de 2 noches | Enviado por móvil,13 comentarios,España
Vitoria,Escrito en 21 de septiembre de 2024,10,Chelo,"Que no haya empleados, hubo una chica cuando llegamos que nos ayudó con un problema con la tele y ya, nunca vimos a nadie más. La tele dejó  de funcionar al día siguiente.. El sofá cama incomodísimo",Las sábanas de algodón y el desayuno,Viaje de ocio | Familia con niños pequeños | Apartamento de 2 dormitorios | Estancia de 2 noches | Enviado por móvil,12 comentarios,España
Vitoria,Escrito en 20 de septiembre de 2024,10,Fabian,Que no podías usar el aire acondicionado en modo frío porque me contestaron que ya estaban en periodo invernal,Estaba todo impecable,Viaje de ocio | Pareja | Apartamento de 1 dormitorio | Estancia de 5 noches | Enviado por móvil,160 comentarios,Argentina
Vitoria,Escrito en 20 de septiembre de 2024,"8,0",Toni,El baño se inunda cuando te duchas,Apartamento muy completo para el precio,Viaje de ocio | Familia con niños pequeños | Apartamento Estudio | Estancia de 1 noche | Enviado por móvil,29 comentarios,España
Vitoria,Escrito en 18 de septiembre de 2024,"9,0",Maria,Colchones un poco duros,La ubicación y limpieza,Viaje de ocio | Pareja | Apartamento Estudio | Estancia de 3 noches | Enviado por móvil,3 comentarios,España
Vitoria,Escrito en 18 de septiembre de 2024,"9,0",Luis,Nada,"Ubicación excelente, confort, limpieza, supermercado justo al lado, transporte público casi en la puerta.",Viaje de ocio | Pareja | Apartamento de 1 dormitorio | Estancia de 2 noches | Enviado por móvil,18 comentarios,España
Vitoria,Escrito en 18 de septiembre de 2024,10,Susana,El sillón cama muy incómodo,"El apartamento está genial con todo lo que puedas necesitar , tiene una ubicación buenísima estás en el casco histórico en 10 minutos.",Viaje de ocio | Familia con niños pequeños | Apartamento de 1 dormitorio | Estancia de 2 noches | Enviado por móvil,2 comentarios,España
Vitoria,Escrito en 17 de septiembre de 2024,"9,0",Elia,,"La situación, la limpieza y la comodidad.",Viaje de ocio | Familia con niños pequeños | Apartamento de 1 dormitorio | Estancia de 1 noche | Enviado por móvil,,
Vitoria,Escrito en 17 de septiembre de 2024,10,Iratibelas1,,"Es la segunda vez que me quedo aquí y todo genial. El regalo de llegada, un detalle!",Viaje de ocio | Persona que viaja sola | Apartamento Estudio | Estancia de 1 noche | Enviado por móvil,,
Vitoria,Escrito en 17 de septiembre de 2024,10,Adela,Encontrar algunos pelos de mascotas en las colchas,"Muy nuevo y limpio, y las toallas muy suaves, un gusto secarse con ellas.",Viaje de ocio | Pareja | Apartamento de 1 dormitorio | Estancia de 1 noche | Enviado por móvil,24 comentarios,España
Vitoria,Escrito en 17 de septiembre de 2024,10,Ana,Nada,Todo y el regalo de bienvenida han sorpresa!,Viaje de ocio | Familia con niños pequeños | Apartamento de 1 dormitorio | Estancia de 1 noche | Enviado por móvil,30 comentarios,España
Vitoria,Escrito en 16 de septiembre de 2024,10,Mª,"Por poner algún ""pero"":Sofá cama algo incómodo.Más gel/champú en baño el de la zona de la ducha apenas tenía.","La amabilidad del personal.Habitaciones muy limpias, baño grande y con toallas de sobra, almohadas muy cómodas.El detalle del kit de limpieza cocina, patatas y capsulas de café un acierto.La ubicación, muy buena. El barrio tranquilo, cercano al centro y con todo lo necesario muy cerca, a unos metros un DIA.Parking con plazas grandes y aparcabas donde querías.Accesos bien señalizados.",Viaje de ocio | Grupo | Apartamento de 1 dormitorio | Estancia de 2 noches,59 comentarios,España
Vitoria,Escrito en 27 de agosto de 2024,"8,0",Rouzaud,El sofá cama no era cómodo,Muy bonito el apartamento,Viaje de ocio | Familia con niños pequeños | Apartamento de 2 dormitorios | Estancia de 2 noches | Enviado por móvil,9 comentarios,Venezuela
Vitoria,Escrito en 27 de agosto de 2024,"7,0",Mª,El sofá cama era un poco incómodo,La ubicación y el apartamento hacia agradable la estancia,Viaje de ocio | Familia con niños pequeños | Apartamento de 1 dormitorio | Estancia de 1 noche | Enviado por móvil,5 comentarios,España
Vitoria,Escrito en 27 de agosto de 2024,"8,0",Carmen,La limpieza no era óptima y el sofá cama no era cómodo.,"Amplio, luminoso, nuevo y bien equipado",Viaje de ocio | Familia con niños pequeños | Apartamento de 1 dormitorio | Estancia de 1 noche | Enviado por móvil,7 comentarios,España
Vitoria,Escrito en 27 de agosto de 2024,10,Cristóbal,"Por ponerle una pega, las habtiaciones disponen de chromecast para que puedas poenr tus plataformas desde el movil pero tienen el inconveniente que como va a la misma red wifi del edificio entonces cualquier inquilino que esté conectado a la red puede quitarte la serie/película o ponerte otra, lo cual que lo hace totalmente inusable y es una pena. Pero solo por poner una pega, es un sitio genial para quedarse","De los mejores apartahoteles en los que me he quedado. Muy buena opción para quedarte en vitoria. Cerca del centro y se puede aparcar facilmente en las próximidades del apartamento (nosotros fuimos en verano)
Todo tiene una gran calidad, las camas muy comodas, es un sitio en el que se podría vivir una temporada perfectamente sin ningún tipo de problema. Todo complemtanete equipado y encima, te dan hasta un kit de limpieza gratuito el primer día que incluye: trapo, estropajo, bayeta, jabón friegaplatos, una pastilla para el lavavajillas y otra para la lavadora (que también es secadora). Si volvemos a vitoria probablemente reservemos en el mismo sitio porque nos ha gustado muchísimo.",Viaje de ocio | Familia con niños pequeños | Apartamento de 1 dormitorio | Estancia de 2 noches | Enviado por móvil,7 comentarios,España
Vitoria,Escrito en 27 de agosto de 2024,"9,0",El,,Esta limpio  moy cercano a todo  y hay todo  que necesitas  solo  la sofá  no esta cómoda para dormir,Familia con niños pequeños | Apartamento de 1 dormitorio | Estancia de 1 noche | Enviado por móvil,,
Vitoria,Escrito en 27 de agosto de 2024,"7,0",José,"El sofá cama presenta una estructura frágil, lo cual puede resultar incómodo para personas de mayor tamaño.",Esta muy cerca del centro de la ciudad y bien equipado.,Viaje de ocio | Familia con niños pequeños | Apartamento de 2 dormitorios | Estancia de 2 noches | Enviado por móvil,13 comentarios,España
Vitoria,Escrito en 26 de agosto de 2024,"9,0",Canditrece,,Apartamento para disfrutar de el,Viaje de ocio | Familia con niños pequeños | Apartamento de 1 dormitorio | Estancia de 1 noche | Enviado por móvil,,
Vitoria,Escrito en 26 de agosto de 2024,"8,0",Manuel,"Aplicación, la información no es exacta",De 10,Viaje de ocio | Pareja | Apartamento Estudio | Estancia de 3 noches | Enviado por móvil,3 comentarios,España
Vitoria,Escrito en 26 de agosto de 2024,"8,0",Juan,"Que tenia olor a tabaco, imagino que de algún cliente anterior. No me gusto haber elegido pago a la llegada y me cobraron antes.",La ubicación y comodidad. Estaba bastante limpio y ademas te dejaban kits de limpieza con todo lo necesario para alojarte cómodamente. La gestión por la página muy fácil.,Viaje de ocio | Familia con niños pequeños | Apartamento de 1 dormitorio | Estancia de 1 noche | Enviado por móvil,2 comentarios,España
Vitoria,Escrito en 26 de agosto de 2024,"9,0",Francisco,Nada que comentar,Ubicación perfecta cerca de la parte antigua. Parking. Tranquilo. Limpio. Cómodo. Muy bien de precio.,Viaje de ocio | Familia con niños pequeños | Apartamento de 1 dormitorio | Estancia de 3 noches | Enviado por móvil,1 comentario,España
Vitoria,Escrito en 25 de agosto de 2024,"7,0",Sabela,,"Acceso directo parking-habitación.
Supermercado en el local de abajo.",Viaje de ocio | Pareja | Apartamento Estudio | Estancia de 2 noches | Enviado por móvil,,
Vitoria,Escrito en 25 de agosto de 2024,"9,0",Veronica,El sofá cama no era muy cómodo y bastante ruidoso para dormir.,"Apartamento muy cómodo en general y práctico. La ubicación muy buena. Lo que más nos gustó fue el sistema de check-in y el uso de las llaves digitales, lo que facilita el ingreso.",Viaje de ocio | Familia con niños pequeños | Apartamento de 1 dormitorio | Estancia de 4 noches | Enviado por móvil,3 comentarios,España
Vitoria,Escrito en 25 de agosto de 2024,"9,0",Rosa,El sofá- cama un poco incómodo,"Limpieza,  Ubicacion",Viaje de ocio | Familia con niños pequeños | Apartamento de 1 dormitorio | Estancia de 6 noches | Enviado por móvil,30 comentarios,España
Vitoria,Escrito en 25 de agosto de 2024,"7,0",Gloria,,"Estaba limpio y bien situado, el sofá cama del salón para no pegar el ojo.Bastante incómodo.",Viaje de ocio | Familia con niños pequeños | Apartamento de 2 dormitorios | Estancia de 1 noche | Enviado por móvil,,
Vitoria,Escrito en 25 de agosto de 2024,"9,0",Leonor,,"Perfecta ubicación, estancia muy agradable y personal muy atento a nuestras necesidades. Se cumplieron de sobra nuestras expectativas. Muchas gracias!",Persona que viaja sola | Apartamento Estudio | Estancia de 6 noches | Enviado por móvil,,
Vitoria,Escrito en 24 de agosto de 2024,"9,0",Angeles,"El sofá cama era incómodo, se hundía. 
Había determinadas horas en el día en que dos ascensores eran insuficientes, aunque entiendo que esto no depende de la dirección de los apartamentos","La situación era estupenda, la cocina muy bien equipada.
Fácil aparcamiento en el exterior
El personal muy amable",Viaje de ocio | Familia con niños pequeños | Apartamento de 1 dormitorio | Estancia de 7 noches | Enviado por móvil,12 comentarios,España
Vitoria,Escrito en 24 de agosto de 2024,10,Vicente,,"Estuvimos muy cómodos y con un detalle de bienvenida,todo muy limpio y la cocina con utensilios para poder cocinar cualquier alimento.100% recomendable",Viaje de ocio | Familia con niños pequeños | Apartamento de 1 dormitorio | Estancia de 1 noche | Enviado por móvil,,
Vitoria,Escrito en 24 de agosto de 2024,"8,0",Javier,"Sin personal físico 
Check in demasiado tarde ( 15h)
Check out demasiado pronto (11h)","Instalaciones, ubicación, parking",Viaje de ocio | Familia con niños pequeños | Apartamento de 1 dormitorio | Estancia de 1 noche | Enviado por móvil,9 comentarios,España
Vitoria,Escrito en 23 de agosto de 2024,"9,0",M,"La ducha, la no tener cortina ni mampara, se salpicaba todo de agua.","El espacio, aunque reducido, estaba muy bien aprovechado.",Viaje de ocio | Pareja | Apartamento Estudio | Estancia de 5 noches | Enviado por móvil,16 comentarios,España
Vitoria,Escrito en 23 de agosto de 2024,"7,0",Rene,Nada,Ubicación,Viaje de ocio | Familia con niños pequeños | Apartamento de 1 dormitorio | Estancia de 1 noche | Enviado por móvil,23 comentarios,España
Vitoria,Escrito en 23 de agosto de 2024,"8,0",Jose,El sofá cama es bastante incómodo. La cama de la habitación muy cómoda. El resto muy bien todo.,La zona fácil aparcamiento. El apartamento estaba muy bien.,Con una mascota | Viaje de ocio | Familia con niños pequeños | Apartamento de 1 dormitorio | Estancia de 7 noches | Enviado por móvil,15 comentarios,España
Vitoria,Escrito en 23 de agosto de 2024,10,Violeta,,"Es un sitio ideal para alojarte, está nuevo, limpio y es ideal para mascotas",Viaje de ocio | Grupo | Apartamento de 1 dormitorio | Estancia de 4 noches,,
Vitoria,Escrito en 23 de agosto de 2024,"8,0",Joaquín,"Éramos 4 y solo habían 3 almohadas, aunque había cojines no es lo mismo.","Apartamento moderno con detalle de kit de bienvenida con agua, patatas y cápsulas de café.Cerca de tranvía y centro.",Viaje de ocio | Familia con niños pequeños | Apartamento de 1 dormitorio | Estancia de 1 noche | Enviado por móvil,3 comentarios,España
Vitoria,Escrito en 22 de agosto de 2024,10,Olmos,El sofá cama supletorio,Su limpieza y muy bien equipado,Viaje de ocio | Familia con niños pequeños | Apartamento de 1 dormitorio | Estancia de 3 noches | Enviado por móvil,3 comentarios,España
Vitoria,Escrito en 22 de agosto de 2024,"8,0",M,"Todo muy bien, aunque el sofá cama sería mejor de los que le sacas una segunda cama de debajo, el que hay ocupa demasiado espacio, pero te adaptas.","La ubicación. Está a un paso del centro histórico, con sitio para aparcar el coche cerca del hotel. La habitación era cómoda y limpia.",Viaje de ocio | Familia con niños pequeños | Apartamento de 1 dormitorio | Estancia de 4 noches | Enviado por móvil,9 comentarios,España
Vitoria,Escrito en 8 de agosto de 2024,"7,0",Manuel,"La cama sofá mal, incomoda",,Familia con niños pequeños | Apartamento de 1 dormitorio | Estancia de 2 noches | Enviado por móvil,21 comentarios,España
Vitoria,Escrito en 7 de agosto de 2024,"7,0",Jacobo,El sofá cama deberían cambiarlo. Al abrirlo como cama se movía mucho y se levantaba de un lado con el peso y colchón fino. Para el precio que tiene el apartamento no pueden poner ese sofá,La ubicación y la tranquilidad del lugar,Viaje de ocio | Familia con niños pequeños | Apartamento de 1 dormitorio | Estancia de 2 noches | Enviado por móvil,22 comentarios,España
Vitoria,Escrito en 7 de agosto de 2024,10,Jose,Que no hay TV en la habitación y el sofá cama podía ser un poco más cómodo.,"La ubicación perfecta, bastante limpio, con todos los enseres que hace falta para pasar unos días, con el parking debajo del hotel muy cómodo para salir y entrar.",Familia con niños pequeños | Apartamento de 1 dormitorio | Estancia de 6 noches | Enviado por móvil,9 comentarios,España
Vitoria,Escrito en 7 de agosto de 2024,"8,0",Leonardo,,Ubicación,Viaje de ocio | Familia con niños pequeños | Apartamento de 2 dormitorios | Estancia de 5 noches | Enviado por móvil,,
Vitoria,Escrito en 6 de agosto de 2024,10,Susana,No tenemos ninguna queja lo utilizamos solo para dormir y poco más.,"Muy céntrico, limpio y bien equipado.",Viaje de ocio | Familia con niños pequeños | Apartamento de 1 dormitorio | Estancia de 2 noches | Enviado por móvil,4 comentarios,España
Vitoria,Escrito en 5 de agosto de 2024,10,Isabel,,"Muy limpio con todo lo necesario,muy buena ubicacion con todo lo que necesitamos cerca,ideal",Viaje de ocio | Familia con niños pequeños | Apartamento de 1 dormitorio | Estancia de 3 noches | Enviado por móvil,,
Vitoria,Escrito en 5 de agosto de 2024,"8,0",Victor,"Había una butaca en el salón llena de manchas ""raras"" así que ni la tocamos. El sofa-cama es para niños, como intente dormir ahí un adulto a la mañana siguiente tendrán que cambiarle la espalda por una nueva. La cocina bien pero todo está contado: 4 tenedores, 4 cuchillos, 4 cucharas... Hay congelador, cafetera, etc.",La ubicación es perfecta para visitar Vitoria y se aparca relativamente bien por la zona (no es de pago). La habitación está equipada con lo justo pero bien.,Viaje de ocio | Familia con niños pequeños | Apartamento de 1 dormitorio | Estancia de 1 noche | Enviado por móvil,19 comentarios,España
Vitoria,Escrito en 4 de agosto de 2024,"9,0",Juan,,"La ubicación fenomenal (10 minutos andando hasta la Plaza de España). La comodidad del apartamento, fenomenal para familias con niños, mucho mejor que una habitación de hotel. Además, parking en el propio edificio con ascensor directo.
Justo debajo hay un Día para hacer compras, y al lado de una parada de tranvía.",Viaje de ocio | Familia con niños pequeños | Apartamento de 1 dormitorio | Estancia de 2 noches | Enviado por móvil,,
Vitoria,Escrito en 4 de agosto de 2024,10,Isabel,,"Comodidad y diseño Buen emplazamiento",Viaje de ocio | Familia con niños pequeños | Apartamento de 1 dormitorio | Estancia de 1 noche | Enviado por móvil,,
Vitoria,Escrito en 4 de agosto de 2024,10,Alicia,,"Muy nuevo y limpio, cocina muy completa",Viaje de ocio | Familia con niños pequeños | Apartamento de 1 dormitorio | Estancia de 3 noches | Enviado por móvil,,
Vitoria,Escrito en 4 de agosto de 2024,"8,0",Francisco,"Supongo que debimos tenerlo en cuenta porque en la descripción ya se comenta que aceptan mascotas, eso no nos molesta en absoluto pero sí el hecho de que nuestro apartamento oliera a perro muchísimo. Incluso dejando las ventanas abiertas no conseguimos ventilar lo suficiente. Hasta el punto que acabamos comprando un ambientador en el supermercado que hay justo al lado.","La ubicación es excelente, el apartamento es bastante amplio y cómodo. Muy tranquilo a pesar de ser un edificio muy grande, apenas se escucha ningún ruido. En nuestro caso tuvimos el desayuno incluido y muy correcto para el precio que cuesta.",Viaje de ocio | Familia con niños pequeños | Apartamento de 1 dormitorio | Estancia de 1 noche | Enviado por móvil,26 comentarios,España
Vitoria,Escrito en 3 de agosto de 2024,10,Daniel,,Todo perfecto,Viaje de ocio | Familia con niños pequeños | Apartamento de 1 dormitorio | Estancia de 1 noche,,
Vitoria,Escrito en 3 de agosto de 2024,10,Yolanda,Me gustó todo,Comodidad y ubicación,Viaje de ocio | Familia con niños pequeños | Apartamento de 1 dormitorio | Estancia de 6 noches | Enviado por móvil,12 comentarios,España
Vitoria,Escrito en 3 de agosto de 2024,"9,0",Joaquín,"La parte más negativa fue el sofá-cama. Tuvimos que hacer uso de el , ya que íbamos  4 y a parte de dificultar el paso era muy incómodo dormir en el. Llegamos incluso a turnarnos para dormir  ya que sólo se podía descansar bien en la cama. 
Sería el aspecto más negativo de nuestra instancia . 
Por lo demás para repetir .","Las instalaciones de la habitación, muy amplia , luminosa , muy bien equipado y nuevo el apartamento; todo muy limpio y a estrenar el kit de cocina . 
Íbamos con mascota y también tuvo su kit de bienvenida.
El aislamiento acústico perfecto y muy bien ubicado .",Viaje de ocio | Familia con niños pequeños | Apartamento de 1 dormitorio | Estancia de 5 noches | Enviado por móvil,12 comentarios,España
Vitoria,Escrito en 3 de agosto de 2024,"9,0",Ingles,"Por poner algo a mejorar diría que el sofá cama podría ser mejor, mas confortable.","Todo en general muy bien, muy buenos detalles de bienvenida y muy bien situado.",Viaje de ocio | Familia con niños pequeños | Apartamento de 1 dormitorio | Estancia de 1 noche | Enviado por móvil,1 comentario,España
Vitoria,Escrito en 3 de agosto de 2024,"9,0",Susana,,"Moderno, limpio, centrico y practico.",Viaje de ocio | Familia con niños pequeños | Apartamento de 2 dormitorios | Estancia de 2 noches | Enviado por móvil,,
Vitoria,Escrito en 2 de agosto de 2024,10,Reme,No puede señalar ningun aspecto negativo.,"La ubicación buenísima, la limpieza excelente, y el trato del personal excelente. 
Un apartamento a recomendar.",Viaje de ocio | Familia con niños pequeños | Apartamento de 1 dormitorio | Estancia de 4 noches | Enviado por móvil,2 comentarios,España
Vitoria,Escrito en 2 de agosto de 2024,10,María,Nada! Estaba todo bien,La ubicación!,Viaje de ocio | Grupo | Apartamento de 1 dormitorio | Estancia de 1 noche | Enviado por móvil,1 comentario,España
Vitoria,Escrito en 2 de agosto de 2024,"7,0",David,El sofá cama fue horrible. No se sujetaba siendo inestable e incómodo. Me parece muy caro para lo que se ofrece,"El diseño moderno, nuevo, limpio",Viaje de ocio | Familia con niños pequeños | Apartamento de 1 dormitorio | Estancia de 1 noche | Enviado por móvil,11 comentarios,España
Vitoria,Escrito en 1 de agosto de 2024,"7,0",Helena,"Sofá muy ajado e incómodo. Como cama, aunque esta vez no lo he usado, es una tortura.
El menaje de cocina es muy justo","Espacio. Camas muy cómodas. Climatización excelente. Baño amplio y cómodo con buena ducha. Cocina bien resuelta, con lavadora/secadora , lavavajillas y horno",Viaje de ocio | Pareja | Apartamento de 1 dormitorio | Estancia de 6 noches | Enviado por móvil,24 comentarios,España
Vitoria,Escrito en 1 de agosto de 2024,"9,0",Beatrice,Por decir algo: me hubiera gustado que las ventanas se pudieran abrir un poco más... Pero realmente todo es estupendo.,"El apartamento es muy nuevo y cómodo, estupenda la situación. El check in automático funcionó perfectamente. Para 4 personas es una opción ideal.",Viaje de ocio | Familia con niños pequeños | Apartamento de 1 dormitorio | Estancia de 1 noche | Enviado por móvil,28 comentarios,España
Vitoria,Escrito en 30 de julio de 2024,"8,0",Montse,Podría facilitar cápsulas de café de cortesia.,Muy limpio y práctico,Viaje de ocio | Familia con niños pequeños | Apartamento de 1 dormitorio | Estancia de 1 noche | Enviado por móvil,14 comentarios,España
Vitoria,Escrito en 30 de julio de 2024,10,Leticia,,"Iluminación, amplitud y equipamiento muy completo. Ideal para familias con bebés.",Familia con niños pequeños | Apartamento de 1 dormitorio | Estancia de 1 noche | Enviado por móvil,,
Vitoria,Escrito en 30 de julio de 2024,10,Esther,"No es céntrico, pero está en una zona comercial buena y a 10 minutos del centro.","El apartamento está súper nuevo, limpio y totalmente acondicionado con todo tipo de detalles. Es super cómodo estar allí, te sientes en casa.",Viaje de ocio | Familia con niños pequeños | Apartamento de 1 dormitorio | Estancia de 2 noches | Enviado por móvil,15 comentarios,España
Vitoria,Escrito en 30 de julio de 2024,"9,0",Ana,"El sofá cama para dormir necesita una revisión.  Te clavas todo y no lo veo muy estable.  Faltaban dos sillas, ya que éramos 4 y solo había 2 sillas. Supongo que si lo pides te lo darán, pero solo pasaba una noche.","El apartamento es grande,  buena cama,  limpio, y con el suficiente menaje para cuatro personas. Si es cierto que no hay personal en recepción,  pero si escribes por WhatsApp, en mi caso fue así,  te contestan rápido.  Tuve problemas con la entrada al parking y mi código y enseguida lo arreglaron.",Viaje de ocio | Familia con niños pequeños | Apartamento de 1 dormitorio | Estancia de 1 noche | Enviado por móvil,10 comentarios,España
Vitoria,Escrito en 6 de julio de 2024,10,Isabel,"El sofá cama me causó inquietud. El chaval durmió con miedo a que se cerrase. No se si no supimos abrirlo bien o si tenía algún sistema de seguridad que evitase el cierre al moverse, la cuestión es que no durmió tranquilo por ese motivo.",Me pareció un acierto el incluir en el pack de bienvenida 2 cápsulas de café. Por sugerir incluiría también 2 azucarillos. Las camas muy cómodas salvo el sofá cama.,Viaje de ocio | Grupo | Apartamento de 1 dormitorio | Estancia de 1 noche,1 comentario,España
Vitoria,Escrito en 6 de julio de 2024,"7,0",Alejandro,"El sofá-cama fue horrible después de 5 noches acabé con la espalda destrozada imposible descansar bien, una auténtica pena que con lo bien que está el apartamento se lo carguen por no gastar en un sofá en condiciones","El apartamento estaba bien equipado y la ubicación era muy buena, todo limpio 2 baños genial",Viaje de ocio | Familia con niños pequeños | Apartamento de 2 dormitorios | Estancia de 5 noches | Enviado por móvil,2 comentarios,España
Vitoria,Escrito en 5 de julio de 2024,"9,0",Félix,,"La privacidad, la tranquilidad y el sistema de acceso.",Viaje de negocios | Familia con niños pequeños | Apartamento de 1 dormitorio | Estancia de 2 noches | Enviado por móvil,,
Vitoria,Escrito en 4 de julio de 2024,10,Cesca,No habia ni aceite ni sal,La ubicación,Viaje de ocio | Familia con niños pequeños | Apartamento de 1 dormitorio | Estancia de 1 noche | Enviado por móvil,28 comentarios,España
Vitoria,Escrito en 4 de julio de 2024,"8,0",Vanessa,"Muy muy JUSTo el espacio para preparar desayuno…. Unico Enchufe para conectar cafetera peligroso …. O cafetera o torradora… 
Sofa cama malísimo para dormir",Ubicacion,Viaje de ocio | Familia con niños pequeños | Apartamento de 2 dormitorios | Estancia de 2 noches | Enviado por móvil,14 comentarios,España
Vitoria,Escrito en 4 de julio de 2024,10,Martí,"El sofá cama realmente incómoda el ambiente y la noche, es difícil de montar y se notan los muelles por la noche. Nosotros dormimos dos noches y aún nos turnamos … si alguien viene más días no lo recomiendo para nada!",Nos encantó la distribución lo iluminado que era y la comodidad de estar en pleno centro.,Viaje de ocio | Grupo | Apartamento de 1 dormitorio | Estancia de 2 noches | Enviado por móvil,10 comentarios,España
Vitoria,Escrito en 4 de julio de 2024,"9,0",Gonzalo,Mi esposa no pudo viajar por problemas con su pasaporte no pude cambiar las fechas pese a que tenían disponibilidad. Tuve que pagar de nuevo. Al margen de eso el hotel es espectacular.,Espectacular el apart Hotel. No puedo hablar del personal porque es todo automatizado.,Viaje de ocio | Pareja | Apartamento Estudio | Estancia de 1 noche | Enviado por móvil,14 comentarios,Chile
Vitoria,Escrito en 3 de julio de 2024,"9,0",Fe,"No funcionaba el tostador, por decir una pega.Pero todo genial","Todo estupendo, el apartamento muy cómodo, muy limpio, se puede aparcar cerca de forma gratuita.",Viaje de ocio | Familia con niños pequeños | Apartamento de 1 dormitorio | Estancia de 1 noche | Enviado por móvil,10 comentarios,España
Vitoria,Escrito en 3 de julio de 2024,"8,0",Dr,No había ni unas cápsulas de cafe ni nada de bienvenida.,Buena ubicación y cómodo.,Viaje de ocio | Grupo de amigos | Apartamento de 2 dormitorios | Estancia de 2 noches | Enviado por móvil,19 comentarios,España
Vitoria,Escrito en 2 de julio de 2024,10,M,Nada.,Apartamento nuevo y perfectamente equipado.,Viaje de ocio | Familia con niños pequeños | Apartamento de 1 dormitorio | Estancia de 1 noche | Enviado por móvil,10 comentarios,España
Vitoria,Escrito en 1 de julio de 2024,"7,0",Maricarmen,El sofá cama no muy cómodo pero sin más,Agradable a la vista  por estar reformado,Viaje de ocio | Familia con niños pequeños | Apartamento de 1 dormitorio | Estancia de 1 noche | Enviado por móvil,13 comentarios,España
Vitoria,Escrito en 30 de junio de 2024,"9,0",Maria,"El sofà cama no es muy cómodo, está bien para una persona y  una noche pero para más igual se hace incomodo....","La cama de la habitación preincipal muy cómoda, céntrico, muy práctico, limpio, muy nuevo, te dejan detallitos como 2 capsulas de cafe, agua, un set para limpiar los platos. La ducha muy bien. No hay recepcion te dan un codigo para entrar y habitaciones.Silencioso.",Viaje de ocio | Familia con niños pequeños | Apartamento de 1 dormitorio | Estancia de 2 noches | Enviado por móvil,6 comentarios,España
Vitoria,Escrito en 30 de junio de 2024,"9,0",Manuel,,"Limpieza, situación..",Viaje de ocio | Familia con niños pequeños | Apartamento de 1 dormitorio | Estancia de 2 noches | Enviado por móvil,,
Vitoria,Escrito en 27 de junio de 2024,10,Elena,Eché de menos la terraza que entendí que íbamos a tener,Apartamento con todo lo necesario. Colchones cómodos y grandes toallas. Ducha muy bien. Parking no muy caro. Ubicación perfecta tanto para el centro como para el Azkena Rock,Viaje de ocio | Grupo de amigos | Apartamento de 1 dormitorio | Estancia de 3 noches | Enviado por móvil,32 comentarios,España
Vitoria,Escrito en 26 de junio de 2024,10,Fátima,,"Precioso, sencillo, cómodo, céntrico",Viaje de ocio | Familia con niños pequeños | Apartamento de 1 dormitorio | Estancia de 1 noche | Enviado por móvil,,
Vitoria,Escrito en 26 de junio de 2024,"7,0",Saida,"El menaje no era muy bueno, faltaban platos pequeños y la tostadora no funcionaba bien",La ubicación y la limpieza,Viaje de ocio | Familia con niños pequeños | Apartamento de 1 dormitorio | Estancia de 1 noche | Enviado por móvil,17 comentarios,España
Vitoria,Escrito en 24 de junio de 2024,"7,0",Ada,"Los servicios de “early check in” y “late check out” son un timo.
Quisimos entrar antes y contratar el servicio y no nos dieron oportunidad para entrar hasta 10 minutos antes de la entrada oficial y nos lo querían cobrar. Y la salida más tarde, prácticamente igual.","Muy buena ubicación y limpieza, por regla general. El apartamento es bastante completo y la recepción online es súper atenta.",Viaje de ocio | Pareja | Apartamento de 1 dormitorio | Estancia de 3 noches | Enviado por móvil,5 comentarios,España
Vitoria,Escrito en 22 de junio de 2024,10,Manuel,El check in es todo vía web.. es tedioso introducir todo lo que te piden. Por suerte que una chica en recepción ( no está todo el tiempo ahí) nos ayudó.,"Ubicación, y las apartamentos.",Viaje de ocio | Familia con niños pequeños | Apartamento de 2 dormitorios | Estancia de 2 noches | Enviado por móvil,3 comentarios,España
Vitoria,Escrito en 20 de junio de 2024,"8,0",Patricia,No teníamos aire y hacía mucho calor y las ventanas no se podían abrir. No teníamos estropajos y jabón o alguna pastilla para dejar el desayuno fregado. En otros sitios que hemos estado dejan un paquete de cortesía para 1 uso y nos hubiera gustado tenerlo para dejar todo bien.,"La ubicación, distribución y comodidad.",Viaje de ocio | Familia con niños pequeños | Apartamento de 2 dormitorios | Estancia de 1 noche | Enviado por móvil,15 comentarios,España
Vitoria,Escrito en 20 de junio de 2024,10,Syra,"Nada, todo me gustó","La decoración y la comodidad La limpieza muy buena Y la ubicación genial",Viaje de ocio | Grupo | Apartamento de 1 dormitorio | Estancia de 1 noche | Enviado por móvil,1 comentario,España
Vitoria,Escrito en 20 de junio de 2024,10,Monica,,Todo,Familia con niños pequeños | Apartamento de 1 dormitorio | Estancia de 1 noche | Enviado por móvil,,
Vitoria,Escrito en 17 de junio de 2024,10,Marta,Que no hay recepción. No hay trato humano,,Viaje de ocio | Grupo | Apartamento Estudio | Estancia de 1 noche | Enviado por móvil,6 comentarios,España
Vitoria,Escrito en 16 de junio de 2024,"8,0",Evitadinamita,"Mucho de tiempo de espera en los ascensores, por poner un pero.","Ubicación, tamaño de habitación, personal super amable. Tuvimos dos consultas y nos las solucionaron enseguida.",Viaje de ocio | Familia con niños pequeños | Apartamento de 1 dormitorio | Estancia de 2 noches | Enviado por móvil,1 comentario,España
Vitoria,Escrito en 16 de junio de 2024,"9,0",Lopez,A los alrededores no hay mucho sitio para aparcar y el parking que ofrece el hotel resulta caro.,La ubicación del sitio.,Viaje de ocio | Grupo | Apartamento de 1 dormitorio | Estancia de 2 noches,9 comentarios,España
Vitoria,Escrito en 15 de junio de 2024,"8,0",Arturo,"El check in se indica que se realiza con antelación pero con una foto del DNI y un selfie, lo cual va en contra del reglamento de protección de datos y la política que se aplica en España.  Ya que, de esta forma, toman más datos de los estrictamente necesarios.
Sin embargo, aunque en su web no se informa, al ponerme en contacto con ellos y exponérselo me indicaron que se puede realizar el check in al llegar al alojamiento, en unas tablets, rellenando los datos estrictamente necesarios.","Alojamiento autogestionado, sin personal. Todo automático, con código de acceso",Viaje de ocio | Pareja | Apartamento Estudio | Estancia de 2 noches | Enviado por móvil,37 comentarios,España
Vitoria,Escrito en 29 de abril de 2024,"9,0",Daniel,"Que tienes que dejar la habitación a las 11,y la chica de la limpieza se pone a hacer ruido a las 9 de la mañana sin respetar el sueño y descanso de los demás","Apartamento excepcional totalmente equipado, moderno,limpio",Viaje de ocio | Familia con niños pequeños | Apartamento Estudio | Estancia de 1 noche | Enviado por móvil,32 comentarios,España
Vitoria,Escrito en 29 de abril de 2024,"8,0",María,En nuestro apartamento el menaje era escaso y la tostadora no funcionaba,Tiene una muy buena situación para ir al casco histórico andando.,Familia con niños pequeños | Apartamento de 1 dormitorio | Estancia de 3 noches | Enviado por móvil,21 comentarios,España
Vitoria,Escrito en 29 de abril de 2024,"9,0",Enrique,"En las fotos aparece un horno, se nos dijo el apartamento tenía horno, y luego no fue así.
El sofá cama no es nada cómodo.","Muy buena ubicación, limpio y luminoso. Baño muy espacioso. Atención telefónica y por WhatsApp rápida y educada.",Viaje de ocio | Familia con niños pequeños | Apartamento de 1 dormitorio | Estancia de 2 noches | Enviado por móvil,12 comentarios,España
Vitoria,Escrito en 28 de abril de 2024,10,Milagros,El sofa cama no era muy comodo.,La limpieza y el personal estuvo pendiente de todo.,Viaje de ocio | Familia con niños pequeños | Apartamento de 1 dormitorio | Estancia de 2 noches | Enviado por móvil,9 comentarios,España
Vitoria,Escrito en 27 de abril de 2024,10,Marisa,,"Siempre que vamos a Vitoria-Gasteiz nos quedamos allí, así que, evidentemente, nos encanta. Además ya han incluido trapo de cocina en el kit de limpieza 😋",Viaje de ocio | Familia con niños pequeños | Apartamento de 1 dormitorio | Estancia de 3 noches | Enviado por móvil,,
Vitoria,Escrito en 27 de abril de 2024,"8,0",Jose,El sofá cama.,La amplitud de la habitación,Viaje de ocio | Familia con niños pequeños | Apartamento de 1 dormitorio | Estancia de 1 noche | Enviado por móvil,4 comentarios,España
Vitoria,Escrito en 24 de abril de 2024,"9,0",Marcos,"Habitación de 2 dormitorios y 2 baños para 5 personas, pero una de las habitaciones era individual y había que convertir el sofá del salón en cama, y no tenía almohadas.","Muy bien ubicado a 5 minutos andando del centro de Vitoria y con el tranvía no es necesario utilizar el coche. Justo debajo de los apartamentos hay un supermercado DIA y en la calle trasera un Telepizza, por lo que es fácil organizar comidas y cenas en el apartamento. Menaje de cocina completo para 6: cubiertos, platos, vasos, copas, etc. El desayuno incluido en una cafetería enfrente es cómodo si no conoces la zona, pero poco variado, vimos en la zona otras cafeterías por mejor precio y variedad. En los alrededores hay varios bares de pintxos típicos (Kanijo, Point, Kotarro...)",Viaje de ocio | Familia con niños pequeños | Apartamento de 2 dormitorios | Estancia de 1 noche,25 comentarios,España
Vitoria,Escrito en 24 de abril de 2024,10,Ana,"En las ventanas hay cortinas para evitar que entre la luz solar pero no hay cortinas menos tupidas que te permitan tener privacidad pero poder aprovechar la luz solar, así que siempre debes encender la luz de las lámparas.",La ubicación resulta muy cómoda tanto para visitar la ciudad como para hacer rutas por poblaciones cercanas.,Viaje de ocio | Pareja | Apartamento Estudio | Estancia de 3 noches,5 comentarios,España
Vitoria,Escrito en 23 de abril de 2024,10,Isabel,No vimos a una sola persona en ningún momento,"Instalación, ubicación y había de todo lo que pudiera hacer falta",Viaje de ocio | Familia con niños pequeños | Apartamento de 1 dormitorio | Estancia de 1 noche | Enviado por móvil,7 comentarios,España
Vitoria,Escrito en 23 de abril de 2024,"8,0",Isabel,"Hora de check in muy tarde, con respecto a un hotel",El concepto,Viaje de ocio | Familia con niños pequeños | Apartamento Estudio | Estancia de 2 noches | Enviado por móvil,24 comentarios,España
Vitoria,Escrito en 22 de abril de 2024,10,Carlos,.,.,Viaje de ocio | Familia con niños pequeños | Apartamento de 1 dormitorio | Estancia de 1 noche,9 comentarios,España
Vitoria,Escrito en 22 de abril de 2024,"9,0",Eva,,"Ubicación excelente y estaba todo muy limpio y con detallitos como agua, café y artículos de limpieza.",Viaje de ocio | Grupo | Apartamento de 1 dormitorio | Estancia de 4 noches,,
Vitoria,Escrito en 21 de abril de 2024,10,Mercedes,,"Está en lugar excepcional, repetiremos",Viaje de ocio | Grupo de amigos | Apartamento de 1 dormitorio | Estancia de 1 noche | Enviado por móvil,,
Vitoria,Escrito en 19 de abril de 2024,"9,0",Ainara,El fregadero atascado,La ubicación y la comodidad,Viaje de negocios | Familia con niños pequeños | Apartamento Estudio | Estancia de 5 noches | Enviado por móvil,2 comentarios,España
Vitoria,Escrito en 16 de abril de 2024,"9,0",Ignacio,El no encontrar personal en la entrada y tener que hacerlo todo de forma impersonal.,"La ubicación, el silencio y el confort.",Viaje de negocios | Persona que viaja sola | Apartamento de 1 dormitorio | Estancia de 3 noches,45 comentarios,España
Vitoria,Escrito en 16 de abril de 2024,10,Gheorghita,Me está gustando todo por esto lo repetimos,Ubicación y limpieza,Viaje de negocios | Grupo de amigos | Apartamento de 1 dormitorio | Estancia de 4 noches | Enviado por móvil,17 comentarios,España
Vitoria,Escrito en 8 de abril de 2024,"9,0",Eva,"Lo único, tiene una lampara encima de una mesa, con la que nos golpeamos varias veces mas de una de nosotras.El almohadón de la cama individual y 2 de los de la cama de matrimonio, eran un poquito blandos para mi gusto.","La cama era muy cómoda. En la cama de matrimonio hay 4 almohadas, 2 para esa cama y 2 para el sofá -cama, 2 de ellos eran muy cómodos.Esta muy cerca del centro. Los baños son amplios. Tenia lo necesario para pasar un buen fin de semana.",Viaje de ocio | Grupo | Apartamento de 2 dormitorios | Estancia de 2 noches,5 comentarios,España
Vitoria,Escrito en 8 de abril de 2024,"9,0",David,,"Apartamento cómodo, situado cerca del casco antiguo y totalmente equipado, con instalaciones modernas. Proceso check-in fácil y rápido.. Aparcamiento gratuito en las inmediaciones.",Viaje de ocio | Familia con niños pequeños | Apartamento de 1 dormitorio | Estancia de 2 noches | Enviado por móvil,,
Vitoria,Escrito en 7 de abril de 2024,"8,0",Nagorem,"No había pasta dientes , cambio de toallas  o aspirar habitacion",Camas,Viaje de ocio | Pareja | Apartamento de 1 dormitorio | Estancia de 3 noches | Enviado por móvil,9 comentarios,España
Vitoria,Escrito en 6 de abril de 2024,"8,0",Virginia,La limpieza y el sofá cama,La ubicación,Viaje de ocio | Grupo | Apartamento de 1 dormitorio | Estancia de 2 noches | Enviado por móvil,13 comentarios,España
Vitoria,Escrito en 6 de abril de 2024,"8,0",José,"El sofá cama, no se podía dormir en el tuvimos que poner el colchón en el suelo",No lo tenía incluido,Viaje de ocio | Familia con niños pequeños | Apartamento de 1 dormitorio | Estancia de 3 noches | Enviado por móvil,3 comentarios,España
Vitoria,Escrito en 5 de abril de 2024,"9,0",David,Al entrar no olía muy bien la verdad para ser un edificio bastante nuevo pero bueno ventilamos y se fue el olor,El precio y la ubicación muy buena,Viaje de ocio | Familia con niños pequeños | Apartamento con terraza | Estancia de 1 noche | Enviado por móvil,1 comentario,España
Vitoria,Escrito en 4 de abril de 2024,"8,0",Faust,Agua caliente de la ducha tarda mucho en llegar,,Viaje de negocios | Familia con niños pequeños | Apartamento de 1 dormitorio | Estancia de 1 noche | Enviado por móvil,12 comentarios,España
Vitoria,Escrito en 4 de abril de 2024,"9,0",Carl,,Nuevo y limpio.,Viaje de negocios | Grupo de amigos | Apartamento de 2 dormitorios | Estancia de 3 noches | Enviado por móvil,,
Vitoria,Escrito en 4 de abril de 2024,"9,0",Monica,"La única pega era el sofá cama, que era incómodo",,Viaje de ocio | Familia con niños pequeños | Apartamento de 1 dormitorio | Estancia de 2 noches | Enviado por móvil,9 comentarios,España
Vitoria,Escrito en 5 de marzo de 2024,"9,0",Kepa,,La ubicación,Viaje de ocio | Familia con niños pequeños | Apartamento de 1 dormitorio | Estancia de 1 noche | Enviado por móvil,,
Vitoria,Escrito en 4 de marzo de 2024,"9,0",Julia,No tiene consigna para dejar las maletas,,Viaje de ocio | Grupo | Apartamento de 2 dormitorios | Estancia de 2 noches | Enviado por móvil,6 comentarios,España
Vitoria,Escrito en 4 de marzo de 2024,10,Asuncion,,"Ubicación perfecta, apartamento amplio, muy limpio y cómodo y a buen precio. Totalmente recomendable",Viaje de ocio | Pareja | Apartamento de 1 dormitorio | Estancia de 2 noches,,
Vitoria,Escrito en 4 de marzo de 2024,10,Itxaso,,Muy completo. Tiene de todo,Viaje de ocio | Familia con niños pequeños | Apartamento de 1 dormitorio | Estancia de 2 noches | Enviado por móvil,,
Vitoria,Escrito en 4 de marzo de 2024,10,Sanchez,No tengo ninguna pega.,"Su limpieza, estaba todo muy nuevo y su ubicación.Detalle de bienvenida con agua y un snack genial",Viaje de ocio | Familia con niños pequeños | Apartamento de 1 dormitorio | Estancia de 1 noche | Enviado por móvil,3 comentarios,España
Vitoria,Escrito en 4 de marzo de 2024,"9,0",Ana,"No había edredón para el sofá cama. Pero llamamos y nos lo trajeron.
No pudimos configurar la app para entrar a la habitación.
Faltaba algo más de iluminación en el espejo del baño","Apartamento nuevo, limpio, bien ubicado. En 10 minutos estás en el centro de Vitoria y no tuvimos problemas para aparcar",Viaje de ocio | Familia con niños pequeños | Apartamento de 1 dormitorio | Estancia de 1 noche | Enviado por móvil,38 comentarios,España
Vitoria,Escrito en 4 de marzo de 2024,"8,0",Cristina,El sofa cama es muy incómodo.,El apartamento está muy bien ubicado y es amplio y limpio.,Viaje de ocio | Grupo de amigos | Apartamento de 2 dormitorios | Estancia de 1 noche | Enviado por móvil,28 comentarios,España
Vitoria,Escrito en 4 de marzo de 2024,"8,0",Natalia,"Sofá cama incómodo 
No hay personal en todo el hotel.totañmente digitalizado","Limpieza 
Decoración
Toallas",Viaje de ocio | Familia con niños pequeños | Apartamento de 1 dormitorio | Estancia de 2 noches | Enviado por móvil,3 comentarios,España
Vitoria,Escrito en 3 de marzo de 2024,10,Montse,"El código para entrar, complicado y no había manera, menos mal q estaba una chica.","Todo!!! El sitio genial!!! Todo detalle, muy bonito decorado. Genial.",Viaje de ocio | Familia con niños pequeños | Apartamento de 1 dormitorio | Estancia de 1 noche | Enviado por móvil,16 comentarios,España
Vitoria,Escrito en 3 de marzo de 2024,10,Sandra,"No tiene cafetería, solo una máquina de vending.
A pesar de tener una hora de check out, el personal de limpieza quiso acceder a la habitación a las 9 de la mañana.","Alojamiento moderno y reformado, buena ubicación para ir andando al centro de la ciudad",Viaje de ocio | Grupo | Apartamento de 1 dormitorio | Estancia de 2 noches | Enviado por móvil,29 comentarios,España
Vitoria,Escrito en 2 de marzo de 2024,"9,0",Ane,"Por decir algo, que las plazas de parking son un poco pequeñas de largo",Está muy bien ubicado. Es muy moderno. Está muy nuevo y tiene parking directo,Viaje de negocios | Persona que viaja sola | Apartamento de 1 dormitorio | Estancia de 1 noche | Enviado por móvil,35 comentarios,España
Vitoria,Escrito en 2 de marzo de 2024,10,Natalia,Que lo había Nadie a quien preguntar nada todo online. Pero en realidad no tuvimos ningún problema.,"Alojamiento cómodo, muy bien ubicado con todo lo necesario. Nos sorprendió gratamente",Viaje de ocio | Familia con niños pequeños | Apartamento de 1 dormitorio | Estancia de 1 noche | Enviado por móvil,5 comentarios,España
Vitoria,Escrito en 2 de marzo de 2024,10,Jose,,Orden y limpieza,Familia con niños pequeños | Apartamento de 2 dormitorios | Estancia de 6 noches | Enviado por móvil,,
Vitoria,Escrito en 2 de marzo de 2024,10,Jose,,Limpieza ordenado y cerca del centro,Familia con niños pequeños | Apartamento de 2 dormitorios | Estancia de 9 noches | Enviado por móvil,,
Vitoria,Escrito en 2 de marzo de 2024,"9,0",Jose,No había consigna para dejar las maletas. La cama no era cómoda y el edredón estaba manchado.,"Nos pusieron en una habitación superior porque había disponibilidad sin cobrarnos más. Todo el hotel cuenta con un olor muy agradable. Te dan un kit de bienvenida con unos cafés, agua y una bolsa de patatas. La cocina está totalmente equipada. Tiene un supermercado justo al lado de la entrada. El apartamento en general es muy acogedor. El baño no tiene bidet pero cuenta con ducha higiénica para el inodoro.",Viaje de ocio | Pareja | Apartamento Estudio | Estancia de 2 noches,25 comentarios,España
Vitoria,Escrito en 1 de marzo de 2024,"9,0",Miguel,"La pared, ya que tenía manchas.","Era muy cómodo, bien situado y estaba limpio en general. La cama bastante cómoda.",Viaje de ocio | Pareja | Apartamento Estudio | Estancia de 2 noches | Enviado por móvil,11 comentarios,España
Vitoria,Escrito en 29 de febrero de 2024,10,Eva,,La limpieza y la comodidad fueron lo mejor del apartamento. Aparte todo está digitalizado haciendo la entrada y salida más ágil y fácil para todos.,Viaje de ocio | Pareja | Apartamento de 1 dormitorio | Estancia de 2 noches,,
Vitoria,Escrito en 29 de febrero de 2024,"9,0",Abio,,Muy bonito y limpio,Viaje de ocio | Grupo | Apartamento de 1 dormitorio | Estancia de 2 noches | Enviado por móvil,,
Vitoria,Escrito en 29 de febrero de 2024,10,Maite,,"Estaba limpio, la decoración es genial y el detalle de bienvenida nos encantó!",Viaje de ocio | Grupo de amigos | Apartamento de 1 dormitorio | Estancia de 2 noches | Enviado por móvil,,
Vitoria,Escrito en 27 de febrero de 2024,"9,0",Carla,Comodidad de la cama,Apartamento muy bonito y nuevo,Viaje de ocio | Pareja | Apartamento Estudio | Estancia de 1 noche | Enviado por móvil,4 comentarios,España
Vitoria,Escrito en 27 de febrero de 2024,10,Ismary,"Que no hay nadie en la recepción, pero la atención telefónica fue muy buena",La limpieza y el comfort de la habitación,Viaje de ocio | Familia con niños pequeños | Apartamento de 1 dormitorio | Estancia de 1 noche,6 comentarios,España
Vitoria,Escrito en 27 de febrero de 2024,10,Arce,,Muy lindos apartamentos,Viaje de negocios | Pareja | Apartamento de 1 dormitorio | Estancia de 5 noches | Enviado por móvil,,
Vitoria,Escrito en 26 de febrero de 2024,10,Anton,A billa da pula do baño estaba solta.,"Situación, limpeza, ammenities, temperatura, amplitude",Viaje de ocio | Familia con niños pequeños | Apartamento de 1 dormitorio | Estancia de 1 noche | Enviado por móvil,13 comentarios,España
Vitoria,Escrito en 26 de febrero de 2024,"8,0",Esteban,"Que todo es por el móvil, no había ningún trabajador en recepción, todo funciona por correos.
Contratamos el desayuno, y no sabíamos dónde era, menos mal que vimos a una trabajadora del hotel, en un despacho en la entrada, y por casualidad, y muy amablemente nos informó.","El apartamento era muy cómodo.
La cocina muy completa, con todo tipo de electrodomésticos, muy nuevos y bonitos.
Además les hice una petición, y la cumplieron.",Viaje de ocio | Familia con niños pequeños | Apartamento Estudio | Estancia de 2 noches | Enviado por móvil,1 comentario,España
Vitoria,Escrito en 26 de febrero de 2024,"9,0",Javier,"Se escuchaba algo el ruido de la calle por la noche, y eso que era un séptimo.Almohadas blandas","Apartamento perfectamente equipado con todo lo necesario para la estancia. Limpio La situación es ideal para conocer la ciudad, pudiendo aparcar de manera gratuita en la misma calle del apartamento.Supermercado al lado y diversas tiendas de alimentación y cafeterías",Viaje de ocio | Familia con niños pequeños | Apartamento de 1 dormitorio | Estancia de 1 noche,9 comentarios,España
Vitoria,Escrito en 27 de enero de 2024,"7,0",Azabalatxa,,La ubicación era la necesaria para lo que queríamos y el apartamento estaba bien.,Familia con niños pequeños | Apartamento Estudio | Estancia de 1 noche | Enviado por móvil,,
Vitoria,Escrito en 26 de enero de 2024,10,Veronica,No tiene consiga a pesar de estar señalizada,Muy confortable y espacioso,Viaje de ocio | Grupo de amigos | Apartamento de 1 dormitorio | Estancia de 3 noches | Enviado por móvil,21 comentarios,España
Vitoria,Escrito en 26 de enero de 2024,"9,0",Ines,,Todo perfecto,Viaje de ocio | Pareja | Apartamento Estudio | Estancia de 3 noches | Enviado por móvil,,
Vitoria,Escrito en 25 de enero de 2024,"9,0",Herrero,Nada,"Todo estaba limpio y en muy buenas condiciones, además de muy bien situado",Viaje de ocio | Familia con niños pequeños | Apartamento de 2 dormitorios | Estancia de 2 noches | Enviado por móvil,1 comentario,España
Vitoria,Escrito en 24 de enero de 2024,"7,0",Raquel,Hacia mucho calor en el apartamento.,"La ducha, una maravilla. La habitación muy cómoda. El check in facilísimo",Viaje de ocio | Familia con niños pequeños | Apartamento con terraza | Estancia de 1 noche | Enviado por móvil,11 comentarios,España
Vitoria,Escrito en 24 de enero de 2024,"8,0",Begoña,"El sistema para el checking es poco cómodo cuando vas de viaje, porque a través de su web debes de hacerlo así como el pago, aunque es verdad que si tienes algún problema telefónicamente te lo resuelven. Los utensilios de la cocina son escasos. Hay lavavajillas pero no proporcionan el líquido necesario,ni estropajos, ni galletas, ni papel de cocina. Hay cafetera de cápsulas pero éstas las debes de comprar tú, llamé para saber si podían proporcionar una cafetera italiana y me dijeron que no y que las cápsulas las podía adquirir en el super( qué amabilidad...) En la mayoría de apartamentos a los que he ido normalmente te dan un desayuno, leche, café, o fruta.. aquí no.","Ubicación a 12 minutos del centro, sofá muy cómodo, instalación muy limpia,cuarto de baño amplio.",Familia con niños pequeños | Apartamento de 1 dormitorio | Estancia de 2 noches | Enviado por móvil,22 comentarios,España
Vitoria,Escrito en 23 de enero de 2024,10,Ángel,Nada,"Decoración, Ducha , cama  y ubicación",Viaje de ocio | Familia con niños pequeños | Apartamento de 1 dormitorio | Estancia de 1 noche | Enviado por móvil,16 comentarios,España
Vitoria,Escrito en 22 de enero de 2024,10,Ildefonsa,"Que sea todo digital en ninguna hora en dos días de mi estancia vi una recepcionista aunque no me ha hecho falta ,pero habrá persona que lo necesita.","Me gustó la ubicación , limpieza y confort recomendable 100x 100",Familia con niños pequeños | Apartamento de 1 dormitorio | Estancia de 2 noches | Enviado por móvil,3 comentarios,España
Vitoria,Escrito en 22 de enero de 2024,10,Sharoyantonio,,Museos,Viaje de ocio | Pareja | Apartamento de 1 dormitorio | Estancia de 7 noches | Enviado por móvil,,
Vitoria,Escrito en 22 de enero de 2024,10,Irene,"Hacía mucho calor en el apartamento. Quitamos la calefacción, pero aún así, por la noche se notaba.","En general el apartamento es muy cómodo. El baño y la ducha genial. Hay toallas y secador. La cocina equipada con lo necesario. El sofá cama no era lo más cómodo, pero se dormía bien. Para nosotros las almohadas muy bien.
Tuvimos que ampliar la reserva un día más y después de varias llamadas todo se resolvió sin problema. Muy amables. 
Volveríamos sin duda.",Viaje de ocio | Grupo de amigos | Apartamento de 1 dormitorio | Estancia de 2 noches | Enviado por móvil,14 comentarios,España
Vitoria,Escrito en 22 de enero de 2024,10,Massaccesi,,Todo muy bien.,Viaje de negocios | Familia con niños pequeños | Apartamento de 1 dormitorio | Estancia de 1 noche | Enviado por móvil,,
Vitoria,Escrito en 22 de enero de 2024,"9,0",Maria,"Eramos tres pero el apartamento
Se preparó para dos, tuvimos que pedir edredón para la cama del sillón y solo dejaron dos juegos de toallas",El diseño y la equipación del apartamento,Viaje de ocio | Grupo de amigos | Apartamento de 1 dormitorio | Estancia de 1 noche | Enviado por móvil,13 comentarios,España
Vitoria,Escrito en 22 de enero de 2024,"9,0",Raul,El sofá cama podría ser más cómodo,Práctico y espacioso,Viaje de ocio | Familia con niños pequeños | Apartamento de 1 dormitorio | Estancia de 1 noche | Enviado por móvil,13 comentarios,España
Vitoria,Escrito en 21 de enero de 2024,10,Guillermo,,Un alojamiento excelente.,Viaje de negocios | Persona que viaja sola | Apartamento de 1 dormitorio | Estancia de 2 noches,,
Vitoria,Escrito en 21 de enero de 2024,"9,0",Osane,"Si tengo que decir algo que no nos gusto es la hora de salida de los apartamentos,las 11 es una hora muy temprana ya que muchos de los que nos alojamos disfrutamos de la noche de la ciudad y resulta muy temprano",El apartamento estaba precioso … limpio y con todo los utensilios de cocina necesarios.La ubicación perfecta y con muchos sitios para aparcar en la calle de forma gratuita.La cama muy cómoda y con dos almohadas para mayor comodidad.,Viaje de ocio | Pareja | Apartamento de 1 dormitorio | Estancia de 1 noche | Enviado por móvil,5 comentarios,España
Vitoria,Escrito en 20 de enero de 2024,"9,0",Jose,La cama sofa no muy confortable,Todos bien,Viaje de ocio | Familia con niños pequeños | Apartamento de 1 dormitorio | Estancia de 1 noche | Enviado por móvil,10 comentarios,España
Vitoria,Escrito en 20 de enero de 2024,10,Roberto,,"Lo limpio y ordenado que estaba, la ubicación y distancia al centro histórico.",Viaje de ocio | Pareja | Apartamento de 1 dormitorio | Estancia de 1 noche | Enviado por móvil,,
Vitoria,Escrito en 19 de enero de 2024,"8,0",Alejandro,Se echa de menos personal físico.,Buena ubicación y amplitud,Viaje de ocio | Persona que viaja sola | Apartamento de 1 dormitorio | Estancia de 1 noche | Enviado por móvil,4 comentarios,España
Vitoria,Escrito en 19 de enero de 2024,"9,0",Francisco,El tramite de la llave con código o aplicación. Depender del móvil para entrar en la habitación,"Las instalaciones nuevas y confortables, todo muy limpio",Viaje de negocios | Persona que viaja sola | Apartamento Estudio | Estancia de 2 noches | Enviado por móvil,12 comentarios,España
Vitoria,Escrito en 18 de enero de 2024,"7,0",Nuria,Que no hubiera unos sobrecitos de café y azúcar el resto todo perfecto,Su practicidad muy cómodo,Viaje de ocio | Familia con niños pequeños | Apartamento de 1 dormitorio | Estancia de 2 noches | Enviado por móvil,3 comentarios,España
Vitoria,Escrito en 17 de enero de 2024,"8,0",Jesica8,La cocina podría ser más completa,La ubicación y la limpieza,Viaje de ocio | Familia con niños pequeños | Apartamento de 1 dormitorio | Estancia de 1 noche | Enviado por móvil,12 comentarios,España
Vitoria,Escrito en 17 de enero de 2024,10,Violeta,,"Impecable todo. Desde la entrada, el personal y el piso. Super recomendable",Viaje de ocio | Familia con niños pequeños | Apartamento de 1 dormitorio | Estancia de 1 noche | Enviado por móvil,,
Vitoria,Escrito en 16 de enero de 2024,10,Luciamedina84,La cafetera era Nespresso y te cobran por darte cápsulas. Me gustaría que los apartamentos tengan cafeteras tipo italiana.,"Es un apartamento con todo lo necesario para estar cómodo. La ubicación es inmejorable, cruzas la calle y estás en el centro.
Justo pegado tienes un supermercado.
Es un apartamento super grande.",Viaje de ocio | Pareja | Apartamento de 1 dormitorio | Estancia de 1 noche | Enviado por móvil,9 comentarios,España
Vitoria,Escrito en 16 de enero de 2024,10,Maria,"Sería un detalle dejar, al menos, dos cápsulas para la cafetera nesspreso, sobre todo si solo se va a estar una noche.",Todo perfecto,Viaje de ocio | Familia con niños pequeños | Apartamento de 1 dormitorio | Estancia de 1 noche | Enviado por móvil,15 comentarios,España
Vitoria,Escrito en 16 de enero de 2024,"9,0",José,No me dejaron contratar late check out,Ubicación y comodidades,Viaje de ocio | Familia con niños pequeños | Apartamento de 1 dormitorio | Estancia de 1 noche | Enviado por móvil,66 comentarios,España
Vitoria,Escrito en 13 de diciembre de 2023,"9,0",Jaime,"El sofá cama no fuimos capaces de colocarlo adecuadamente, pese a las explicaciones de un empleado, y al final echamos el coclhón al suelo y dormimos muy bien así,El sistema de climatización no funcionaba muy bien y la temperatura era a ratos excesiva, de casi 26ºC en diciembre, pese a poner el termostato en 21ºC",Buen desayuno en una cafetería muy próxima,Viaje de ocio | Familia con niños pequeños | Apartamento de 1 dormitorio | Estancia de 2 noches,28 comentarios,España
Vitoria,Escrito en 12 de diciembre de 2023,"9,0",Lucía,Éramos 4 personas y sólo había 2 toallas de baño (supongo q con los bebés no cuentan) y no había nadie por la noche en recepción para pedirle,"La ubicación muy buena, cerca del centro.
Las instalaciones muy bien equipado.  Muy cómodo para ir con niños. Estaba muy limpio",Viaje de ocio | Familia con niños pequeños | Apartamento de 1 dormitorio | Estancia de 2 noches | Enviado por móvil,11 comentarios,España
Vitoria,Escrito en 12 de diciembre de 2023,10,Igor,Ruido,Localizacion,Viaje de negocios | Familia con niños pequeños | Apartamento de 1 dormitorio | Estancia de 9 noches | Enviado por móvil,39 comentarios,España
Vitoria,Escrito en 11 de diciembre de 2023,"9,0",Miguel,"la ducha era abierta y no tenia ni plato ni mampara, por lo que era fácil que se mojara todo el baño",La cocina estaba muy bien equipada. En general todo estaba muy bien en la habitación. Resultaba fácil aparcar en los alrededores,Viaje de ocio | Pareja | Apartamento Estudio | Estancia de 4 noches | Enviado por móvil,34 comentarios,España
Vitoria,Escrito en 10 de diciembre de 2023,"7,0",Raquel,"El sofá cama es muy malo, no se puede dormir se notan los hierros 
Las almohadas de la cama demasiado blandas, parece que no tienes almohada","Ubicación, instalaciones",Viaje de ocio | Familia con niños pequeños | Apartamento de 1 dormitorio | Estancia de 3 noches | Enviado por móvil,7 comentarios,España
Vitoria,Escrito en 10 de diciembre de 2023,10,Sara,Me gustó todo,"Ubicación, limpieza, modernidad, economización muy buena del espacio, equipamiento, y comodidad, fácil check in y check out.",Viaje de ocio | Grupo | Apartamento de 2 dormitorios | Estancia de 5 noches | Enviado por móvil,2 comentarios,España
Vitoria,Escrito en 10 de diciembre de 2023,"8,0",Marta,El sofá cama muy incómodo!!!,Totalmente nuevo y la ubicación perfecta.,Viaje de ocio | Familia con niños pequeños | Apartamento de 1 dormitorio | Estancia de 1 noche | Enviado por móvil,28 comentarios,España
Vitoria,Escrito en 10 de diciembre de 2023,10,Elena,Que no tuviera terraza,Decoración y ubicación muy bien equipado.,Viaje de ocio | Grupo de amigos | Apartamento Estudio | Estancia de 4 noches | Enviado por móvil,8 comentarios,España
Vitoria,Escrito en 10 de diciembre de 2023,"8,0",Silvia,"No conseguimos hablar con nadie en la recepción. 
El servicio de limpieza diario, no estaba incluido en el precio.
Para desayunar hay que salir fuera del edificio.",La ubicación,Viaje de ocio | Familia con niños pequeños | Apartamento de 1 dormitorio | Estancia de 2 noches | Enviado por móvil,14 comentarios,España
Vitoria,Escrito en 10 de diciembre de 2023,10,Casdur,,"La ubicación. El apartamento muy completo, con todo lo necesario. Nos encantó.",Viaje de ocio | Familia con niños pequeños | Apartamento de 1 dormitorio | Estancia de 2 noches | Enviado por móvil,,
Vitoria,Escrito en 10 de diciembre de 2023,10,Begoña,Nada,Todo muy limpio.,Viaje de ocio | Familia con niños pequeños | Apartamento de 1 dormitorio | Estancia de 1 noche | Enviado por móvil,19 comentarios,España
Vitoria,Escrito en 10 de diciembre de 2023,10,Juani,,"El apartamento muy cómodo, limpio y bien equipado",Viaje de ocio | Familia con niños pequeños | Apartamento de 1 dormitorio | Estancia de 1 noche | Enviado por móvil,,
Vitoria,Escrito en 9 de diciembre de 2023,"8,0",Raúl,"No había nadie y todo el trato era online o por teléfono, por lo que varios días, al haber problemas para entrar al aparcamiento, tenías que resolverlo por teléfono, tardando mucho más.",Estaba bien localizado,Viaje de ocio | Familia con niños pequeños | Apartamento de 1 dormitorio | Estancia de 3 noches | Enviado por móvil,6 comentarios,España
Vitoria,Escrito en 8 de diciembre de 2023,"7,0",Rocio,Q no habia personal,La limpieza y que era nuevo,Viaje de ocio | Familia con niños pequeños | Apartamento de 1 dormitorio | Estancia de 1 noche | Enviado por móvil,9 comentarios,España
Vitoria,Escrito en 8 de diciembre de 2023,"7,0",Julio,La segunda habitación la cama es muy pequeña y el sofá cama es malo y ruidoso,La ubicación,Viaje de ocio | Grupo | Apartamento de 2 dormitorios | Estancia de 4 noches | Enviado por móvil,73 comentarios,Guatemala
Vitoria,Escrito en 8 de diciembre de 2023,"9,0",M,"Sin recepción física. 
Falta de tv en habitación.",Ubicación,Viaje de ocio | Familia con niños pequeños | Apartamento de 1 dormitorio | Estancia de 2 noches | Enviado por móvil,3 comentarios,España
Vitoria,Escrito en 7 de diciembre de 2023,10,Mar2728,No hubo nada que no me gustara.,"Buena zona. Todo nuevo. Muy amables. Lavadora con secadora (Vitoria es una ciudad muy húmeda, la secadora viene genial). Admite mascotas. Todo perfecto. Muy recomendable",Viaje de ocio | Familia con niños pequeños | Apartamento Estudio | Estancia de 4 noches,10 comentarios,España
Vitoria,Escrito en 7 de diciembre de 2023,"8,0",Cristina,"Hubo problemas con el agua caliente sábado y domingo. Habíamos alargado la hora del check out hasta las 14h pero no nos pudimos duchar. Llamamos y no lo solucionaron, tampoco nos descontaron lo que habíamos pagado de más siendo que los servicios del apartamento no iban bien.","El alojamiento es como en las fotos, muy nuevo y limpio.",Viaje de ocio | Grupo | Apartamento de 2 dormitorios | Estancia de 2 noches | Enviado por móvil,31 comentarios,España
Vitoria,Escrito en 7 de diciembre de 2023,"8,0",Lara,"Tienes que pagar 15euros/dia por mascota para que te dejen snacks... Es cierto que debes avisar esto con 24h de antelación, y no lo hicimos, pero no nos dejaron nada en los dias que estuvimos.","El apto esta muy bien ubicado, a escasos metros de la catedral. Para aparcar muy bien, a escasos metros en zona blanca. El apto es minimalista y moderno, con todo lo necesario. Entrada sin contacto, muy bien.",Viaje de ocio | Pareja | Apartamento Estudio | Estancia de 5 noches,15 comentarios,España
Vitoria,Escrito en 6 de diciembre de 2023,10,Raquel,"La única pega es q pedimos una cuna para nuestro bebé y el colchón de la misma estaba muy encorvado y era muy fino, con lo cual tuvimos que meterla en la cama con nosotros porque ahí no podía descansar","El apartamento es muy cómodo y moderno. Tiene todo lo necesario. Entrada muy práctica con código tanto para portal como garaje. Todo muy limpio. Cama cómoda, salvo las almohadas que eran muy bajas.No se escuchaba ningún ruído del exterior.La ubicación estupenda, a 10 min caminando del centro y con muchos servicios alrededor. Íbamos con una mascota y no tuvimos ningún problema. Te ponen comedero, bebedero y una mini cama, se agradece",Con una mascota | Viaje de ocio | Familia con niños pequeños | Apartamento de 1 dormitorio | Estancia de 2 noches | Enviado por móvil,39 comentarios,España
Vitoria,Escrito en 5 de diciembre de 2023,"9,0",Angel,,Muy bien equipado,Viaje de ocio | Pareja | Apartamento Estudio | Estancia de 1 noche | Enviado por móvil,,
Vitoria,Escrito en 5 de diciembre de 2023,"9,0",José,El check in virtual. Pero se palia con una persona en recepción.,La situación. Aparcamiento en el mismo edificio. Limpieza. Que haya recepción. Es parecido a un hotel. El precio.,Viaje de ocio | Familia con niños pequeños | Apartamento de 1 dormitorio | Estancia de 2 noches | Enviado por móvil,16 comentarios,España
Vitoria,Escrito en 4 de diciembre de 2023,"9,0",Angel,El desagüe del lavamanos del baño,Los apartamentos están muy bien equipados,Viaje de ocio | Pareja | Apartamento Estudio | Estancia de 1 noche | Enviado por móvil,22 comentarios,España
Vitoria,Escrito en 26 de noviembre de 2023,"7,0",Mikel,Una ducha sin mampara acaba resultando incómoda.,"Alojamiento muy bien situado, con facilidades para el aparcamiento y grupos con mascota. Cama comodísima.",Pareja | Apartamento Estudio | Estancia de 2 noches | Enviado por móvil,15 comentarios,España
Vitoria,Escrito en 24 de noviembre de 2023,"9,0",Alida,La antena de la tv no funcionaba bien.solicitamos una cuna en la reserva y no la pusieron.,Check in y out muy cómodo al ser online.buenas instalaciones y apartamento muy cómodo.acogefor,Viaje de ocio | Familia con niños pequeños | Apartamento de 1 dormitorio | Estancia de 2 noches | Enviado por móvil,11 comentarios,España
Vitoria,Escrito en 11 de octubre de 2023,"9,0",Andy,,EXCELENTE,Familia con niños pequeños | Apartamento de 1 dormitorio | Estancia de 2 noches | Enviado por móvil,,
Vitoria,Escrito en 10 de octubre de 2023,"7,0",Almudena,La falta de recepción y no poder contactar con nadie en persona. Tampoco el check out tan temprano. Difícil abrir el sofá cama.,Apartamento amplio y con todas las comodidades. Buena ubicación.,Viaje de ocio | Familia con niños pequeños | Apartamento de 1 dormitorio | Estancia de 2 noches | Enviado por móvil,15 comentarios,España
Vitoria,Escrito en 10 de octubre de 2023,10,Montserrat,El sofá cama un poco incómodo y con algo de movilidad. Pero cálidad precio super bien,La ubicación y la facilidad de acceder,Viaje de ocio | Familia con niños pequeños | Apartamento de 1 dormitorio | Estancia de 3 noches | Enviado por móvil,1 comentario,España
Vitoria,Escrito en 10 de octubre de 2023,10,Andrea,Nada,La habitación estaba super nueva y muy limpio.,Viaje de ocio | Familia con niños pequeños | Apartamento de 1 dormitorio | Estancia de 3 noches | Enviado por móvil,5 comentarios,España
Vitoria,Escrito en 9 de octubre de 2023,"8,0",Paula,"El sofa cama era un poco incomodo
Nos toco un apartamento que daba a un patio interior y no pudimos abrir las ventanas",Localizacion-limpieza- organizacion,Viaje de ocio | Familia con niños pequeños | Apartamento de 1 dormitorio | Estancia de 4 noches | Enviado por móvil,13 comentarios,España
Vitoria,Escrito en 9 de octubre de 2023,"9,0",Maria,Era más pequeño de lo que parecía en las fotos,"La tranquilidad
La limpieza
Ubicación",Viaje de ocio | Pareja | Apartamento Estudio | Estancia de 5 noches | Enviado por móvil,18 comentarios,España
Vitoria,Escrito en 9 de octubre de 2023,"7,0",Eva,"No te dejan entran hasta las 15 h y a pesar de solicitar entrada temprana que había que pagar, no me lo solucionaron. Tampoco tiene sitio para guardar las maletas","El apartamento está nuevo, muy bien equipado y céntrico.",Viaje de ocio | Familia con niños pequeños | Apartamento de 1 dormitorio | Estancia de 1 noche | Enviado por móvil,44 comentarios,España
Vitoria,Escrito en 8 de octubre de 2023,"8,0",Maria,"El Chromecast del televisor no funcionaba correctamente (se cortaba la trasmisión todo el rato). El baño era para minusválidos, lo que resultó incómodo porque cada vez que nos duchábamos se quedaba todo mojado. Tambien nos hubiese gustado que nos indicaran antes la planta del apartamento (nos tocó en la 6).","La ubicación, las instalaciones, la comodidad de la cama.",Viaje de ocio | Pareja | Apartamento Estudio | Estancia de 3 noches | Enviado por móvil,10 comentarios,España
Vitoria,Escrito en 7 de octubre de 2023,"9,0",Maria,Nada,La ubicación,Viaje de ocio | Familia con niños pequeños | Apartamento de 1 dormitorio | Estancia de 1 noche | Enviado por móvil,3 comentarios,España
Vitoria,Escrito en 7 de octubre de 2023,10,Janire,"Check out a las 11:00 horas, demasiado rápido.",La seguridad y facilidad para hacer el check in y check out. La limpieza y buen estado de las instalaciones.,Viaje de ocio | Grupo de amigos | Apartamento de 2 dormitorios | Estancia de 1 noche | Enviado por móvil,19 comentarios,España
Vitoria,Escrito en 7 de octubre de 2023,10,Maria,,Muy equipado,Viaje de ocio | Grupo | Apartamento de 1 dormitorio | Estancia de 2 noches | Enviado por móvil,,
Vitoria,Escrito en 6 de octubre de 2023,"9,0",Sara,se escuchaba mucho a los de las habitaciones cercanas,"en general muy bien, muy espacioso y cómodo",Viaje de ocio | Familia con niños pequeños | Apartamento de 1 dormitorio | Estancia de 2 noches | Enviado por móvil,5 comentarios,España
Vitoria,Escrito en 4 de octubre de 2023,"9,0",Oscar,,La amplitud y servicios del hotel. La ubicación. La relación calidad/precio. La ciudad (Vitoria) muy verde.,Viaje de ocio | Familia con niños pequeños | Apartamento de 1 dormitorio | Estancia de 4 noches | Enviado por móvil,,
Vitoria,Escrito en 4 de octubre de 2023,"8,0",Esther,No funcionaba el aire acondicionado y uno de los días hizo mucho calor.,La comodidad y ubicación del apartamento.,Viaje de ocio | Familia con niños pequeños | Apartamento Ático | Estancia de 2 noches | Enviado por móvil,10 comentarios,España
Vitoria,Escrito en 4 de octubre de 2023,"8,0",Alberto,El sofá cama no era cómodo,Las instalaciones,Viaje de ocio | Grupo de amigos | Apartamento de 1 dormitorio | Estancia de 3 noches | Enviado por móvil,16 comentarios,España
Vitoria,Escrito en 3 de octubre de 2023,"7,0",Maria,No tener recepción y no estar claro la forma de entrar a los apartamentos. Perdiendo tiempo en conseguirlo.,,Viaje de ocio | Familia con niños pequeños | Apartamento Estudio | Estancia de 1 noche | Enviado por móvil,13 comentarios,España
Vitoria,Escrito en 3 de octubre de 2023,"9,0",Amalia,El sofá cama era incómodo,Bien equipado con menaje de cocina y muy limpio,Viaje de ocio | Grupo | Apartamento de 1 dormitorio | Estancia de 4 noches | Enviado por móvil,3 comentarios,España
Vitoria,Escrito en 2 de octubre de 2023,"9,0",Javier,"No nos termino de encajar el tema de los accesos mediante llave digital y código, ya que a veces no funcinaba","Ubicación, limpieza",Viaje de ocio | Grupo | Apartamento de 1 dormitorio | Estancia de 2 noches | Enviado por móvil,4 comentarios,España
Vitoria,Escrito en 30 de septiembre de 2023,"8,0",Natalia,"Eramos 4 y solo había 3 camas,. Una persona tuvo que dormir en  el sofá cama y no era muy cómodo.",Muy céntrico y a la vez tranquilo,Viaje de ocio | Familia con niños pequeños | Apartamento de 2 dormitorios | Estancia de 2 noches | Enviado por móvil,29 comentarios,España
Vitoria,Escrito en 28 de septiembre de 2023,10,Inma,,Super limpio súper cómodo y tal cual la foto,Familia con niños pequeños | Apartamento de 1 dormitorio | Estancia de 1 noche | Enviado por móvil,,
Vitoria,Escrito en 27 de septiembre de 2023,"9,0",Julián,"Escasos productos de limpieza, en función de la estancia, ambiente muy frio","Insinorizacion, menaje",Viaje de ocio | Familia con niños pequeños | Apartamento de 2 dormitorios | Estancia de 8 noches | Enviado por móvil,2 comentarios,España
Vitoria,Escrito en 27 de septiembre de 2023,"9,0",Ana,"Por poner alguna pega diría que no se podía abrir la ventana normal, solo abatida y que la cama doble son dos camas juntas.","El apartamento era muy amplio, moderno, muy limpio y cuidado. Todo al detalle. Tenía hasta Chromecast en la televisión y además estaba muy bien insonorizada. El detalle de hacer el check in online es fantástico. Volvería a repetir sin duda.",Viaje de ocio | Pareja | Apartamento Estudio | Estancia de 1 noche | Enviado por móvil,15 comentarios,España
Vitoria,Escrito en 27 de septiembre de 2023,"9,0",Lucía,Camas individuales.,Todo muy nuevo y limpio y viajé con mascota y le dejaron unas cookies para él.,Viaje de ocio | Pareja | Apartamento Estudio | Estancia de 2 noches | Enviado por móvil,52 comentarios,España
Vitoria,Escrito en 26 de septiembre de 2023,10,Maria,"La cama, quizá es algo pequeña para una pareja, en relación con el resto de la estancia","La amplitud de la estancia, el diseño minimalista y la disposición de utensilios básicos en la cocina",Viaje de ocio | Pareja | Apartamento de 1 dormitorio | Estancia de 3 noches,30 comentarios,España
Vitoria,Escrito en 25 de septiembre de 2023,"9,0",Lorena,,Muy práctico con todo lo necesario de menaje. Ubicación ideal para caminar y conocer el centro,Viaje de ocio | Familia con niños pequeños | Apartamento Estudio | Estancia de 1 noche | Enviado por móvil,,
Vitoria,Escrito en 31 de agosto de 2023,"9,0",Juan,"Excesiva digitalización para mi gusto. Aunque todo fue bien, escanear DNIs en una aplicaciòn no es lo mejor en un mundo con tanto ciberataque.
Es cierto que ofrece opción a que a la llegada haya un empleado.","La habitación es espectacular, amplia y dotada con todo (lavavajillas, cocina, frigo y congelador...).
La ubicación no puede ser mejor. Alrededores con bares, pizzerías, supermercados y la catedral.",Viaje de ocio | Familia con niños pequeños | Apartamento de 1 dormitorio | Estancia de 1 noche | Enviado por móvil,72 comentarios,España
Vitoria,Escrito en 30 de agosto de 2023,10,Ana,El parking es pequeño para furgoneta,"Cómodo, céntrico, bien equipado y moderno.",Viaje de ocio | Familia con niños pequeños | Apartamento Estudio | Estancia de 1 noche | Enviado por móvil,35 comentarios,España
Vitoria,Escrito en 30 de agosto de 2023,"7,0",Marta,"El sofá-cama, el colchón era ridículo, muy incómodo. Las camas bien.","Buena relación calidad-precio. Céntrico. Da a una avenida grande y pasan bastantes coches, si es verano por la noche mejor ventana cerrada (hay aire acondicionado si se quiere).",Viaje de ocio | Familia con niños pequeños | Apartamento de 1 dormitorio | Estancia de 1 noche,42 comentarios,Alemania
Vitoria,Escrito en 30 de agosto de 2023,"8,0",Inma,El sofá cama es horriblemente incómodo y es bastante difícil de montar. Deberían poner unas instrucciones.,"Está súper bien ubicado, limpio y moderno. Tuvimos un percance con la cama y tanto la recepcionista como el chico que subió nos atendieron genial.",Viaje de ocio | Grupo | Apartamento de 2 dormitorios | Estancia de 1 noche | Enviado por móvil,11 comentarios,España
Vitoria,Escrito en 29 de agosto de 2023,"8,0",Josep,2 ascensores para un  edificio de 9 plantas y un poco lentos,,Viaje de ocio | Familia con niños pequeños | Apartamento de 1 dormitorio | Estancia de 1 noche | Enviado por móvil,42 comentarios,España
Vitoria,Escrito en 29 de agosto de 2023,10,Ascensión,Me cuesta un poco hacerme a la tecnología... Me resulta más cómodo que haya recepcionista presencial.,Nos gustó mucho la ubicación. Está a un paseo del centro. El apartamento es muy acogedor y cómodo. Lástima que sólo estuviésemos una noche.,Viaje de ocio | Familia con niños pequeños | Apartamento de 1 dormitorio | Estancia de 1 noche | Enviado por móvil,3 comentarios,España
Vitoria,Escrito en 28 de agosto de 2023,10,Inmaculada,Nada.,"El diseño del interior, las instalaciones, la limpieza...",Viaje de ocio | Familia con niños pequeños | Apartamento de 1 dormitorio | Estancia de 1 noche | Enviado por móvil,10 comentarios,España
Vitoria,Escrito en 28 de agosto de 2023,"8,0",Raul,"La taza del inodoro estaba un poco desajustada.
El sofá cama era un poco incómodo",La cama de matrimonio era muy cómoda. Estaba limpio,Viaje de ocio | Familia con niños pequeños | Apartamento Estudio | Estancia de 1 noche | Enviado por móvil,6 comentarios,España
Vitoria,Escrito en 27 de agosto de 2023,"9,0",Eliyah,Todo ha estado muy bien . Ubicación Excelente! Pulcritud,Todo excelente organización.  Muy pulcro y ordenado.  La tecnología se impone y al principio un poco perdida pero vas comprendiendo y siempre hay alguien en el tlf que te orienta en todo.,Familia con niños pequeños | Apartamento de 2 dormitorios | Estancia de 1 noche | Enviado por móvil,33 comentarios,España
Vitoria,Escrito en 27 de agosto de 2023,"8,0",Judit,Reservamos cama doble y nos dieron apartamento con dos camas individuales juntas.,"Buena ubicación y alojamiento limpio y cómodo.
La alfombrilla con comedero y bebedero para perros.",Viaje de ocio | Pareja | Apartamento Estudio | Estancia de 3 noches | Enviado por móvil,9 comentarios,España
Vitoria,Escrito en 27 de agosto de 2023,"8,0",Rosinag,"Nos faltó que hubiera algo básico para cocinar como aceite,  lavavajillas o incluso cápsulas de café ya que había cafetera. Si para dos días tengo que comprarlo todo no resulta cómodo ni práctico.","Apartamentos totalmente automatizados, sin recepción, entras con código. Son modernos y están muy limpios. En concreto nuestro estudio era un poco pequeño porque viajábamos con perro grande y se nos quedó justo, pero para los pocos días que estuvimos, bien. Baño amplio y cocina con todo el menaje. Ubicación muy buena en una avenida tranquila pero a escasos 7min andando del centro.",Viaje de ocio | Familia con niños pequeños | Apartamento Estudio | Estancia de 2 noches | Enviado por móvil,26 comentarios,España
Vitoria,Escrito en 27 de agosto de 2023,10,Natalia,"El sofa cama del comedor no es muy comodo ni confortable como cama, si que lo es como sofà.",Me ha gustado la disposición del apartamento y el buen gusto con el que esta decorado.,Viaje de ocio | Familia con niños pequeños | Apartamento de 1 dormitorio | Estancia de 4 noches | Enviado por móvil,19 comentarios,España
Vitoria,Escrito en 27 de agosto de 2023,10,Rolán,"El colchón de la habitación era de muelles,algo quizás anticuado y por debajo de la calidad del apartamento.",La ubicación y la amplitud de la estancia. Además de ser virtual atendieron rápidamente cada vez que lo necesitamos.,Viaje de ocio | Familia con niños pequeños | Apartamento de 1 dormitorio | Estancia de 3 noches | Enviado por móvil,5 comentarios,España
Vitoria,Escrito en 26 de agosto de 2023,"8,0",Nadia,No es un apartahotel. El servicio de limpieza es a partir de una semana de estancia.,Ubicación y es un apartamento muy práctico.,Viaje de ocio | Familia con niños pequeños | Apartamento de 1 dormitorio | Estancia de 4 noches | Enviado por móvil,6 comentarios,España
Vitoria,Escrito en 26 de agosto de 2023,10,Ester,Faltaban productos de limpieza como jabón platos lavadora,Limpieza,Viaje de ocio | Familia con niños pequeños | Apartamento de 1 dormitorio | Estancia de 4 noches | Enviado por móvil,24 comentarios,España
Vitoria,Escrito en 26 de agosto de 2023,"9,0",Maria,El precio,"Diseño, espacio, ubicación",Viaje de ocio | Familia con niños pequeños | Apartamento con terraza | Estancia de 5 noches | Enviado por móvil,9 comentarios,España
Vitoria,Escrito en 26 de agosto de 2023,"9,0",Joan,No hay parquing gratuito.,"El apartamento se ve nuevo y en muy buenas condiciones. Bastante amplio para cuatro personas (dos adultos y dos niños).
Todo muy limpio y camas muy confortables.
Baño muy amplio y cocina completa y moderna.
A 5 minutos del centro histórico.",Viaje de ocio | Familia con niños pequeños | Apartamento de 1 dormitorio | Estancia de 1 noche | Enviado por móvil,10 comentarios,España
Vitoria,Escrito en 26 de agosto de 2023,10,Jose,,"Estaba impecable! Limpísimo, moderno, muy buen decorado, completamente equipado incluso con secadora, dejaban hasta kit de limpieza, el parking muy amplio y cómodo. 
La ubicación, excelente en todos los aspectos",Viaje de ocio | Familia con niños pequeños | Apartamento de 1 dormitorio | Estancia de 1 noche | Enviado por móvil,,
Vitoria,Escrito en 26 de agosto de 2023,"8,0",Laura,"Que te dejen entrar en tu habitación antes de las 15h sólo si pagas un suplemento, sino no (la hora de entrada se fija para que al personal de la limpieza le dé tiempo a limpiar lo del anterior cliente, no para hacer negocio) y que al no haber personal físico, no hay una consigna para guardar tus maletas al menos.","Habitación amplia, camas cómodas y cerca del centro.",Viaje de ocio | Familia con niños pequeños | Apartamento de 1 dormitorio | Estancia de 1 noche | Enviado por móvil,21 comentarios,España
Vitoria,Escrito en 26 de agosto de 2023,"9,0",Carmen,"La presión del agua, sobretodo en la ducha.",No Aplicable.,Viaje de ocio | Familia con niños pequeños | Apartamento de 1 dormitorio | Estancia de 1 noche | Enviado por móvil,5 comentarios,España
Vitoria,Escrito en 25 de agosto de 2023,"8,0",Ana,No vi ningún responsable en ningún momento.,Comodidad.,Pareja | Apartamento de 1 dormitorio | Estancia de 2 noches | Enviado por móvil,47 comentarios,España
Vitoria,Escrito en 24 de agosto de 2023,10,Mt,El sofá cama era un poco incómodo. Es la única pega que podría poner al alojamiento.,Todo estupendo,Viaje de ocio | Familia con niños pequeños | Apartamento de 1 dormitorio | Estancia de 7 noches | Enviado por móvil,7 comentarios,Países Bajos
Vitoria,Escrito en 24 de agosto de 2023,"8,0",Gustavo,El parking es adicional,"Moderno, sin contacto, en orden y con todo funcionando correctamente",Viaje de ocio | Familia con niños pequeños | Apartamento de 1 dormitorio | Estancia de 2 noches | Enviado por móvil,12 comentarios,España
Vitoria,Escrito en 24 de agosto de 2023,"9,0",Domingo,Que faltaban tazas de café y que las ventanas no se pudieran abrir un poco más.,La ubicación céntrica del hotel y la distribución del apartamento.,Viaje de ocio | Familia con niños pequeños | Apartamento de 1 dormitorio | Estancia de 22 noches | Enviado por móvil,11 comentarios,España
Vitoria,Escrito en 22 de agosto de 2023,"8,0",Antonio,"No había productos de limpieza de vajilla, ni mantel, ni paños o papel de cocina. Sin embargo el menaje estaba muy bien",Su ubicación,Viaje de ocio | Familia con niños pequeños | Apartamento de 1 dormitorio | Estancia de 1 noche | Enviado por móvil,9 comentarios,España
Vitoria,Escrito en 7 de agosto de 2023,10,Maria,El holor a humedad del baño,La situación y la cama,Viaje de ocio | Familia con niños pequeños | Apartamento Estudio | Estancia de 1 noche | Enviado por móvil,35 comentarios,España
Vitoria,Escrito en 7 de agosto de 2023,10,Esperanza,Me pareció muy práctico.No encontramos ninguna cosa mejorable,"La ubicación, la comodidad de las camas y la limpieza",Viaje de ocio | Familia con niños pequeños | Apartamento de 2 dormitorios | Estancia de 4 noches | Enviado por móvil,18 comentarios,España
Vitoria,Escrito en 7 de agosto de 2023,"7,0",Cristina,Qué las fotos confunden y parece que haces una reserva con habitación con terraza y luego no es así y la habitación no tenía ninguna vista. No me gusta que no haya recepción es muy impersonal.  Cuando hice la reserva no ponía que había que pagar por la mascota,Que tengan un kit de bienvenida con el pago de la tarifa de mascota. Hay una máquina con cosas que puedes necesitar en la recepción pero hay supermercado  cerca. La ubicación es muy buena,Viaje de ocio | Familia con niños pequeños | Apartamento de 1 dormitorio | Estancia de 1 noche | Enviado por móvil,9 comentarios,España
Vitoria,Escrito en 7 de agosto de 2023,10,Maria,"Que no haya nadie en recepción, tendría q haber alguien al menos de 3 a 5. Aunque nosotros no tuvimos problema para entrar",Apartamento muy cuidado,Viaje de ocio | Familia con niños pequeños | Apartamento de 1 dormitorio | Estancia de 1 noche | Enviado por móvil,7 comentarios,España
Vitoria,Escrito en 6 de agosto de 2023,"9,0",Raúl,Espacio un poco justo para 4 adultos y cama del sofá cama un poco incómoda,"Ubicación excepcional, edificio moderno y apartamento limpio y equipado",Viaje de ocio | Grupo de amigos | Apartamento de 1 dormitorio | Estancia de 2 noches | Enviado por móvil,15 comentarios,España
Vitoria,Escrito en 6 de agosto de 2023,"8,0",Marta,"La ducha no funcionaba correctamente. Muy difícil regular la temperatura y la presión. A parte tenía una zona rota, y salpicaba de manera continua al techo y al suelo.","El apartamento está muy bien ubicado, zona bastante céntrica. Está limpio y bien decorado. Tiene el menaje necesario y en muy buen estado. Las camas son cómodas.",Viaje de ocio | Familia con niños pequeños | Apartamento de 1 dormitorio | Estancia de 3 noches | Enviado por móvil,23 comentarios,España
Vitoria,Escrito en 6 de agosto de 2023,"8,0",Manuel,"El desayuno es un pack que dejan en el apartamento. Contiene un batiburrillo de cosas, algunas con poco sentido: colines que no se pueden acompañar con nada; mermelada sin mantequilla para el bollo; cápsula de café y leche, sin otra alternativa de bebida caliente. No creo que se pueda considerar que tiene el desayuno incluido. Es solo para resolver un apuro.","La ubicación es muy céntrica, ideal para moverse por la ciudad. Buena zona para comer. Las habitaciones amplias.",Viaje de ocio | Familia con niños pequeños | Apartamento de 1 dormitorio | Estancia de 2 noches | Enviado por móvil,83 comentarios,España
Vitoria,Escrito en 6 de agosto de 2023,"8,0",Laura,"Que no haya nadie en recepción y tengas que llamar a un número en el que te sale primero un contestador y al cabo de unos minutos te ponen con una centralita a la que le expones lo q te pasa/falta/dudas etc. Éramos tres y nos pusieron un juego de toallas y hasta que nos subieron los otros dos juegos tardaron muchisimo, tanto q decidimos salir a ver Vitoria sin ducharnos dos. Pero lo entiendo, pq la única chica q había, tenía una lista de quehaceres interminable. 
Poca comunicación con la centralita y el complejo:
Ejemplos: 
1-hicimos late check out y a las 11:04 ya vinieron a hacer la habitación y en esta situacion la trabajadora se tuvo q creer q aún no salíamos, pero a ella no la habían avisado.
2-  ídem al salir del parquing. No pudimos abrir la puerta pq no constaba q habíamos hecho late check out. Con lo cual, tienes q llamar al contestador y cruzar los dedos para q te lo cojan pronto...
El desayuno no vale la pena. Si te entra en la tarifa, perfecto pero si no, es mejor no añadirlo.","Que está todo muy limpio. Hay lavadora -secadora, cafetera de cápsulas y es muy amplio.",Viaje de ocio | Familia con niños pequeños | Apartamento de 1 dormitorio | Estancia de 1 noche | Enviado por móvil,29 comentarios,España
Vitoria,Escrito en 5 de agosto de 2023,10,Roser,"El edredón que se ponía en el sofá cama estaba algo sucio y un poco roto, pero como tampoco hacía mucho frío no hizo falta ponerlo... lo demás todo bien!","El apartamento era muy chulo! Muy acogedor, y bien equipado. Estuvimos muy cómodos!",Viaje de ocio | Familia con niños pequeños | Apartamento de 1 dormitorio | Estancia de 1 noche | Enviado por móvil,5 comentarios,España
Vitoria,Escrito en 5 de agosto de 2023,10,Constanza,,Instalaciones geniales. Tiene amplia terraza. Muy práctico hacer check-in/out online. Información detallada por mail. Se llega en 10-15’ caminando tranquilamente al centro histórico. Ideal para familias.,Viaje de ocio | Familia con niños pequeños | Apartamento Ático | Estancia de 1 noche | Enviado por móvil,,
Vitoria,Escrito en 5 de agosto de 2023,"9,0",Luis,Sólo hay camas para 3 personas en un apartamento para 4,Buena ubicación y apartamento cómodo,Viaje de ocio | Familia con niños pequeños | Apartamento de 2 dormitorios | Estancia de 1 noche | Enviado por móvil,28 comentarios,España
Vitoria,Escrito en 5 de agosto de 2023,10,Beatriz,,Espacioso y con buen menaje para la cocina,Viaje de ocio | Familia con niños pequeños | Apartamento de 1 dormitorio | Estancia de 1 noche | Enviado por móvil,,
Vitoria,Escrito en 4 de agosto de 2023,10,Xian,Nada,"Buena ubicación, andando se llega al centro y encontrarás bares y tiendas, y el precio asequible, es un hotel que no tiene recepción, todo está controlado por códigos, las puertas se abren con códigos, pero cualquier duda o necesidad les puedes escribir o llamar y te lo solucionan, tuvimos un inconveniente con el lavabo del baño, mi marido lo soluciono pero les avisé del problema y enseguida me hicieron un descuento por la inconveniencia, fueron muy responsable y eso se valora, el piso muy bien, estábamos en el piso 8, y no se oía ruidos... tenías todo lo necesario, gel de ducha, toallas, neceser de cocina.. Tostadora, cafetera, lavavajillas, lavadora. Había parking público cerca, si tienes suerte pillaras uno... ofrecen parking y desayunos de pago, hay un supermercado abajo del edificio.",Viaje de ocio | Familia con niños pequeños | Apartamento de 1 dormitorio | Estancia de 2 noches | Enviado por móvil,12 comentarios,España
Vitoria,Escrito en 4 de agosto de 2023,"8,0",Mjuncia,"El apartamento olía mucho a tabaco, imaginamos que porque había sido ocupado previamente por fumadores y las cortinas y el sofá estaban impregnados del olor. Quizás sería bueno distinguir entre fumadores y no fumadores a la hora de seleccionar el apartamento. Le hace falta un repaso de pintura a las paredes. Había muebles en la cocina y el salón que tenían manchas de manos, seria bueno repasar la limpieza en ese sentido.","La ubicación, pues está al lado del casco histórico para poder visitarlo sin tener que desplazarse. Pudimos aparcar por la zona sin problemas. Hicimos uso de la recepción online porque nos faltaban dos almohadas y nos atendieron muy rápido. El checking y checkout fueron muy sencillos de hacer. El apartamento está muy bien equipado.",Viaje de ocio | Familia con niños pequeños | Apartamento de 1 dormitorio | Estancia de 1 noche | Enviado por móvil,58 comentarios,España
Vitoria,Escrito en 3 de agosto de 2023,10,María,Nada. Todo bien,"Todo: bonito, buena ubicación, cómodo…",Viaje de ocio | Familia con niños pequeños | Apartamento de 1 dormitorio | Estancia de 3 noches | Enviado por móvil,38 comentarios,España
Vitoria,Escrito en 2 de agosto de 2023,10,Maria,Nada,"El apartamento estaba genial,  todo tipo de detalles,  todo muy limpio y encima aparcamos el coche en la misma puerta del hotel y no tuvimos que cogerlo durante la estancia.",Viaje de ocio | Familia con niños pequeños | Apartamento de 1 dormitorio | Estancia de 2 noches | Enviado por móvil,6 comentarios,España
Vitoria,Escrito en 2 de agosto de 2023,10,Nuria,,"Muy espacioso. La cocina muy bien equipada. Muy limpio. Cerca del centro.
Aparcamos sin problemas en los alrededores.
Todo online, fácil y cómodo.",Viaje de ocio | Familia con niños pequeños | Apartamento de 1 dormitorio | Estancia de 1 noche | Enviado por móvil,,
Vitoria,Escrito en 2 de agosto de 2023,10,Zulia,,Todo.,Viaje de ocio | Familia con niños pequeños | Apartamento de 1 dormitorio | Estancia de 1 noche | Enviado por móvil,,
Vitoria,Escrito en 2 de agosto de 2023,"8,0",Maria,"La limpieza de la terraza del ático,había mucho pelo de perro en el suelo y las esquinas estaban bastantes sucias,pero solo de la terraza,el interior estaba muy limpio","El apartamento era un ático con la terraza enorme,la cama comodísima y el sofá cama también.La ubicación bastante céntrica.
La limpieza del Interior del apartamento.",Familia con niños pequeños | Apartamento con terraza | Estancia de 1 noche | Enviado por móvil,2 comentarios,España
Vitoria,Escrito en 2 de agosto de 2023,"9,0",Cristina,"El sofá cama es de una calidad medio baja, con lo que dormir varias noches en él es muy incómodo",Todo estaba muy limpio y la ubicación muy buena.,Familia con niños pequeños | Apartamento de 1 dormitorio | Estancia de 1 noche | Enviado por móvil,11 comentarios,España
Vitoria,Escrito en 1 de agosto de 2023,"8,0",Aranzazu,La estancia del sofá era demasiado pequeña con el sofá abierto.,Todo estaba muy nuevo.,Viaje de ocio | Familia con niños pequeños | Apartamento de 1 dormitorio | Estancia de 1 noche | Enviado por móvil,29 comentarios,España
Vitoria,Escrito en 1 de agosto de 2023,"9,0",Mª,El sofá cama no era muy cómodo.,Muy limpio y bien situado. Luminoso. Las camareras que estaban arreglando las habitaciones fueron muy amables. La cama principal muy cómoda.,Viaje de ocio | Familia con niños pequeños | Apartamento de 1 dormitorio | Estancia de 1 noche,29 comentarios,España
Vitoria,Escrito en 1 de agosto de 2023,"8,0",Ignacio,"El desagüe de la ducha y del lavabo de cocina estaba muy tapados y se llenaba de agua. Filtraba agua por las esquinas de la ducha.
La TV no era smart como decía, no se podía conectar a internet y solo daban algunos canales locales","Ubicación, calidad y decoración",Viaje de ocio | Pareja | Apartamento Estudio | Estancia de 9 noches | Enviado por móvil,25 comentarios,España
Vitoria,Escrito en 1 de agosto de 2023,"8,0",Cristian,Al ser un primer piso se escuchaba todo el ruido de la calle por la noche.,"Un apartamento céntrico, fácil de localizar y se puede aparcar bien. Con todo lo imprescindible y bien cuidado. Ideal para los 4.",Viaje de ocio | Familia con niños pequeños | Apartamento de 1 dormitorio | Estancia de 4 noches | Enviado por móvil,3 comentarios,España
Vitoria,Escrito en 30 de julio de 2023,"7,0",María,"El ruido que había por la noche, personas de las habitaciones colindantes entrando y saliento durante toda la noche. Imposible descansar. Creo que esto se debe a que no hay nadie en recepción por la noche y, por ello, algunos de los que se alojan no cumplen las normas sobre ruidos nocturnos.",La localización y las prestaciones del apartamento,Viaje de ocio | Familia con niños pequeños | Apartamento Estudio | Estancia de 2 noches,39 comentarios,España
Vitoria,Escrito en 28 de junio de 2023,"9,0",María,Los edredones tenían manchas que hacian pensar que no estaban limpios. Me puse en contacto via e-mail con la recepción on line (eran las 23:00 +/-) y en 10/15' trajeron a la habitación las sábanas que pedí.,"La ubicación es excelente, a un paso del centro histórico pero sin estar en medio del bullicio, lo que permite un buen  descanso. El apartamento en conjunto resulta muy agradable,   la cocina está muy bien equipada.  El parking en el mismo edificio es muy cómodo.",Viaje de ocio | Familia con niños pequeños | Apartamento de 1 dormitorio | Estancia de 3 noches | Enviado por móvil,17 comentarios,España
Vitoria,Escrito en 28 de junio de 2023,"9,0",Bárbara,,Muy confortable,Viaje de ocio | Familia con niños pequeños | Apartamento de 1 dormitorio | Estancia de 1 noche | Enviado por móvil,,
Vitoria,Escrito en 27 de junio de 2023,"8,0",Guadalupe,"los códigos de las puertas no funcionaban siempre. Me parece un poco complicado el hacerlo todo online.el sofá cama estaba un poco estropeado",la ubicación y la amplitud y confort del apartamento,Viaje de ocio | Familia con niños pequeños | Apartamento de 1 dormitorio | Estancia de 3 noches,18 comentarios,España
Vitoria,Escrito en 27 de junio de 2023,10,Maria,,Esta muy bien situado y es tranquilo y cómodo.,Viaje de ocio | Pareja | Apartamento Estudio | Estancia de 3 noches | Enviado por móvil,,
Vitoria,Escrito en 25 de junio de 2023,"8,0",Mireia,"El sofá cama no era nada cómodo,estaba abombado completamente y era imposible dormir en él",Su ubicación,Viaje de ocio | Familia con niños pequeños | Apartamento de 1 dormitorio | Estancia de 4 noches | Enviado por móvil,21 comentarios,España
Vitoria,Escrito en 25 de junio de 2023,10,José,Nada. Todo bien,"Tenía mis dudas por lo del carácter online de todo, tanto el check in como el checkout, como la contratación de extras, todo a través de la app. Pero todo está muy bien organizado y cuando lo necesite por un problema, me atendieron estupendamente en el teléfono indicado en la APP. Todo limpio, bien dotado el apartamento y la ubicación excelente.",Viaje de ocio | Familia con niños pequeños | Apartamento de 1 dormitorio | Estancia de 2 noches | Enviado por móvil,44 comentarios,España
Vitoria,Escrito en 22 de junio de 2023,"8,0",Julitog3,"No tenía horno a pesar de que en algunas fotos si que venía.
Tampoco tenía tostador de pan.
No tenía ningún rollo de papel de cocina o servilletas en su defecto","La ubicación, cerca del centro.
Era bonito, cómodo y limpio",Viaje de ocio | Familia con niños pequeños | Apartamento Estudio | Estancia de 2 noches | Enviado por móvil,18 comentarios,España
Vitoria,Escrito en 22 de junio de 2023,"9,0",Leire,,Todo muy limpio y practico.,Viaje de negocios | Familia con niños pequeños | Apartamento de 1 dormitorio | Estancia de 1 noche | Enviado por móvil,,
Vitoria,Escrito en 21 de junio de 2023,10,Jessica,"Nada, todo excelente","La ubicación es excelente, muy cerca del centro de la ciudad",Viaje de ocio | Familia con niños pequeños | Apartamento de 1 dormitorio | Estancia de 1 noche | Enviado por móvil,14 comentarios,España
Vitoria,Escrito en 18 de junio de 2023,"8,0",Marta,"El sofá cama no se desplegaba bien del todo y no era muy cómodo. El horario de salida cada vez más temprano, a las 11 fuera (salvo que pagues más claro).","Muy bien ubicado, amplio y limpio.",Viaje de ocio | Grupo de amigos | Apartamento de 1 dormitorio | Estancia de 2 noches | Enviado por móvil,4 comentarios,España
Vitoria,Escrito en 17 de junio de 2023,"8,0",Sergio,"Se oía mucho el ruido del pasillo aunque no impedía dormir. También he echado en falta algo de complementos alimenticios, por ejemplo, algo de azúcar, café y aceite",La localización y la limpieza,Viaje de ocio | Familia con niños pequeños | Apartamento de 1 dormitorio | Estancia de 2 noches | Enviado por móvil,18 comentarios,España
Vitoria,Escrito en 17 de junio de 2023,"9,0",Natpao,"El sofá cama era súper incómodo para dormir y no tenia almohadas para él,hubiese sido mejor poner una cama nido en la habitación individual o un sofá más confortable.
La llave digital no iba bien,costaba mucho que abriera la puerta..Hemos tenido que utilizar los códigos porque solo funcionaba en un móvil.","La ubicación es excelente para movilizarse andando por la ciudad, cerca de comercio y restauración.El edificio y departamento nuevo y limpio.Muy bien equipado,con todo lo necesario.Dos baños exactos amplios y cómodos.Las camas eran muy confortables.",Viaje de ocio | Grupo de amigos | Apartamento de 2 dormitorios | Estancia de 1 noche | Enviado por móvil,56 comentarios,España
Vitoria,Escrito en 16 de junio de 2023,"9,0",Christophe,,bastante acogedor,Viaje de ocio | Pareja | Apartamento de 1 dormitorio | Estancia de 2 noches | Enviado por móvil,,
Vitoria,Escrito en 15 de junio de 2023,"8,0",Soledad,"por dejar un comentario, el tema de las máquinas expendedoras, debería de haber más variedad, llegamos tarde y ya no había nada abierto.",,Viaje de ocio | Familia con niños pequeños | Apartamento de 1 dormitorio | Estancia de 1 noche,7 comentarios,España
Vitoria,Escrito en 14 de junio de 2023,"8,0",C,,"El apartamento es céntrico. Es cómodo y con todo lo necesario en cuanto a utensilios de cocina y accesorios básicos. Completo en cuanto a electrodomésticos.
Tuvimos un problema con la tv el primer día y nos cambiaron de habitación.
El personal a través del tlf funciona bien y rápido.
No habíamos estado en un apartamento de este tipo con el checking online, pero nos resultó sencillo.
Nos gustó mucho el apartamento y estuvimos 4 días en Vitoria muy bien.
Recomendable calidad/precio.",Viaje de ocio | Familia con niños pequeños | Apartamento de 1 dormitorio | Estancia de 2 noches | Enviado por móvil,,
Vitoria,Escrito en 14 de junio de 2023,"7,0",Miguel,Demasiada tecnologia,Ubicacion y precio,Viaje de ocio | Familia con niños pequeños | Apartamento Estudio | Estancia de 4 noches | Enviado por móvil,85 comentarios,España
Vitoria,Escrito en 12 de junio de 2023,"9,0",Rosa,el enchufe que hay en la zona de la cocina està mal situado,ubicación y comodidad,Viaje de ocio | Grupo | Apartamento de 1 dormitorio | Estancia de 3 noches,13 comentarios,España
Vitoria,Escrito en 12 de junio de 2023,10,Josefa,El cierre de seguridad de las ventanas.,La ubicación y la habitación excelente.,Viaje de ocio | Familia con niños pequeños | Apartamento de 1 dormitorio | Estancia de 2 noches | Enviado por móvil,3 comentarios,España
Vitoria,Escrito en 11 de junio de 2023,"8,0",Angie,El sofá cama muy incomodo. Pero la cama comodisima.,Habitación espaciosa y moderna. Pequeña cocina con todo lo necesario aunque no la usamos. Baño con ducha muy grande. En general muy satisfecha.,Viaje de ocio | Grupo | Apartamento de 1 dormitorio | Estancia de 1 noche | Enviado por móvil,21 comentarios,España
Vitoria,Escrito en 11 de junio de 2023,10,María,,"La atención del personal.  Muy amables, educados y resolutivos",Viaje de ocio | Familia con niños pequeños | Apartamento de 1 dormitorio | Estancia de 1 noche | Enviado por móvil,,
Vitoria,Escrito en 11 de junio de 2023,10,Laura,Todo perfecto.,"Ubicación, a 10 min del centro caminando.
Muy limpio, moderno y cómodo. El sofá cama era muy grande.
Tiene todo lo necesario para cocinar y pasar unos días perfectos.
No tiene recepción o personal todo el tiempo, pero puedes contactar con ellos en todo momento. Este nuevo modelo de atención ha sido muy satisfactorio.
No tienes llave física, si no una contraseña haciendo todo muy fácil.",Viaje de ocio | Familia con niños pequeños | Apartamento de 1 dormitorio | Estancia de 4 noches | Enviado por móvil,29 comentarios,España
Vitoria,Escrito en 9 de junio de 2023,10,Miguel,,"Apartamento muy cómodo, tranquilo y perfectamente equipado. A 7 minutos andando de la plaza de la Virgen Blanca. El garaje en el mismo edificio. 
Con la calidad de un 4 estrellas",Viaje de ocio | Familia con niños pequeños | Apartamento de 1 dormitorio | Estancia de 2 noches | Enviado por móvil,,
Vitoria,Escrito en 9 de junio de 2023,"9,0",Guadalupe,todo estaba bien,limpio y espacioso,Viaje de ocio | Familia con niños pequeños | Apartamento de 2 dormitorios | Estancia de 2 noches | Enviado por móvil,74 comentarios,España
Vitoria,Escrito en 8 de junio de 2023,"9,0",Lagos,"El desayuno ""continental"".. Una vergüenza",Las instalaciones,Viaje de ocio | Pareja | Apartamento Estudio | Estancia de 3 noches | Enviado por móvil,2 comentarios,España
Vitoria,Escrito en 7 de junio de 2023,"8,0",Susana,El sofá cama,,Viaje de ocio | Familia con niños pequeños | Apartamento de 1 dormitorio | Estancia de 1 noche,28 comentarios,España
Vitoria,Escrito en 5 de mayo de 2023,10,Laura,Todo genial,"Tuve un problema con el apartamento y me lo solucionaron super rápido.Està muy bien ubicado sin estar en pleno centro, con lo que se puede aparcar gratis en la calle con facilidad.",Viaje de negocios | Persona que viaja sola | Apartamento Estudio | Estancia de 1 noche,29 comentarios,España
Vitoria,Escrito en 4 de mayo de 2023,10,Leire,las vistas,ubicación,Pareja | Apartamento de 1 dormitorio | Estancia de 1 noche | Enviado por móvil,35 comentarios,España
Vitoria,Escrito en 4 de mayo de 2023,"8,0",Olga,El sofá cama no es muy cómodo,"Apartamento espacioso y muy cerca del centro, con utensilios de cocina y baño muy grande",Viaje de ocio | Familia con niños pequeños | Apartamento de 2 dormitorios | Estancia de 2 noches | Enviado por móvil,12 comentarios,España
Vitoria,Escrito en 4 de mayo de 2023,"9,0",Francisco,Que no hubiera nadie en recepción y todo fuera online,El apartamento fue muy cómodo y la atención telefónica muy efeciente,Viaje de ocio | Familia con niños pequeños | Apartamento de 1 dormitorio | Estancia de 2 noches,5 comentarios,España
Vitoria,Escrito en 3 de mayo de 2023,"9,0",Cristina,Las vistas desde la ventana daban a un patio trasero.,"Ubicación, facilidad de parking en las inmediaciones y la facilidad del check in.La habitacion esta totalmente equipada para un par de dias en la ciudad.",Viaje de ocio | Pareja | Apartamento Estudio | Estancia de 1 noche,52 comentarios,España
Vitoria,Escrito en 3 de mayo de 2023,"9,0",Silvia,lo de entran con codigos me causo cierto nerviosismo porque no llegabamos a recibir el mail con el numero de apartamento. Hubiera preferido poder ser atendido personalmente por alguien,ubicacion,Viaje de ocio | Grupo | Apartamento de 1 dormitorio | Estancia de 4 noches,20 comentarios,España
Vitoria,Escrito en 2 de mayo de 2023,10,Saray,"poco menaje, teniendo en cuenta q hay lavavajillas…",todo,Viaje de ocio | Familia con niños pequeños | Apartamento de 1 dormitorio | Estancia de 2 noches | Enviado por móvil,22 comentarios,España
Vitoria,Escrito en 2 de mayo de 2023,"8,0",Lorena,"Hay parking, pero son 14€/dia. Nosotras hemos aparcado en los alrededores, hay bastante “zona blanca”.
El desayuno que ofrecen podría ser mucho mejor y completo.
Éramos 3 personas y solamente teniamos 2 toallas, no hay personal en el hotel, es todo por internet, he intentado ponerme en contacto para solucionar el problema, pero hablar con un robot es un poco difícil…😵‍💫","La ubicación genial, a 6 min caminando del casco viejo. En plena calle principal de Vitoria. Apartahotel muy limpio, cómodo y nuevo. En la cocina variedad de utensilios, lavavajillas, lavadora… En el baño hay secador. 
El chek in es sencillo y en el momento que consigues el codigo de la llave es sencillo acceder.",Viaje de ocio | Grupo | Apartamento de 1 dormitorio | Estancia de 1 noche | Enviado por móvil,21 comentarios,España
Vitoria,Escrito en 30 de abril de 2023,"8,0",Ana,"El mantenimiento de la habitación, las cortinas estaban rotas y no se podían cerrar para tener intimidad, la cisterna del baño no tenía suficiente potencia y la escobilla se rompía.",La habitación cómoda y amplia.,Viaje de ocio | Familia con niños pequeños | Apartamento de 1 dormitorio | Estancia de 1 noche | Enviado por móvil,3 comentarios,España
Vitoria,Escrito en 25 de abril de 2023,10,Zurineka,"Tener q hacer todo on line y la incertidumbre de claves y horarios. 
Pero todo salió perfecto para la primera vez q reservábamos con este sistema y no ser expertos en las nuevas formas de hotel sin personal.",La ubicación y la limpieza.,Viaje de ocio | Familia con niños pequeños | Apartamento de 2 dormitorios | Estancia de 2 noches | Enviado por móvil,82 comentarios,España
Vitoria,Escrito en 19 de abril de 2023,10,María,,Buena porque para nuestros asuntos de maravilla,Viaje de ocio | Pareja | Apartamento de 1 dormitorio | Estancia de 1 noche,,
Vitoria,Escrito en 19 de abril de 2023,"8,0",Baltasar,El check-in on line es el peor que he visto. No llega a escanear el DNI por lo que hay que cumplimentar todos los datos de los viajeros en el hall. Cuando reservas te cargan 1 euro que no te devuelven y que no figura en el precio de la habitación,Las instalaciones,Viaje de ocio | Pareja | Apartamento de 1 dormitorio | Estancia de 1 noche | Enviado por móvil,12 comentarios,España
Vitoria,Escrito en 18 de abril de 2023,"7,0",Raquel,El horario. Quizas la salida mejor a las 12:00. Y el horario del parking que se pueda usar más tiempo,Ubicación y sentir que había lo necesario,Viaje de ocio | Familia con niños pequeños | Apartamento de 1 dormitorio | Estancia de 1 noche | Enviado por móvil,28 comentarios,España
Vitoria,Escrito en 18 de abril de 2023,"7,0",Japaspe,Todo por internet. Muy impersonal. No puedes hablar con nadie si tienes problemas,,Viaje de negocios | Familia con niños pequeños | Apartamento de 1 dormitorio | Estancia de 1 noche | Enviado por móvil,91 comentarios,España
Vitoria,Escrito en 18 de abril de 2023,10,Jaime,,"Apartahotel impecable en todos los aspectos, limpieza, modernidad, servicios. Una maravilla de alojamiento",Viaje de ocio | Familia con niños pequeños | Apartamento de 2 dormitorios | Estancia de 1 noche | Enviado por móvil,,
Vitoria,Escrito en 17 de abril de 2023,"7,0",Itsaso,"Quizá la limpieza de zonas comunes. Aún así, nada grave.","Ubicación perfecta. Ático con terraza espacioso luminoso y cómodo. La limpieza correcta aunque se podría mejorar. 
Ningún problema de acceso.
Todo correcto.",Viaje de ocio | Pareja | Apartamento con terraza | Estancia de 2 noches | Enviado por móvil,53 comentarios,España
Vitoria,Escrito en 17 de abril de 2023,10,Soledad,,Son apartamentos grandes limpios y muy silenciosos.,Viaje de ocio | Grupo | Apartamento de 1 dormitorio | Estancia de 2 noches,,
Vitoria,Escrito en 17 de abril de 2023,"8,0",Alberto,"El colchón del sofá cama, es muy mejorable.","La ubicación es muy buena, cerca del casco histórico. Buena insonorización de las habitaciones.",Viaje de ocio | Familia con niños pequeños | Apartamento de 1 dormitorio | Estancia de 2 noches,15 comentarios,España
Vitoria,Escrito en 17 de abril de 2023,"8,0",Igor,el proceso de check-in y obtención de la llave no es apto para cualquiera…,todo genial,Viaje de ocio | Grupo | Apartamento de 1 dormitorio | Estancia de 1 noche | Enviado por móvil,64 comentarios,España
Vitoria,Escrito en 16 de abril de 2023,"9,0",Antonio,Nada que detallar.,"Buen apartamento equipado con todo lo necesario.
Buena ubicación.",Viaje de ocio | Pareja | Apartamento de 1 dormitorio | Estancia de 1 noche | Enviado por móvil,79 comentarios,España
Vitoria,Escrito en 15 de abril de 2023,10,Marivi,Nada,"La relación calidad-precio, la ubicación, la limpieza y las instalaciones",Viaje de ocio | Familia con niños pequeños | Apartamento de 1 dormitorio | Estancia de 3 noches | Enviado por móvil,10 comentarios,España
Vitoria,Escrito en 15 de abril de 2023,10,Montse,Todo perfecto para mi gusto.,Perfecta ubicación e instalaciones.,Viaje de ocio | Persona que viaja sola | Apartamento de 1 dormitorio | Estancia de 1 noche | Enviado por móvil,7 comentarios,España
Vitoria,Escrito en 13 de abril de 2023,"8,0",Clarissa,Pueden prescindir del desayuno. Me lo cobraron dos veces!  Cuando hice la reserva que lo pagué con desayuno incluido y al querer hacer el check aut no me dejaban hacerlo on line porque decía falta pagar su desayuno!,,Viaje de ocio | Familia con niños pequeños | Apartamento de 1 dormitorio | Estancia de 1 noche | Enviado por móvil,14 comentarios,Argentina
Vitoria,Escrito en 13 de abril de 2023,10,Aitor,"Por poner un pero, y sólo por poner algo malo, las almohadas y el colchón me parecieron demasiado blandas, pero es un tema muy personal, entiendo que quizá a otros huéspedes les pareciera correcto.",La ubicación. Cerca de todo. Además tiene un supermercado justo al lado. Las instalaciones muy bien también. Todo muy limpio. Muy recomendable. Cumplió mis expectativas. Sin duda si vuelvo a dormir en Vitoria-Gasteiz repetiré.,Viaje de ocio | Familia con niños pequeños | Apartamento de 1 dormitorio | Estancia de 3 noches | Enviado por móvil,12 comentarios,España
Vitoria,Escrito en 12 de abril de 2023,"8,0",Sonia,,La Ubicación,Viaje de ocio | Familia con niños pequeños | Apartamento de 2 dormitorios | Estancia de 1 noche,,
Vitoria,Escrito en 25 de marzo de 2023,"9,0",Olga,Quizá pienso que con dos ascensores se queda corto para la cantidad de apartamentos que hay,"Ubicación excelente. Apartamento amplio, cómodo y son nada de ruido. Con lo necesario para, en nuestro caso, una estancia corta.",Viaje de ocio | Pareja | Apartamento de 1 dormitorio | Estancia de 6 noches | Enviado por móvil,1 comentario,España
Vitoria,Escrito en 24 de marzo de 2023,"9,0",Alvaro,Me faltó un kit de cocina al menos con un estropajo y una balleta.,"Zona blanca alrededor para aparcar, apartamento amplio, limpio, comodo y bien equipado. Aunque no veas a nadie de personal al llamar al telefonillo de la puerta en seguida me ayudaron.",Viaje de ocio | Familia con niños pequeños | Apartamento de 1 dormitorio | Estancia de 5 noches | Enviado por móvil,49 comentarios,España
Vitoria,Escrito en 21 de marzo de 2023,10,Cristina,nada,todo,Viaje de negocios | Grupo | Apartamento de 1 dormitorio | Estancia de 2 noches | Enviado por móvil,57 comentarios,España
Vitoria,Escrito en 21 de marzo de 2023,10,José,"No hay nada que no megustara, muchas gracias.","Todo en general sobre todo el personal de portería. Que me ayudó  mucho con la informática,  muchas gracias.",Viaje de ocio | Pareja | Apartamento de 1 dormitorio | Estancia de 1 noche | Enviado por móvil,3 comentarios,España
Vitoria,Escrito en 20 de marzo de 2023,"8,0",Maria,la limpieza un poco mejorable aunque no es que estuviera muy sucio,ubicación y comodidad del apartamento,Viaje de ocio | Familia con niños pequeños | Apartamento de 1 dormitorio | Estancia de 2 noches | Enviado por móvil,23 comentarios,España
Vitoria,Escrito en 20 de marzo de 2023,"7,0",David,"ajustar el precio en un establecimiento sin atención en personacuidar pequeños detalles",limpio y bien ubicado,Viaje de ocio | Familia con niños pequeños | Apartamento de 1 dormitorio | Estancia de 2 noches,9 comentarios,España
Vitoria,Escrito en 20 de marzo de 2023,10,Montserrat,,"muy acogedor y todo muy bien detallado (cocina, secador, toallas…)",Viaje de ocio | Familia con niños pequeños | Apartamento de 1 dormitorio | Estancia de 2 noches | Enviado por móvil,,
Vitoria,Escrito en 19 de marzo de 2023,"9,0",Tesbos,"Faltaban servilletas de papel y un trapo de cocina, por ponerle alguna pega","La ubicación, limpieza y silencio",Viaje de ocio | Familia con niños pequeños | Apartamento de 1 dormitorio | Estancia de 2 noches | Enviado por móvil,18 comentarios,España
Vitoria,Escrito en 19 de marzo de 2023,"9,0",Gaizka,Faltaba un poco de limpieza,La instalación es muy cómoda,Viaje de ocio | Familia con niños pequeños | Apartamento de 1 dormitorio | Estancia de 1 noche | Enviado por móvil,17 comentarios,España
Vitoria,Escrito en 16 de marzo de 2023,"9,0",Idoiai,,"La ubicación
La limpieza",Viaje de ocio | Grupo de amigos | Apartamento de 1 dormitorio | Estancia de 1 noche | Enviado por móvil,,
Vitoria,Escrito en 16 de marzo de 2023,"8,0",Pilar,,"Apartamento muy amplio, cómodo, bien ubicado.",Viaje de ocio | Pareja | Apartamento de 1 dormitorio | Estancia de 1 noche | Enviado por móvil,,
Vitoria,Escrito en 13 de marzo de 2023,10,Nerea,La hora de salida del apartamento,Agradable y buena ubicación,Viaje de ocio | Grupo | Apartamento de 2 dormitorios | Estancia de 1 noche | Enviado por móvil,17 comentarios,España
Vitoria,Escrito en 12 de marzo de 2023,"9,0",Carlos,"Al no haber recepción física, llegamos 5 minutos antes de las 15h y no es posible entrar en la habitación hasta que sea la hora exacta independientemente de que la habitación esté lista. Es lo que tienen máquinas...",Apartamentos modernos y prácticos. Buena ubicación.,Viaje de ocio | Familia con niños pequeños | Apartamento de 1 dormitorio | Estancia de 1 noche | Enviado por móvil,3 comentarios,España
Vitoria,Escrito en 12 de marzo de 2023,"8,0",Mikel,"La ducha no tiene plato, ni está separada del propio baño por mampara. No tragaba bien el agua y todo el baño se llenaba de agua, aunque entiendo que es un problema puntual en nuestra habitación, del que dimos parte al servicio para que lo reparen",La ubicación es muy buena. El entorno es tranquilo. La habitación dispone de todas las facilidades. El baño es muy amplio y la cama muy cómoda,Viaje de ocio | Pareja | Apartamento Estudio | Estancia de 1 noche | Enviado por móvil,28 comentarios,España
Vitoria,Escrito en 9 de marzo de 2023,"7,0",Isra,no había papel de wc y aun poniendo el termostato a 15 grados hizo mucha calor toda la noche.,"moderno, bastante limpio",Viaje de ocio | Familia con niños pequeños | Apartamento de 1 dormitorio | Estancia de 1 noche | Enviado por móvil,4 comentarios,España
Vitoria,Escrito en 8 de marzo de 2023,10,Pamela,"El colchón del sofá cama. Tenía moho la parte de abajo y era un poco incómodo. Pero lo demás de lo lujo.
La forma del check-in es todo online o por app.
Recomiendo apuntar en un papel el número para abrir las puertas, porque si te quedas sin batería no podrás abrir, pero no obstante hay un telefonillo para que puedan ayudar.","La ubicación super cerca al casco antiguo, de las tiendas y a 20 min andando a la estación central de Vitoria  y la limpieza de apartamento en general. Tenia todo lo necesario para cocinar y comer.",Viaje de ocio | Familia con niños pequeños | Apartamento de 1 dormitorio | Estancia de 3 noches | Enviado por móvil,12 comentarios,España
Vitoria,Escrito en 7 de marzo de 2023,"9,0",Gómez,"No hay personal, es todo virtual. No esperes que haya sal o aceite en la cocina","Ubicación, limpieza",Viaje de ocio | Familia con niños pequeños | Apartamento de 1 dormitorio | Estancia de 1 noche | Enviado por móvil,15 comentarios,España
Vitoria,Escrito en 7 de marzo de 2023,"9,0",Vanesa,,todo,Viaje de ocio | Familia con niños pequeños | Apartamento de 1 dormitorio | Estancia de 1 noche | Enviado por móvil,,
Vitoria,Escrito en 6 de marzo de 2023,"8,0",Naya,"Es muy impersonal, pero tampoco es que sea negativo. Nosotros no tuvimos ningún problema para entrar o registrarnos.",Muy cómodo y tranquilo. Muy bien ubicado y muy limpio.,Viaje de ocio | Familia con niños pequeños | Apartamento de 1 dormitorio | Estancia de 1 noche | Enviado por móvil,14 comentarios,España
Vitoria,Escrito en 3 de marzo de 2023,10,Jose,,"Todo en general.Apartamento y ubicación de 10.",Viaje de ocio | Familia con niños pequeños | Apartamento de 1 dormitorio | Estancia de 1 noche | Enviado por móvil,,
Vitoria,Escrito en 3 de marzo de 2023,"9,0",Marina,,"Apartamento amplio, limpio y completamente equipado. Muy acogedor, estuvimos solo una noche y nos dio pena no poder aprovecharlo más. Cama cómoda. Hay aparcamiento gratis en las calles de alrededor. No hay recepción física, pero el acceso con claves fue rápido y sencillo. Se puede ir caminando al Casco Viejo.",Viaje de ocio | Pareja | Apartamento de 1 dormitorio | Estancia de 1 noche | Enviado por móvil,,
Vitoria,Escrito en 1 de marzo de 2023,10,Daniel,,"La cama XL, el suelo calefactado, el pack del desayuno. Se nota que está todo cuidado con mucho detalle.",Viaje de negocios | Persona que viaja sola | Apartamento Estudio | Estancia de 1 noche | Enviado por móvil,,
Vitoria,Escrito en 24 de febrero de 2023,"9,0",Verónica,Se oye demasiado el ruido de la calle.,"Apartamiento cómodo, nuevo y con todo lo necesario.",Viaje de ocio | Grupo de amigos | Apartamento de 1 dormitorio | Estancia de 1 noche | Enviado por móvil,11 comentarios,España
Vitoria,Escrito en 23 de febrero de 2023,"8,0",Sheyla,"Para nuestro gusto, para ser un hotel de dos estrellas el sofá -cama debería tener mejor calidad.
El colchón era muy fino y la estructura muy floja que parecía que te ibas al suelo.","La ubicación es perfecta. Tiene parking el propio alojamiento y eso es un plus.
El alojamiento cumple con lo necesario.",Viaje de ocio | Familia con niños pequeños | Apartamento de 2 dormitorios | Estancia de 1 noche | Enviado por móvil,27 comentarios,España
Vitoria,Escrito en 23 de febrero de 2023,"8,0",Manuel,"El sofá cama no era muy cómodo. Y tenía solo lo mínimo imprescindible para cocinar, te cobran extra por tener sal y aceite. El trato es totalmente impersonal, no hubo interacción con nadie del personal durante la estancia","Muy buena ubicación, moderno y buena calefacción",Viaje de ocio | Grupo de amigos | Apartamento de 1 dormitorio | Estancia de 1 noche | Enviado por móvil,42 comentarios,España
Vitoria,Escrito en 6 de enero de 2023,"8,0",Silvare,No hay extractor de olores en el baño y la cama del sofá no tiene funda para el nórdico,La ubicación y la comunicación con el personal,Viaje de ocio | Familia con niños pequeños | Apartamento de 1 dormitorio | Estancia de 3 noches | Enviado por móvil,48 comentarios,España
Vitoria,Escrito en 6 de enero de 2023,"9,0",Cristina,Las almohadas.,Muy cerca del centro.,Viaje de ocio | Familia con niños pequeños | Apartamento Estudio | Estancia de 2 noches | Enviado por móvil,3 comentarios,España
Vitoria,Escrito en 6 de enero de 2023,10,Natalves,,"Excepcional, nos ha gustado todo, ubicación, limpieza, decoración, cómodo, amplio, calentito y muy bien aislado. Cocina equipada con microondas, inducción, tostadora, lavavajillas, lavadora, cafetera Nespresso y todos los utensilios para cuatro personas. Plato de ducha gigante. 
Muy cómodo, rápido y práctico el chec-in.",Viaje de ocio | Familia con niños pequeños | Apartamento de 1 dormitorio | Estancia de 2 noches | Enviado por móvil,,
Vitoria,Escrito en 5 de enero de 2023,10,Silvia_ramir,La entrada a las 15 horas podía ser antes,La ubicación perfecta,Viaje de ocio | Familia con niños pequeños | Apartamento de 1 dormitorio | Estancia de 2 noches | Enviado por móvil,4 comentarios,España
Vitoria,Escrito en 5 de enero de 2023,"8,0",Ana,faltaba limpieza en vasos platos etc,diseño,Viaje de ocio | Familia con niños pequeños | Apartamento de 1 dormitorio | Estancia de 2 noches | Enviado por móvil,17 comentarios,España
Vitoria,Escrito en 4 de enero de 2023,"9,0",Juan,algunos desperfectos efectuados por los huéspedes. pero esto no es culpa del alojamiento.,alojamiento nuevo con todas las comodidades.  muy cerca del centro y con zona libre de pago para aparcar en los alrededores.,Viaje de ocio | Familia con niños pequeños | Apartamento de 1 dormitorio | Estancia de 1 noche | Enviado por móvil,25 comentarios,España
Vitoria,Escrito en 4 de enero de 2023,10,Oscar,,"Apartamentos perfectamente equipados, modernos. de diseño y muy limpios. Ubicación excepcional.",Viaje de ocio | Familia con niños pequeños | Apartamento de 1 dormitorio | Estancia de 1 noche | Enviado por móvil,,
Vitoria,Escrito en 4 de enero de 2023,10,Alaitz,,"La limpieza, la ubicación y la facilidad en el check-in.",Viaje de ocio | Familia con niños pequeños | Apartamento de 1 dormitorio | Estancia de 2 noches | Enviado por móvil,,
Vitoria,Escrito en 4 de enero de 2023,"7,0",Lgarrigosa,,"Podria mejorarse,",Viaje de ocio | Pareja | Apartamento Estudio | Estancia de 3 noches,,
Vitoria,Escrito en 4 de enero de 2023,"9,0",Irene,,ubicación y espacio limpio y en condiciones,Viaje de ocio | Familia con niños pequeños | Apartamento de 1 dormitorio | Estancia de 1 noche | Enviado por móvil,,
Vitoria,Escrito en 4 de enero de 2023,"7,0",Ismael,Ropa para el sofá cama escasa,Buena ubicación. Cocina con equipamiento correcto.,Viaje de ocio | Familia con niños pequeños | Apartamento de 1 dormitorio | Estancia de 3 noches | Enviado por móvil,30 comentarios,España
Vitoria,Escrito en 3 de enero de 2023,"7,0",Rosa,"No pudimos alargar unas horas la estancia.
No nos dejaron suficiente gel y champú.
Vistas poco agradables.",Buena distribución del espacio,Viaje de ocio | Familia con niños pequeños | Apartamento de 1 dormitorio | Estancia de 1 noche | Enviado por móvil,16 comentarios,España
Vitoria,Escrito en 3 de enero de 2023,10,Angel,,Todo,Viaje de ocio | Familia con niños pequeños | Apartamento de 1 dormitorio | Estancia de 2 noches | Enviado por móvil,,
Vitoria,Escrito en 2 de enero de 2023,10,Fernandez,estaba todo perfecto,"muy acogedor, limpio y amplio",Familia con niños pequeños | Apartamento Estudio | Estancia de 1 noche | Enviado por móvil,4 comentarios,España
Vitoria,Escrito en 2 de enero de 2023,"8,0",Guillermo,No disponer del buffet desayuno al ser fechas navideñas. Aunque nos dejaron el desayuno en el apartamento y fue muy correcto,"La localización
La facilidad para poder contactar con el establecimiento y lo rápido que nos ayudaron a solucionar los problemas de check in",Familia con niños pequeños | Apartamento de 2 dormitorios | Estancia de 1 noche | Enviado por móvil,28 comentarios,España
Vitoria,Escrito en 1 de enero de 2026,"6,0",Elena,"Que sea tan impersonal: no tener personas trabajando en recepción.
El sofá cama incómodo.",La ubicación,Viaje de ocio | Persona que viaja sola | Apartamento de 1 dormitorio | Estancia de 1 noche | Enviado por móvil,1 comentario,España
Vitoria,Escrito en 26 de noviembre de 2025,"4,0",Lopez,Es un poco cutre para el precio que tiene.,El personal y la Ubicacion,Viaje de negocios | Pareja | Apartamento Estudio | Estancia de 4 noches | Enviado por móvil,10 comentarios,España
Vitoria,Escrito en 16 de noviembre de 2025,"6,0",Rober,"Las camas y el sofá cama es indigno para un alojamiento de 190€ la noche. La habitación huele a perro, puesto que esta permitido el acceso de mascotas y el olor no desaparece si no se limpia a conciencia.","La ubicación perfecta, lugar tranquilo y perfectamente situado.",Viaje de ocio | Pareja | Apartamento de 1 dormitorio | Estancia de 1 noche | Enviado por móvil,13 comentarios,España
Vitoria,Escrito en 5 de noviembre de 2025,"1,0",Nuria,,"No puedo valorar la reserva, cuando Booking me cancelo la reserva el mismo dia por la mañana. Sin ningun tipo de explicacionTenia pagado el alojamienot desde hacia 2 dias, y habia hecho el ckeking el dia antes, recibiendo el codigo para poder entrar.Hice el viaje a Vitoria, en vano. No habia disponibilidad de habitaciones en Vitoria.Booking realmente mal.",Viaje de negocios | Persona que viaja sola | Apartamento de 1 dormitorio | Estancia de 2 noches,,
Vitoria,Escrito en 14 de septiembre de 2025,"6,0",Eva,"Muy caro para lo pequeño que es, dormí en el sofá cama y se hundía, estaba muy trillado y no me podía mover por el ruido que hacía. Solo dos butacas para comer cuando me lo vendes como un apartamento para tres?","La localización, no muy lejos del centro pero tampoco en medio de la fiesta.
Las toallas, eran grandes y maravillosas.",Viaje de ocio | Familia con niños pequeños | Apartamento de 1 dormitorio | Estancia de 1 noche | Enviado por móvil,13 comentarios,España
Vitoria,Escrito en 24 de agosto de 2025,"6,0",Marina,"El apartamento estaba bien pero algo sucio. 
Las fundas del edredón y de las almohadas del sofá cama parecía  que estaban sin lavar y algunas toallas de la ducha tenian un color amarillento.  El resto de sábanas estaban bien. 
En el suelo habia manchas también. 
La tostadora no funcionaba y el sofá cama estaba un poco deteriorado, pero pudimos usarlo.
Únicamente pasamos una noche y no intentamos solucionarlo, así que no puedo valorar el servicio de recepción.","Ubicación, zona con mucho aparcamiento y a 15 minutos andando del centro. 
Bien aislado de ruidos.",Viaje de ocio | Familia con niños pequeños | Apartamento de 2 dormitorios | Estancia de 1 noche | Enviado por móvil,5 comentarios,España
Vitoria,Escrito en 22 de agosto de 2025,"4,0",Aplaca2,"No entendemos como no hay un mantenimiento de la habitación diario o cada 2 dias. Solo ofrecen uno gratuito cada 8 días de estancia. Siendo así, no entendemos tampoco que no dejen un kit de limpieza básico. La estancia no incluye nada de eso, todo es a base de pagar extras. Limpieza un extra, kit de limpieza otro extra, entrada al hotel antes de las 3 otro extra y así con todo. 
Por otro lado el sofá cama está totalmente destrozado, es como un acordeón que se hunde por todos lados. Así como las almohadas, no pueden ser más incómodas, dónde apoyas la cabeza se queda sin relleno y se va para los lados.",El apartamento era bonito y está en una buena zona,Viaje de ocio | Familia con niños pequeños | Apartamento de 1 dormitorio | Estancia de 5 noches | Enviado por móvil,3 comentarios,España
Vitoria,Escrito en 19 de agosto de 2025,"5,0",Geno,"Salía poca presión del grifo de la ducha del lavabo ,",Las vista,Viaje de ocio | Familia con niños pequeños | Apartamento con terraza | Estancia de 7 noches | Enviado por móvil,6 comentarios,España
Vitoria,Escrito en 11 de agosto de 2025,"3,0",Jose,El acceso a la puerta de la habitación dejó de funcionar al día siguiente de entrar. El sofá cama es muy incómodo. Nos Dan información incorrecta con el horario de desayuno.,Situación,Viaje de ocio | Familia con niños pequeños | Apartamento de 1 dormitorio | Estancia de 1 noche | Enviado por móvil,4 comentarios,España
Vitoria,Escrito en 6 de agosto de 2025,"6,0",Roberto,La cama sofá estaba rota e incómoda,Ubicación e instalaciones,Viaje de ocio | Grupo de amigos | Apartamento de 1 dormitorio | Estancia de 2 noches | Enviado por móvil,27 comentarios,España
Vitoria,Escrito en 14 de septiembre de 2024,"1,0",Carmen,"Todo, no me gustó nada, yo en urgencias x un ataque de ansiedad y mi mar, mi hija y mi perrito durmiendo en el coche, una VERGÜENZA","No lo sé, yo puse septiembre y a booking le salió octubre, así ke ni unos ni otros ma arreglaron el problema, acabe en urgencias x un ataque de ansiedad",Viaje de negocios | Familia con niños pequeños | Apartamento de 1 dormitorio | Estancia de 1 noche | Enviado por móvil,17 comentarios,España
Vitoria,Escrito en 14 de septiembre de 2024,"6,0",David,"Para 4 personas, solo tenga una habitación y un sofá cama, siendo estw sofá bastante incómodo.",Limpieza y ubicación,Viaje de ocio | Familia con niños pequeños | Apartamento de 1 dormitorio | Estancia de 1 noche | Enviado por móvil,4 comentarios,España
Vitoria,Escrito en 11 de septiembre de 2024,"1,0",Betzabe,La atención,La abitacion o el apartamento muy bien peor k había mantas un frío,Viaje de negocios | Grupo de amigos | Apartamento de 1 dormitorio | Estancia de 2 noches | Enviado por móvil,3 comentarios,España
Vitoria,Escrito en 11 de septiembre de 2024,"6,0",Encarnación,La cama supletoria del sofá cama es horrorosamente incómoda y no tenía almohada.,"La ubicación y decoración del apartamento, así como el mensaje de cocina y las toallas",Viaje de ocio | Familia con niños pequeños | Apartamento de 1 dormitorio | Estancia de 1 noche | Enviado por móvil,3 comentarios,España
Vitoria,Escrito en 8 de septiembre de 2024,"6,0",Adrian,Que no habia shampoo solo gel,La automatizacion de las llaves y el check in check out,Viaje de ocio | Grupo de amigos | Apartamento de 1 dormitorio | Estancia de 2 noches | Enviado por móvil,6 comentarios,España
Vitoria,Escrito en 2 de septiembre de 2024,"4,0",María,"El aire funcionaba más en la habitación que el salón, ni aunque lo aumentara de potencia. Olía a desagüe todo el apartamento. No dejan para fregar, lo tienes que solicitar, aunque gratis. Solicité salir más tarde por 15€, al mandarnos el mail para pagarlo el enlace estaba mal y no había manera de pagarlo según nos decían por Wasap. Tampoco había nadie en recepción a las 10:00 un domingo. Falta mantenimiento, se sujetaban las puertas del mueble del salón con un cartón doblado.",,Viaje de ocio | Familia con niños pequeños | Apartamento de 1 dormitorio | Estancia de 2 noches | Enviado por móvil,16 comentarios,España
Vitoria,Escrito en 30 de agosto de 2024,"6,0",Ana,"Más que un aparthotel son apartamentos individuales pero que los duplican con un sofacama bastante incomodo para dormir. Para dos personas es caro y para cuatro es pequeño.No hay servicio de limpieza durante la estancia.",Muy limpio y nuevo. Buena ubicación,Viaje de ocio | Grupo | Apartamento de 1 dormitorio | Estancia de 3 noches | Enviado por móvil,26 comentarios,España
Vitoria,Escrito en 25 de agosto de 2024,"5,0",Maria,"El sofá cama con los muelles hundidos te clavas los hierros.  Durmiendo en el suelo con in colchón también fino y deformado salvamos la 1ra noche. Lo mejoraron algo tensando un muelle para la 2da noche, pero lo que hay q hacer es cambiar el mobiliario","Moderno, amplio para los 4, luminoso",Viaje de ocio | Familia con niños pequeños | Apartamento de 1 dormitorio | Estancia de 2 noches | Enviado por móvil,9 comentarios,España
Vitoria,Escrito en 21 de agosto de 2024,"4,0",Ana,"La verdad me defraudó la limpieza , las paredes muy sucias y con telarañas , los muebles y sofá tampoco estaban limpios, el sofá cama muy incómodo","Fueron muy amables porque teníamos que dejar el parking a las 11:00 y nos dejaron hasta las 15;00 , la ubicación era perfecta.",Viaje de ocio | Familia con niños pequeños | Apartamento de 2 dormitorios | Estancia de 1 noche | Enviado por móvil,3 comentarios,España
Vitoria,Escrito en 11 de agosto de 2024,"2,0",Rosa,"Por la noche nos atendio una chica muy bien.Pero señalar que a la salida del dia siguiente una joven muy mal educada, seca y sin atendernos nos dijo que no existia la posibilidad de dejar las maletas y que debiamos salir a las 11:00.Francamente mal atendudos y sin educacion ni explicacion, no dio opcion a nada ni explicacion",,Viaje de ocio | Grupo | Apartamento de 1 dormitorio | Estancia de 1 noche | Enviado por móvil,1 comentario,España
Vitoria,Escrito en 11 de agosto de 2024,"6,0",Dalila,"El alojamiento está muy bien para dos personas. Éramos tres y el sofá cama asignado ocupaba todo el espacio, crujía en cada movimiento y no era cómodo.
Reservamos para tres, confiando en tener confort para los tres, pero no fue así.
Deberían dejar claro, al hacer la reserva, que no hay personal, que toda la relación es virtual, incluida la activación de la llave, que nos complicó la vida, porque somos mayores y nos estresa el manejo de cuentas, contraseñas, transferencias, casi en la puerta del hotel.",La ubicación,Viaje de ocio | Familia con niños pequeños | Apartamento de 1 dormitorio | Estancia de 4 noches | Enviado por móvil,26 comentarios,España
Vitoria,Escrito en 31 de julio de 2024,"1,0",Antonio,No es lo q esperaba 4 noches sin limpieza habitación ni contacto con recepción,La ubicación,Pareja | Apartamento Estudio | Estancia de 4 noches | Enviado por móvil,9 comentarios,España
Vitoria,Escrito en 24 de julio de 2024,"5,0",Manolo,,La ubicacion,Familia con niños pequeños | Apartamento Estudio | Estancia de 4 noches | Enviado por móvil,,
Vitoria,Escrito en 18 de julio de 2024,"4,0",Javier,El sofá cama es una condena  y si llego a saberlo no contrato el desayuno. Mira que no tienen pan para una tostada,Su situación  y el parking,Viaje de ocio | Familia con niños pequeños | Apartamento de 1 dormitorio | Estancia de 2 noches | Enviado por móvil,7 comentarios,España
Vitoria,Escrito en 17 de julio de 2024,"3,0",Adriana,Ruidos toda la noche y una señora a las 11 nos abrió la puerta,El alojamiento bonito y limpio,Viaje de ocio | Pareja | Apartamento Estudio | Estancia de 1 noche | Enviado por móvil,2 comentarios,España
Vitoria,Escrito en 12 de julio de 2024,"6,0",Antoni,"Hice la reserva por Booking , la reserva era no reembolsable  pero hasta que no confirme el pago con tarjeta no me salto todo el formulario impuesto por Libere Victoria. imponiendome el check in on line, firmas digitales , fotografia digital , generando hasta 11 emails con codigos de confirmación y un largo etc . no enviandome el numero de habitación hasta el mismo dia a partir de las 15h. y un largo etc Que quitan calidad de vida al viajero.  Lo peor de todo es que no avisan previamente de esta opción no pudiendo cancelar previamente. MI IDEA DE LA HOSPITALIDAD Y EL SERVICIO ES OTRA QUE TODO ESTO. Yo si viajo por trabajo y me tengo que estar preocupando de check in de iberia que no te permite hasta 24h antes , del check in de Libere y un largo etc.   mal vamos ya que yo pago por servicios y mi preocupación principal tiene que ser mi actividad profesional. y todo para ahorrarse recepcionistas y personal . Al fina yo pago el servicio como si los hubiera.","El hotel es confortable , comodo y con sensación de limpio.  El parking ok",Viaje de negocios | Persona que viaja sola | Apartamento de 2 dormitorios | Estancia de 1 noche,34 comentarios,España
Vitoria,Escrito en 5 de julio de 2024,"6,0",Camilo,"La falta de limpieza, era muy superficial, daba asco. El aire acondicionado estaba roto, el olor de habitación 311 era insoportable, el ascensor se estropeaba, no habían sábanas de más por si te daba frío y la atención de los trabajadores fue buena, eran muy simpáticos pero que fuese todo digital y telemático era complicado y mis familiares mayores no sabían usarlo con facilidad faltaba alguien en recepción a quien poder ir a consultar físicamente las cosas.",La ubicación y lo nuevo que se veía.,Familia con niños pequeños | Apartamento de 1 dormitorio | Estancia de 3 noches | Enviado por móvil,2 comentarios,España
Vitoria,Escrito en 2 de julio de 2024,"6,0",Ramon,Que no haya nada de personal,La habitacion,Familia con niños pequeños | Apartamento de 1 dormitorio | Estancia de 2 noches | Enviado por móvil,33 comentarios,España
Vitoria,Escrito en 30 de junio de 2024,"5,0",Elizabeth,No funcionaba el aire acondicionado y el sofa-cama era muy incomodo.,La ubicación y el parking.,Familia con niños pequeños | Apartamento de 1 dormitorio | Estancia de 2 noches | Enviado por móvil,18 comentarios,España
Vitoria,Escrito en 23 de junio de 2024,"5,0",Raisa,"Los cristales estaban sucios, una de las mesillas de noche estaba rota y tan inclinada que no se podía usar porque se caía cualquier cosa que posarás en ella. El servicio de habitaciones y el personal directamente no existen. Nos alojamos allí durante el Azkena, fecha en la que inflan los precios.",Muy céntrico.,Viaje de ocio | Familia con niños pequeños | Apartamento Estudio | Estancia de 3 noches | Enviado por móvil,12 comentarios,España
Vitoria,Escrito en 17 de junio de 2024,"6,0",Kike,Pedi habitación 2 camas. Y obtuve 1 cama y sofá. No me pudieron adaptar. A pesar de que lo comunique a booking.com.,La habitación y era amplio,Viaje de ocio | Familia con niños pequeños | Apartamento de 1 dormitorio | Estancia de 1 noche | Enviado por móvil,14 comentarios,España
Vitoria,Escrito en 9 de junio de 2024,"6,0",Marta,El lavavajillas se estropeó. Sospecho que estaba estropeado desde el principio. Pero fuimos a ponerlo el último día (ya que no hicimos muchas comidas allí). Avisamos y nos dijeron que irian mientras estabamos en la habitación. Nos tuvimos que ir y no había venido nadie. Volvimos y el lavavajillas siguió sin funcionar. Luego nos ofrecieron una devolución del 30% de los días afectados (según ellos el último cuando la realidad es que  no lo usamos en ningun momento). De todas formas dicha ddevolución nunca llegó.,La ubicación y la distribución. Muy bien equipado para comer allí si querías pero también cerca de todos los lugares para poder hacer turismo de calidad. Con parking muy cómodo,Viaje de ocio | Pareja | Apartamento de 1 dormitorio | Estancia de 5 noches,2 comentarios,España
Vitoria,Escrito en 2 de junio de 2024,"6,0",Raquel,"No hay nadie en recepción, si tienes un problema tienes que llamar por teléfono.El sofá cama es muy incómodo, dormimos fatal. Hacía mucho calor a pesar del aire acondicionado (no funciona correctamente).La iluminación es escasa en todo el apartamento. Hace falta alguna balda en el cuarto de baño,.Por último, tienes que dejar la habitación a las 11 horas y no tienen ningún lugar donde guardarte el equipaje.","La ubicación.Es bonito pero poco práctico.",Viaje de ocio | Familia con niños pequeños | Apartamento de 1 dormitorio | Estancia de 2 noches,18 comentarios,España
Vitoria,Escrito en 5 de mayo de 2024,"6,0",Raquel,No tenía agua caliente y nos dieron un apartamento adaptado que se encharcaba el baño completamente…. Tuvimos que quejarnos y nos cambiaron…. Pero no me parece que te den una habitación adaptada para maximizar beneficios….tampoco pudimos hacer el check out más tarde aunque lo ofrecían…. No nos ha gustado… no volveremos a alojarnos en ningún lugar más de esta cadena,Se llega fácilmente y está limpio,Viaje de ocio | Pareja | Apartamento Estudio | Estancia de 4 noches | Enviado por móvil,29 comentarios,España
Vitoria,Escrito en 2 de mayo de 2024,"2,0",Carloseduardorfaria,"ME HAN COBRADO 150 EUROS DE MAS CUANDO SOY CLIENTE HABITUAL, PERO YA HE PUESTO LA RECLAMACION CON BOOKING",,Viaje de negocios | Persona que viaja sola | Apartamento de 1 dormitorio | Estancia de 1 noche,16 comentarios,España
Vitoria,Escrito en 24 de agosto de 2023,"5,0",Adrian,"No ponen para lavar vajilla, ni una esponja, ni toallas de papel para cocina, ni un repasador para secar platos o manos. En la ducha solo jabón líquido. No hay shampoo ni acondicionador de cabello. No hay un solo trapo ni para el piso ni para cocina. No dejan ni un sobre de azúcar, sal o unas gotas de aceite. Un apartamento lindo pero totalmente vacío. Eso le resta muchos puntos porque por dos o tres noches tienes que comprar todo. Y seguro que luego se lo llevan. Triste y poco profesional","Las instalaciones son nuevas y limpias. Bien ubicado, pero….",Viaje de ocio | Familia con niños pequeños | Apartamento de 1 dormitorio | Estancia de 2 noches | Enviado por móvil,69 comentarios,Argentina
Vitoria,Escrito en 24 de agosto de 2023,"5,0",Monika,Desproporcionado calidad-precio,Era confortable,Viaje de ocio | Grupo de amigos | Apartamento de 1 dormitorio | Estancia de 2 noches | Enviado por móvil,9 comentarios,España
Vitoria,Escrito en 24 de agosto de 2023,"5,0",Raúl,Sofá cama incomodo,La ubicación,Viaje de ocio | Familia con niños pequeños | Apartamento de 1 dormitorio | Estancia de 2 noches | Enviado por móvil,7 comentarios,España
Vitoria,Escrito en 23 de agosto de 2023,"5,0",Sirguerra,"No entiendo que traten como críos a adultos que saben descargarse una app y con capacidad de abrir puertas mediante una clave digital: ¿a qué viene que las ventanas solo puedan abrirse dos dedos? Sin ventana a la que asomarse ni balcón, la sensación de agobio era enorme. Tampoco entiendo que no hubiese una bayeta de cocina para recoger tras la cena. ¿Debemos usar papel higiénico para arrastrar las migas? Por último, deberían revisar la, digamos, decoración de los rellanos: entiendo que en Vitoria hace considerable frío en invierno pero ¿moqueta alzul marino por todas partes? El ambiente era muy sórdido.","La limpieza. Todo estaba perfectamente pulcro.El equipamiento de electrodomésticos, muy completo.",Viaje de ocio | Familia con niños pequeños | Apartamento de 1 dormitorio | Estancia de 1 noche,35 comentarios,España
Vitoria,Escrito en 22 de agosto de 2023,"6,0",María,"La limpieza, tanto en el baño como en la cocina había suciedad (microondas, cubiertos, dispensador de jabón, ...). La ventana del salón tenía el pomo suelto y una de las puertas del mueble del salón no cerraba. Además se les olvidó poner el kit de limpieza que pedimos y las sábanas del sofá-cama, tuvimos que llamar para que lo trajeran. Otra cosa que echamos en falta fue algún tendedero para la ropa, porque no sirve de mucho que tenga lavadora, si no hay sitio para tender.","Las camas eran cómodas y la habitación espaciosa, con sitio para poner la ropa y dejar las maletas. La ubicación también bien, aunque no está en pleno centro, en unos 10 minutos andando, llegas.",Viaje de ocio | Familia con niños pequeños | Apartamento de 1 dormitorio | Estancia de 2 noches | Enviado por móvil,11 comentarios,España
Vitoria,Escrito en 14 de agosto de 2023,"3,0",Jose,"Reservamos un apartamento para no fumadores y cuando entramos el olor a tabaco era evidente, no de haber fumado  de forma puntual si no de ser un espacio en el que ae habia fumado de forma habitual.
Con el aire acondicionado tuvimos problemas. Segun nos informaron desde el telefono de la recepcion virtual estaba regulado para todo el edificio, no nos dijeron a que temperaturra. La solucion si teniamos era abrir las ventanas. Pasamos los dos dias con ellas abiertaa soportando el ruido se trafico de la calle y el sabado por la noche el ruido se la diiscoteca/pub que habia a pocos metros de la entrado. No pudimoa descansar!!",Situacion,Viaje de ocio | Familia con niños pequeños | Apartamento de 1 dormitorio | Estancia de 2 noches | Enviado por móvil,21 comentarios,España
Vitoria,Escrito en 13 de agosto de 2023,"5,0",Alba,"Para empezar era un apartamento con capacidad para 3 personas y nos metieron a 5 como se puede ver en el permiso del apartamento, lo cual dudo sea legal. A partir de ahí, sofá cama horrible, terminamos poniendo el colchón en el suelo, cubiertos insuficientes para 5, sillas y espacio insuficiente, cables sueltos, cuadro con cristal roto… Es una pena, porque podrían estar bien los apartamentos, primero si no metieran a más personas de su capacidad, al menos podrían poner un sofá cama decente, y luego darles un repasito, por seguridad.",La ubicación.,Viaje de ocio | Familia con niños pequeños | Apartamento de 2 dormitorios | Estancia de 3 noches | Enviado por móvil,18 comentarios,España
Vitoria,Escrito en 11 de agosto de 2023,"5,0",Raquel,Tuve un problema ya que se estropeó la tele .Avise ayer y nadie de mantenimiento a venido no se han puesto en contacto con nosotros. Que un complejo bastante grande no haya nadie personalmente que te pueda aclarar las dudas.,Muy centrico,Viaje de ocio | Familia con niños pequeños | Apartamento Estudio | Estancia de 4 noches | Enviado por móvil,5 comentarios,España
Vitoria,Escrito en 11 de agosto de 2023,"1,0",Gema,"No funcionaba el aire acondicionado  y estabamos a a 36 grados.
No nos cambiaron de habitación..decían que estaba lleno y no habia..fue muy desagradable. No nos daban solución.",,Viaje de ocio | Familia con niños pequeños | Apartamento de 1 dormitorio | Estancia de 1 noche | Enviado por móvil,11 comentarios,España
Vitoria,Escrito en 11 de agosto de 2023,"4,0",Jairo,"Que no se pueda abrir una ventana me parece claustrofóbico,hay gente que no lo lleva nada bien,en un apartamento tan Pequeño,sin una terraza y encima sin abrir una ventana ya que son abatibles y demasiado poco,es pésimo,lo digo sin ser fumador.",Limpieza y está cuidado,Viaje de ocio | Familia con niños pequeños | Apartamento de 1 dormitorio | Estancia de 1 noche | Enviado por móvil,13 comentarios,España
Vitoria,Escrito en 10 de agosto de 2023,"4,0",Lmateo,"Falta de limpieza abismal, bastante sucio y descuidado. Mucho polvo acumulado de meses, manos y dedos en paredes y muebles. Sofá cama incomodísimo. Sábanas pequeñas para las camas.",Ubicación y precio,Viaje de ocio | Familia con niños pequeños | Apartamento de 1 dormitorio | Estancia de 2 noches | Enviado por móvil,31 comentarios,España
Vitoria,Escrito en 7 de agosto de 2023,"5,0",Ana,Hice reserva para dos adultos y dos niños. Cuando llegamos la cama de los niños no estaba abierta y nos costó algo de trabajo abrirla. Además solo pusieron toallas para 2 cuando éramos 4,,Viaje de ocio | Familia con niños pequeños | Apartamento de 1 dormitorio | Estancia de 1 noche | Enviado por móvil,3 comentarios,España
Vitoria,Escrito en 3 de agosto de 2023,"5,0",Ester,"El edificio para lo grande que es solo tiene dos ascensores, con lo qual siempre hay que esperar. Si a esto le sumas que se estropea uno de ellos, pues misión imposible subir y bajar al 8 piso.
La segunda  noche se nos estropeó el aire acondicionado. No nos dieron ninguna solución. A las 22h estábamos a 27°. Al ser un 8 piso, las ventanas solo.se abrían un poco de manera que no pasaba aire. Un bochorno toda la tarde y noche en el apartamento que no se podía aguantar y no se ofreció ningún ventilador o alternativa para poder estar en condiciones adecuadas.
El suelo de los ascensores del parking menos 2 estaba sucísimo, como con moho negro. El priner día que lleguemos había un vómito y el tercer día seguía allí.",Buena ubicación y tiendas cerca.,Viaje de ocio | Familia con niños pequeños | Apartamento de 2 dormitorios | Estancia de 3 noches | Enviado por móvil,12 comentarios,España
Vitoria,Escrito en 3 de agosto de 2023,"6,0",Rodrigo,"La ducha sin mampara,se sale el agua por todos los sitios.
La tele no funcionaban la mitad de canales y las almohadas no me gustaron (aunque esto va en cada persona).
check out a las 11:00 
No tiene persianas,para los que le guste dormir con oscuridad.",céntrico y bien ubicado y bastante completo de menaje y demás .,Viaje de ocio | Pareja | Apartamento Estudio | Estancia de 1 noche | Enviado por móvil,37 comentarios,España
Vitoria,Escrito en 2 de agosto de 2023,"5,0",Blanca,"No hay recepción, es todo online. Nos aceptaron el early check in y al llegar nos los cancelaron. El sofá cama no se monta bien y se mueve mucho. No hay plancha. Los ascensores son insuficientes para todo el edificio, tuvimos que subir y bajar por las escaleras en varias ocasiones.",Ubicación y habitación principal.,Viaje de ocio | Familia con niños pequeños | Apartamento de 1 dormitorio | Estancia de 3 noches | Enviado por móvil,2 comentarios,España
Vitoria,Escrito en 1 de agosto de 2023,"3,0",Zafiro,,,Viaje de ocio | Familia con niños pequeños | Apartamento de 1 dormitorio | Estancia de 1 noche | Enviado por móvil,,
Vitoria,Escrito en 31 de julio de 2023,"6,0",Marta,Muy incómodo el sofá cama,La situación,Viaje de ocio | Familia con niños pequeños | Apartamento de 2 dormitorios | Estancia de 4 noches | Enviado por móvil,3 comentarios,España
Vitoria,Escrito en 22 de julio de 2023,"5,0",María,"La cama y el acceso, no funcionaba el móvil",Ubicación,Viaje de ocio | Familia con niños pequeños | Apartamento de 1 dormitorio | Estancia de 2 noches | Enviado por móvil,2 comentarios,España
Vitoria,Escrito en 17 de julio de 2023,"5,0",Maria,"El sofá cama no era cómodo del todo se movía mucho, la ventana de la habitación no se abría entera y la del salón no se podía cerrar. La televisión no iba, no se podía conectar a internet y no había hueco para poder conectar la antena. Una de las puertas del armario de debajo de la TV no cerraba. Al no cerrarse bien la ventana del salón el aire acondicionado no iba. Había cubo para fregona pero no fregona y había escoba pero no recogedor. Éramos 4 personas y había justo 4 piezas de cada tipo de vajilla lo que hacía que estuviéramos continuamente fregando y había poco detergente y una sola pastilla de lavavajillas. La lámpara del salón no tenía bombilla. Tiene lavadora pero no tendedero.
Es todo muy moderno pero creo que añadiría a una persona física a la que poder acudir en caso de alguna incidencia como la nuestra con la ventana.","La limpieza, la ubicación y estéticamente era bonito y moderno.",Viaje de ocio | Grupo de amigos | Apartamento de 1 dormitorio | Estancia de 2 noches | Enviado por móvil,3 comentarios,España
Vitoria,Escrito en 13 de julio de 2023,"5,0",Luis,"El desayuno es muy decepcionante. Ponen muchas cosas pero malas, sería mejor poner menos variedad pero de más calidad.El segundo día no me trajeron el desayuno, aunque lo reclamé el día anterior al ver que no me lo traían por la tarde...Al final estuve alojado sólo y no me devolvieron el dinero del desayuno de las otras 2 personas que no lo utilizaron...","La ubicación es muy buena, cerca del centro pero en una venida muy ancha y con sitio para aparcar alrededor.Los apartamentos son aceptables. Lo malo es que todo es bastante sencillo, podrían haber empleado materiales de mayor calidad.",Viaje de negocios | Persona que viaja sola | Apartamento de 1 dormitorio | Estancia de 3 noches,44 comentarios,España
Vitoria,Escrito en 9 de julio de 2023,"3,0",Aitor,No reservamos lo que nos dieron.,"nosotros reservamos por una cama de matrimonio, y al llegar nos encontramos con dos individuales, si marcamos esa opcion en booking y luego nos dan otra totalmente distinta…para que pagamos por esa opcion entonces?",Viaje de ocio | Pareja | Apartamento Estudio | Estancia de 1 noche | Enviado por móvil,8 comentarios,España
Vitoria,Escrito en 5 de julio de 2023,"4,0",Erika,"No había personal para atender, todo era online y la verdad que no resultó nada fácil. Te envían muchos e-mails y todo eso, pero a la hora de activar la llave me costó varios intentos (lo mismo le ocurrió a otra huésped con la que coincidí y se ofreció a ayudarme). Si llego a saber que el método es este (mea culpa que no me fijé) no hubiera reservado. Donde esté un buen trato humano y de proximidad, que se quiten las máquinas!!!!!",La ubicación y la limpieza.,Viaje de ocio | Persona que viaja sola | Apartamento Estudio | Estancia de 1 noche | Enviado por móvil,4 comentarios,España
Vitoria,Escrito en 1 de julio de 2023,"6,0",Torres,"El sofá cama del salón
Bastante incómodo
Bastante caro para no incluir desayuno , ni limpieza diaria
Cualquier hotel hubiera sido mas economico y hubiera tenido la posibilidad de cancelación
Me rompí un brazo una semana antes y no hubo posibilidad de retrasarlo",La ubicación,Viaje de ocio | Familia con niños pequeños | Apartamento de 1 dormitorio | Estancia de 2 noches | Enviado por móvil,1 comentario,España
Vitoria,Escrito en 24 de junio de 2023,"6,0",María,Q el aire acondicionado no funcionaba,La ubicación,Viaje de ocio | Familia con niños pequeños | Apartamento de 1 dormitorio | Estancia de 2 noches | Enviado por móvil,1 comentario,España
Vitoria,Escrito en 20 de junio de 2023,"5,0",Natuzii,"Colchón de cama incomodísimo de muelles. El colchón de cuna tan blando que fue imposible usarla para el bebé, que tuvo que dormir en cama. Ducha muy incómoda sin mampara, mojabas todo el suelo del baño escandalosamente  no había visillos, solo cortina oscura. Desayuno pésimo.",La ubicación. Personal bastante efectivo. Cocina bastante cómoda.,Viaje de ocio | Familia con niños pequeños | Apartamento Estudio | Estancia de 2 noches | Enviado por móvil,110 comentarios,España
Vitoria,Escrito en 14 de diciembre de 2025,"8,0",Sagrario,,,Viaje de ocio | Familia con niños pequeños | Apartamento de 2 dormitorios | Estancia de 1 noche | Enviado por móvil,,
Vitoria,Escrito en 14 de diciembre de 2025,"8,0",Silvia,,,Viaje de ocio | Familia con niños pequeños | Apartamento de 1 dormitorio | Estancia de 1 noche | Enviado por móvil,,
Vitoria,Escrito en 12 de diciembre de 2025,"8,0",Laura,,,Viaje de ocio | Pareja | Apartamento Estudio | Estancia de 1 noche,,
Vitoria,Escrito en 11 de diciembre de 2025,"7,0",Gómez,,,Viaje de negocios | Persona que viaja sola | Apartamento Estudio | Estancia de 1 noche,,
Vitoria,Escrito en 10 de diciembre de 2025,10,Torrado,,,Viaje de ocio | Familia con niños pequeños | Apartamento de 1 dormitorio | Estancia de 1 noche,,
Vitoria,Escrito en 10 de diciembre de 2025,10,Eduardo,,,Viaje de ocio | Pareja | Apartamento de 1 dormitorio | Estancia de 4 noches,,
Vitoria,Escrito en 10 de diciembre de 2025,"7,0",Ana,,,Viaje de ocio | Familia con niños pequeños | Apartamento de 1 dormitorio | Estancia de 4 noches | Enviado por móvil,,
Vitoria,Escrito en 9 de diciembre de 2025,"9,0",Almudena,,,Viaje de ocio | Familia con niños pequeños | Apartamento de 1 dormitorio | Estancia de 1 noche | Enviado por móvil,,
Vitoria,Escrito en 6 de diciembre de 2025,10,Leticia,,,Viaje de negocios | Familia con niños pequeños | Apartamento de 1 dormitorio | Estancia de 2 noches | Enviado por móvil,,
Vitoria,Escrito en 2 de diciembre de 2025,10,Maria,,,Familia con niños pequeños | Apartamento de 1 dormitorio | Estancia de 2 noches | Enviado por móvil,,
Vitoria,Escrito en 29 de noviembre de 2025,10,Lander,,,Viaje de ocio | Pareja | Apartamento Estudio | Estancia de 1 noche | Enviado por móvil,,
Vitoria,Escrito en 29 de noviembre de 2025,"8,0",Ione,,,Viaje de ocio | Familia con niños pequeños | Apartamento Estudio | Estancia de 1 noche | Enviado por móvil,,
Vitoria,Escrito en 21 de noviembre de 2025,10,Juan,,,Viaje de negocios | Persona que viaja sola | Apartamento Estudio | Estancia de 1 noche,,
Vitoria,Escrito en 20 de noviembre de 2025,10,Santiago,,,Viaje de ocio | Grupo | Apartamento de 1 dormitorio | Estancia de 2 noches | Enviado por móvil,,
Vitoria,Escrito en 17 de noviembre de 2025,"9,0",Legendario,,,Viaje de ocio | Familia con niños pequeños | Apartamento de 1 dormitorio | Estancia de 3 noches | Enviado por móvil,,
Vitoria,Escrito en 11 de noviembre de 2025,10,Lara,,,Viaje de ocio | Grupo | Apartamento de 1 dormitorio | Estancia de 2 noches | Enviado por móvil,,
Vitoria,Escrito en 10 de noviembre de 2025,10,Mcarmen,,,Viaje de ocio | Familia con niños pequeños | Apartamento de 1 dormitorio | Estancia de 1 noche | Enviado por móvil,,
Vitoria,Escrito en 8 de noviembre de 2025,"9,0",Daniel,,,Viaje de ocio | Familia con niños pequeños | Apartamento de 1 dormitorio | Estancia de 2 noches | Enviado por móvil,,
Vitoria,Escrito en 3 de noviembre de 2025,"9,0",Irune,,,Viaje de ocio | Grupo | Apartamento de 1 dormitorio | Estancia de 1 noche | Enviado por móvil,,
Vitoria,Escrito en 3 de noviembre de 2025,10,Javier,,,Viaje de ocio | Familia con niños pequeños | Apartamento de 2 dormitorios | Estancia de 1 noche | Enviado por móvil,,
Vitoria,Escrito en 31 de octubre de 2025,10,Elisabet,,,Viaje de ocio | Grupo | Apartamento de 2 dormitorios | Estancia de 2 noches | Enviado por móvil,,
Vitoria,Escrito en 27 de octubre de 2025,10,Jone,,,Viaje de ocio | Pareja | Apartamento Estudio | Estancia de 1 noche,,
Vitoria,Escrito en 26 de octubre de 2025,"8,0",Alia,,,Viaje de ocio | Grupo | Apartamento de 1 dormitorio | Estancia de 2 noches | Enviado por móvil,,
Vitoria,Escrito en 26 de octubre de 2025,"8,0",Rafael,,,Viaje de ocio | Grupo | Apartamento de 2 dormitorios | Estancia de 1 noche | Enviado por móvil,,
Vitoria,Escrito en 26 de octubre de 2025,10,Yolanda,,,Viaje de ocio | Pareja | Apartamento Estudio | Estancia de 1 noche | Enviado por móvil,,
Vitoria,Escrito en 21 de agosto de 2025,"9,0",Paula,,,Viaje de ocio | Familia con niños pequeños | Apartamento de 1 dormitorio | Estancia de 6 noches | Enviado por móvil,,
Vitoria,Escrito en 20 de agosto de 2025,10,Martínez,,,Familia con niños pequeños | Apartamento de 1 dormitorio | Estancia de 1 noche | Enviado por móvil,,
Vitoria,Escrito en 19 de agosto de 2025,10,Victor,,,Familia con niños pequeños | Apartamento con terraza | Estancia de 2 noches | Enviado por móvil,,
Vitoria,Escrito en 14 de agosto de 2025,10,Carmen,,,Viaje de ocio | Familia con niños pequeños | Apartamento Ático | Estancia de 1 noche | Enviado por móvil,,
Vitoria,Escrito en 13 de agosto de 2025,"9,0",Ana,,,Viaje de ocio | Grupo | Apartamento de 1 dormitorio | Estancia de 2 noches | Enviado por móvil,,
Vitoria,Escrito en 13 de agosto de 2025,10,Pablo,,,Viaje de negocios | Familia con niños pequeños | Apartamento de 1 dormitorio | Estancia de 1 noche | Enviado por móvil,,
Vitoria,Escrito en 13 de agosto de 2025,"9,0",Maria,,,Viaje de ocio | Familia con niños pequeños | Apartamento de 1 dormitorio | Estancia de 1 noche | Enviado por móvil,,
Vitoria,Escrito en 13 de agosto de 2025,10,Diego,,,Viaje de ocio | Pareja | Apartamento de 1 dormitorio | Estancia de 1 noche | Enviado por móvil,,
Vitoria,Escrito en 12 de agosto de 2025,10,Marie,,,Viaje de ocio | Familia con niños pequeños | Apartamento de 1 dormitorio | Estancia de 1 noche | Enviado por móvil,,
Vitoria,Escrito en 11 de agosto de 2025,"9,0",Javier,,,Viaje de ocio | Familia con niños pequeños | Apartamento de 1 dormitorio | Estancia de 1 noche,,
Vitoria,Escrito en 10 de agosto de 2025,"8,0",Isabel,,,Viaje de ocio | Grupo de amigos | Apartamento de 2 dormitorios | Estancia de 1 noche | Enviado por móvil,,
Vitoria,Escrito en 10 de agosto de 2025,"8,0",Josep,,,Viaje de ocio | Familia con niños pequeños | Apartamento de 1 dormitorio | Estancia de 2 noches,,
Vitoria,Escrito en 8 de agosto de 2025,"9,0",Beatriz,,,Viaje de ocio | Grupo de amigos | Apartamento Estudio | Estancia de 1 noche | Enviado por móvil,,
Vitoria,Escrito en 6 de agosto de 2025,"8,0",Maria,,,Familia con niños pequeños | Apartamento de 1 dormitorio | Estancia de 1 noche | Enviado por móvil,,
Vitoria,Escrito en 5 de agosto de 2025,10,Maria,,,Viaje de ocio | Familia con niños pequeños | Apartamento de 1 dormitorio | Estancia de 1 noche | Enviado por móvil,,
Vitoria,Escrito en 4 de agosto de 2025,"9,0",Paco,,,Viaje de ocio | Familia con niños pequeños | Apartamento de 1 dormitorio | Estancia de 1 noche | Enviado por móvil,,
Vitoria,Escrito en 31 de julio de 2025,"9,0",Myriam,,,Familia con niños pequeños | Apartamento de 1 dormitorio | Estancia de 1 noche | Enviado por móvil,,
Vitoria,Escrito en 31 de julio de 2025,10,Antonio,,,Viaje de ocio | Familia con niños pequeños | Apartamento de 1 dormitorio | Estancia de 1 noche | Enviado por móvil,,
Vitoria,Escrito en 28 de julio de 2025,"8,0",Grigore,,,Viaje de ocio | Grupo de amigos | Apartamento de 1 dormitorio | Estancia de 1 noche | Enviado por móvil,,
Vitoria,Escrito en 28 de julio de 2025,10,Ana,,,Viaje de ocio | Familia con niños pequeños | Apartamento de 1 dormitorio | Estancia de 3 noches | Enviado por móvil,,
Vitoria,Escrito en 27 de julio de 2025,10,Miguel,,,Viaje de ocio | Grupo | Apartamento de 1 dormitorio | Estancia de 2 noches | Enviado por móvil,,
Vitoria,Escrito en 26 de julio de 2025,"9,0",Angel,,,Viaje de ocio | Familia con niños pequeños | Apartamento de 1 dormitorio | Estancia de 2 noches | Enviado por móvil,,
Vitoria,Escrito en 26 de julio de 2025,10,Laura,,,Viaje de ocio | Familia con niños pequeños | Apartamento de 1 dormitorio | Estancia de 1 noche | Enviado por móvil,,
Vitoria,Escrito en 26 de julio de 2025,"8,0",Castrillo,,,Viaje de ocio | Grupo | Apartamento Estudio | Estancia de 1 noche | Enviado por móvil,,
Vitoria,Escrito en 25 de julio de 2025,"8,0",Eduardo,,,Viaje de ocio | Grupo | Apartamento de 1 dormitorio | Estancia de 1 noche | Enviado por móvil,,
Vitoria,Escrito en 3 de junio de 2025,"9,0",Dolores,,,Viaje de ocio | Pareja | Apartamento de 1 dormitorio | Estancia de 3 noches | Enviado por móvil,,
Vitoria,Escrito en 2 de junio de 2025,"8,0",Santa,,,Viaje de ocio | Grupo | Apartamento de 1 dormitorio | Estancia de 1 noche,,
Vitoria,Escrito en 2 de junio de 2025,10,Ana,,,Pareja | Apartamento de 1 dormitorio | Estancia de 1 noche | Enviado por móvil,,
Vitoria,Escrito en 1 de junio de 2025,10,Mattin,,,Viaje de negocios | Persona que viaja sola | Apartamento de 1 dormitorio | Estancia de 2 noches | Enviado por móvil,,
Vitoria,Escrito en 1 de junio de 2025,"8,0",Olatz,,,Viaje de ocio | Familia con niños pequeños | Apartamento de 1 dormitorio | Estancia de 2 noches | Enviado por móvil,,
Vitoria,Escrito en 1 de junio de 2025,"9,0",Cristina,,,Viaje de ocio | Grupo | Apartamento de 2 dormitorios | Estancia de 1 noche | Enviado por móvil,,
Vitoria,Escrito en 31 de mayo de 2025,"8,0",Leyre,,,Viaje de ocio | Grupo | Apartamento de 2 dormitorios | Estancia de 1 noche | Enviado por móvil,,
Vitoria,Escrito en 28 de mayo de 2025,"8,0",Jonatan,,,Viaje de negocios | Familia con niños pequeños | Apartamento Estudio | Estancia de 1 noche | Enviado por móvil,,
Vitoria,Escrito en 28 de mayo de 2025,10,Diego,,,Viaje de negocios | Pareja | Apartamento con terraza | Estancia de 1 noche | Enviado por móvil,,
Vitoria,Escrito en 27 de mayo de 2025,10,Ivan,,,Viaje de negocios | Persona que viaja sola | Apartamento de 1 dormitorio | Estancia de 2 noches | Enviado por móvil,,
Vitoria,Escrito en 27 de mayo de 2025,10,Maria,,,Familia con niños pequeños | Apartamento de 1 dormitorio | Estancia de 1 noche | Enviado por móvil,,
Vitoria,Escrito en 20 de mayo de 2025,"9,0",Mercedes,,,Viaje de ocio | Familia con niños pequeños | Apartamento de 1 dormitorio | Estancia de 2 noches | Enviado por móvil,,
Vitoria,Escrito en 19 de mayo de 2025,"7,0",Paula,,,Viaje de ocio | Familia con niños pequeños | Apartamento de 1 dormitorio | Estancia de 2 noches | Enviado por móvil,,
Vitoria,Escrito en 19 de mayo de 2025,10,Jonathan,,,Viaje de negocios | Familia con niños pequeños | Apartamento Estudio | Estancia de 3 noches | Enviado por móvil,,
Vitoria,Escrito en 19 de mayo de 2025,"9,0",Jorge,,,Viaje de ocio | Familia con niños pequeños | Apartamento de 1 dormitorio | Estancia de 3 noches | Enviado por móvil,,
Vitoria,Escrito en 18 de mayo de 2025,10,Raquel,,,Viaje de ocio | Grupo de amigos | Apartamento Estudio | Estancia de 2 noches | Enviado por móvil,,
Vitoria,Escrito en 17 de mayo de 2025,"8,0",Rivas,,,Viaje de negocios | Grupo de amigos | Apartamento de 1 dormitorio | Estancia de 1 noche | Enviado por móvil,,
Vitoria,Escrito en 11 de mayo de 2025,"9,0",Endika,,,Viaje de ocio | Familia con niños pequeños | Apartamento de 1 dormitorio | Estancia de 1 noche | Enviado por móvil,,
Vitoria,Escrito en 9 de mayo de 2025,"8,0",María,,,Viaje de ocio | Familia con niños pequeños | Apartamento de 1 dormitorio | Estancia de 1 noche | Enviado por móvil,,
Vitoria,Escrito en 4 de mayo de 2025,"9,0",Maria,,,Viaje de ocio | Grupo | Apartamento de 2 dormitorios | Estancia de 2 noches | Enviado por móvil,,
Vitoria,Escrito en 1 de mayo de 2025,"8,0",Ana,,,Viaje de ocio | Grupo | Apartamento de 2 dormitorios | Estancia de 1 noche | Enviado por móvil,,
Vitoria,Escrito en 1 de mayo de 2025,"8,0",Héctor,,,Viaje de negocios | Familia con niños pequeños | Apartamento de 1 dormitorio | Estancia de 2 noches | Enviado por móvil,,
Vitoria,Escrito en 30 de abril de 2025,10,Ana,,,Viaje de ocio | Grupo | Apartamento de 2 dormitorios | Estancia de 1 noche | Enviado por móvil,,
Vitoria,Escrito en 30 de abril de 2025,"9,0",Belen,,,Viaje de ocio | Familia con niños pequeños | Apartamento de 1 dormitorio | Estancia de 3 noches | Enviado por móvil,,
Vitoria,Escrito en 30 de abril de 2025,10,Elena,,,Viaje de ocio | Familia con niños pequeños | Apartamento de 1 dormitorio | Estancia de 2 noches | Enviado por móvil,,
Vitoria,Escrito en 2 de marzo de 2025,"7,0",Alejandro,,,Viaje de ocio | Grupo de amigos | Apartamento de 1 dormitorio | Estancia de 2 noches | Enviado por móvil,,
Vitoria,Escrito en 2 de marzo de 2025,"9,0",Ander,,,Viaje de ocio | Grupo | Apartamento de 1 dormitorio | Estancia de 1 noche | Enviado por móvil,,
Vitoria,Escrito en 2 de marzo de 2025,"7,0",Blanco,,,Viaje de ocio | Familia con niños pequeños | Apartamento de 1 dormitorio | Estancia de 1 noche | Enviado por móvil,,
Vitoria,Escrito en 2 de marzo de 2025,"8,0",Toni,,,Viaje de negocios | Persona que viaja sola | Apartamento de 1 dormitorio | Estancia de 2 noches | Enviado por móvil,,
Vitoria,Escrito en 2 de marzo de 2025,"9,0",Esther,,,Viaje de ocio | Familia con niños pequeños | Apartamento de 2 dormitorios | Estancia de 3 noches | Enviado por móvil,,
Vitoria,Escrito en 1 de marzo de 2025,10,Ana,,,Viaje de ocio | Familia con niños pequeños | Apartamento de 1 dormitorio | Estancia de 2 noches | Enviado por móvil,,
Vitoria,Escrito en 1 de marzo de 2025,10,Jacobo,,,Viaje de ocio | Grupo | Apartamento de 2 dormitorios | Estancia de 1 noche | Enviado por móvil,,
Vitoria,Escrito en 27 de febrero de 2025,"7,0",Eva,,,Viaje de ocio | Grupo | Apartamento de 1 dormitorio | Estancia de 1 noche | Enviado por móvil,,
Vitoria,Escrito en 27 de febrero de 2025,"8,0",Miguel,,,Viaje de ocio | Grupo | Apartamento de 1 dormitorio | Estancia de 2 noches,,
Vitoria,Escrito en 26 de febrero de 2025,"8,0",David,,,Viaje de ocio | Familia con niños pequeños | Apartamento de 1 dormitorio | Estancia de 1 noche,,
Vitoria,Escrito en 26 de febrero de 2025,"8,0",Oscar,,,Persona que viaja sola | Apartamento Estudio | Estancia de 2 noches | Enviado por móvil,,
Vitoria,Escrito en 25 de febrero de 2025,"9,0",Zc88,,,Viaje de ocio | Familia con niños pequeños | Apartamento de 2 dormitorios | Estancia de 1 noche | Enviado por móvil,,
Vitoria,Escrito en 24 de febrero de 2025,"9,0",David,,,Viaje de ocio | Grupo | Apartamento de 1 dormitorio | Estancia de 1 noche | Enviado por móvil,,
Vitoria,Escrito en 21 de febrero de 2025,"9,0",Elena,,,Viaje de ocio | Familia con niños pequeños | Apartamento de 1 dormitorio | Estancia de 3 noches | Enviado por móvil,,
Vitoria,Escrito en 19 de febrero de 2025,10,Manuel,,,Viaje de ocio | Familia con niños pequeños | Apartamento de 1 dormitorio | Estancia de 2 noches | Enviado por móvil,,
Vitoria,Escrito en 17 de febrero de 2025,"9,0",José,,,Viaje de ocio | Pareja | Apartamento Estudio | Estancia de 1 noche | Enviado por móvil,,
Vitoria,Escrito en 15 de febrero de 2025,10,Anne,,,Viaje de ocio | Grupo de amigos | Apartamento de 1 dormitorio | Estancia de 1 noche | Enviado por móvil,,
Vitoria,Escrito en 13 de febrero de 2025,"7,0",Fátima,,,Viaje de ocio | Familia con niños pequeños | Apartamento de 1 dormitorio | Estancia de 3 noches | Enviado por móvil,,
Vitoria,Escrito en 13 de febrero de 2025,"7,0",Gonzlez,,,Viaje de ocio | Pareja | Apartamento Estudio | Estancia de 2 noches | Enviado por móvil,,
Vitoria,Escrito en 13 de febrero de 2025,"9,0",Mario,,,Viaje de ocio | Familia con niños pequeños | Apartamento de 1 dormitorio | Estancia de 3 noches | Enviado por móvil,,
Vitoria,Escrito en 11 de febrero de 2025,10,Cristina,,,Viaje de ocio | Pareja | Apartamento Estudio | Estancia de 1 noche,,
Vitoria,Escrito en 10 de febrero de 2025,"9,0",Raquel,,,Viaje de ocio | Grupo de amigos | Apartamento de 2 dormitorios | Estancia de 2 noches | Enviado por móvil,,
Vitoria,Escrito en 10 de febrero de 2025,"8,0",Ibertrasa,,,Viaje de negocios | Grupo | Apartamento de 2 dormitorios | Estancia de 2 noches,,
Vitoria,Escrito en 9 de febrero de 2025,"8,0",Irune,,,Viaje de ocio | Grupo | Apartamento de 1 dormitorio | Estancia de 1 noche | Enviado por móvil,,
Vitoria,Escrito en 9 de febrero de 2025,"8,0",Marta,,,Viaje de ocio | Grupo | Apartamento de 2 dormitorios | Estancia de 2 noches | Enviado por móvil,,
Vitoria,Escrito en 4 de enero de 2025,"8,0",Luis,,,Viaje de ocio | Familia con niños pequeños | Apartamento de 2 dormitorios | Estancia de 9 noches | Enviado por móvil,,
Vitoria,Escrito en 4 de enero de 2025,10,Díaz,,,Viaje de ocio | Familia con niños pequeños | Apartamento con terraza | Estancia de 1 noche | Enviado por móvil,,
Vitoria,Escrito en 3 de enero de 2025,"8,0",Juan,,,Con una mascota | Viaje de ocio | Familia con niños pequeños | Apartamento de 1 dormitorio | Estancia de 2 noches,,
Vitoria,Escrito en 31 de diciembre de 2024,"9,0",Eva,,,Familia con niños pequeños | Apartamento de 1 dormitorio | Estancia de 3 noches | Enviado por móvil,,
Vitoria,Escrito en 28 de diciembre de 2024,10,Elvira,,,Viaje de ocio | Familia con niños pequeños | Apartamento de 1 dormitorio | Estancia de 1 noche | Enviado por móvil,,
Vitoria,Escrito en 28 de diciembre de 2024,"7,0",Sergio,,,Viaje de ocio | Familia con niños pequeños | Apartamento de 1 dormitorio | Estancia de 1 noche | Enviado por móvil,,
Vitoria,Escrito en 26 de diciembre de 2024,"8,0",Ana,,,Viaje de ocio | Familia con niños pequeños | Apartamento de 2 dormitorios | Estancia de 1 noche | Enviado por móvil,,
Vitoria,Escrito en 22 de diciembre de 2024,"7,0",Gabaldon,,,Viaje de ocio | Familia con niños pequeños | Apartamento de 1 dormitorio | Estancia de 2 noches | Enviado por móvil,,
Vitoria,Escrito en 21 de diciembre de 2024,"8,0",Manuel,,,Viaje de negocios | Persona que viaja sola | Apartamento de 1 dormitorio | Estancia de 1 noche | Enviado por móvil,,
Vitoria,Escrito en 20 de diciembre de 2024,"8,0",Félix,,,Viaje de ocio | Pareja | Apartamento Estudio | Estancia de 1 noche | Enviado por móvil,,
Vitoria,Escrito en 20 de diciembre de 2024,"8,0",Ada,,,Viaje de ocio | Pareja | Apartamento Estudio | Estancia de 1 noche | Enviado por móvil,,
Vitoria,Escrito en 19 de diciembre de 2024,10,Angela,,,Viaje de negocios | Pareja | Apartamento de 1 dormitorio | Estancia de 1 noche | Enviado por móvil,,
Vitoria,Escrito en 19 de diciembre de 2024,10,Mª,,,Viaje de ocio | Grupo de amigos | Apartamento de 2 dormitorios | Estancia de 1 noche | Enviado por móvil,,
Vitoria,Escrito en 18 de diciembre de 2024,"9,0",Iratxe,,,Viaje de ocio | Familia con niños pequeños | Apartamento de 1 dormitorio | Estancia de 3 noches | Enviado por móvil,,
Vitoria,Escrito en 17 de diciembre de 2024,10,Vavera,,,Viaje de ocio | Pareja | Apartamento Estudio | Estancia de 2 noches | Enviado por móvil,,
Vitoria,Escrito en 17 de diciembre de 2024,"9,0",Almudena,,,Viaje de ocio | Grupo | Apartamento de 1 dormitorio | Estancia de 1 noche | Enviado por móvil,,
Vitoria,Escrito en 17 de diciembre de 2024,10,Martina,,,Viaje de ocio | Grupo de amigos | Apartamento de 1 dormitorio | Estancia de 3 noches | Enviado por móvil,,
Vitoria,Escrito en 16 de diciembre de 2024,"8,0",Diana,,,Viaje de ocio | Pareja | Apartamento de 1 dormitorio | Estancia de 1 noche | Enviado por móvil,,
Vitoria,Escrito en 16 de diciembre de 2024,"9,0",Susana,,,Viaje de ocio | Familia con niños pequeños | Apartamento de 1 dormitorio | Estancia de 1 noche | Enviado por móvil,,
Vitoria,Escrito en 15 de diciembre de 2024,"9,0",Estibaliz,,,Viaje de ocio | Familia con niños pequeños | Apartamento de 1 dormitorio | Estancia de 1 noche | Enviado por móvil,,
Vitoria,Escrito en 14 de diciembre de 2024,"8,0",Maritorena,,,Familia con niños pequeños | Apartamento de 2 dormitorios | Estancia de 1 noche | Enviado por móvil,,
Vitoria,Escrito en 12 de diciembre de 2024,"8,0",Miriam,,,Viaje de ocio | Familia con niños pequeños | Apartamento de 1 dormitorio | Estancia de 4 noches | Enviado por móvil,,
Vitoria,Escrito en 9 de diciembre de 2024,10,Jose,,,Viaje de ocio | Familia con niños pequeños | Apartamento de 1 dormitorio | Estancia de 1 noche | Enviado por móvil,,
Vitoria,Escrito en 9 de diciembre de 2024,10,María,,,Viaje de ocio | Familia con niños pequeños | Apartamento de 1 dormitorio | Estancia de 2 noches | Enviado por móvil,,
Vitoria,Escrito en 9 de diciembre de 2024,"8,0",Teresa,,,Viaje de ocio | Familia con niños pequeños | Apartamento de 1 dormitorio | Estancia de 2 noches | Enviado por móvil,,
Vitoria,Escrito en 15 de octubre de 2024,10,Elisa,,,Viaje de ocio | Pareja | Apartamento de 1 dormitorio | Estancia de 1 noche | Enviado por móvil,,
Vitoria,Escrito en 15 de octubre de 2024,"9,0",Fernando,,,Familia con niños pequeños | Apartamento con terraza | Estancia de 3 noches | Enviado por móvil,,
Vitoria,Escrito en 14 de octubre de 2024,"8,0",Ricardo,,,Viaje de ocio | Familia con niños pequeños | Apartamento Estudio | Estancia de 1 noche | Enviado por móvil,,
Vitoria,Escrito en 13 de octubre de 2024,"9,0",Emma,,,Viaje de ocio | Familia con niños pequeños | Apartamento de 1 dormitorio | Estancia de 2 noches | Enviado por móvil,,
Vitoria,Escrito en 13 de octubre de 2024,"9,0",Pilar,,,Viaje de ocio | Familia con niños pequeños | Apartamento de 1 dormitorio | Estancia de 2 noches | Enviado por móvil,,
Vitoria,Escrito en 13 de octubre de 2024,10,Marina,,,Viaje de ocio | Familia con niños pequeños | Apartamento de 1 dormitorio | Estancia de 1 noche | Enviado por móvil,,
Vitoria,Escrito en 13 de octubre de 2024,10,Rodrigo,,,Viaje de ocio | Familia con niños pequeños | Apartamento de 1 dormitorio | Estancia de 1 noche | Enviado por móvil,,
Vitoria,Escrito en 11 de octubre de 2024,10,Jefferson,,,Viaje de ocio | Familia con niños pequeños | Apartamento de 1 dormitorio | Estancia de 2 noches | Enviado por móvil,,
Vitoria,Escrito en 10 de octubre de 2024,"9,0",Miguel,,,Viaje de ocio | Familia con niños pequeños | Apartamento con terraza | Estancia de 1 noche | Enviado por móvil,,
Vitoria,Escrito en 10 de octubre de 2024,"8,0",Juan,,,Viaje de ocio | Familia con niños pequeños | Apartamento de 1 dormitorio | Estancia de 1 noche,,
Vitoria,Escrito en 8 de octubre de 2024,"8,0",Lexuri,,,Viaje de ocio | Grupo | Apartamento de 2 dormitorios | Estancia de 1 noche,,
Vitoria,Escrito en 6 de octubre de 2024,"7,0",Beatriz,,,Viaje de ocio | Familia con niños pequeños | Apartamento de 1 dormitorio | Estancia de 1 noche | Enviado por móvil,,
Vitoria,Escrito en 5 de octubre de 2024,"9,0",Josefa,,,Viaje de ocio | Familia con niños pequeños | Apartamento de 1 dormitorio | Estancia de 1 noche | Enviado por móvil,,
Vitoria,Escrito en 5 de octubre de 2024,10,Maria,,,Viaje de ocio | Familia con niños pequeños | Apartamento de 1 dormitorio | Estancia de 2 noches | Enviado por móvil,,
Vitoria,Escrito en 5 de octubre de 2024,"8,0",Francisco,,,Viaje de negocios | Familia con niños pequeños | Apartamento de 2 dormitorios | Estancia de 4 noches | Enviado por móvil,,
Vitoria,Escrito en 4 de octubre de 2024,10,Javier,,,Viaje de ocio | Persona que viaja sola | Apartamento de 1 dormitorio | Estancia de 5 noches | Enviado por móvil,,
Vitoria,Escrito en 3 de octubre de 2024,"9,0",Ignacio,,,Viaje de ocio | Pareja | Apartamento Estudio | Estancia de 3 noches | Enviado por móvil,,
Vitoria,Escrito en 2 de octubre de 2024,10,Jon,,,Viaje de negocios | Persona que viaja sola | Apartamento de 1 dormitorio | Estancia de 1 noche | Enviado por móvil,,
Vitoria,Escrito en 2 de octubre de 2024,"9,0",Raquel,,,Familia con niños pequeños | Apartamento de 1 dormitorio | Estancia de 6 noches | Enviado por móvil,,
Vitoria,Escrito en 1 de octubre de 2024,"9,0",María,,,Viaje de ocio | Pareja | Apartamento de 1 dormitorio | Estancia de 2 noches | Enviado por móvil,,
Vitoria,Escrito en 30 de septiembre de 2024,"7,0",Bárbara,,,Viaje de ocio | Pareja | Apartamento de 1 dormitorio | Estancia de 3 noches,,
Vitoria,Escrito en 30 de septiembre de 2024,10,Maria,,,Viaje de ocio | Grupo de amigos | Apartamento de 1 dormitorio | Estancia de 1 noche | Enviado por móvil,,
Vitoria,Escrito en 30 de septiembre de 2024,"9,0",Kizkitza,,,Viaje de ocio | Grupo | Apartamento de 2 dormitorios | Estancia de 2 noches | Enviado por móvil,,
Vitoria,Escrito en 29 de septiembre de 2024,"8,0",Armando,,,Viaje de ocio | Familia con niños pequeños | Apartamento de 1 dormitorio | Estancia de 5 noches | Enviado por móvil,,
Vitoria,Escrito en 29 de septiembre de 2024,"8,0",Jennifer,,,Viaje de ocio | Grupo de amigos | Apartamento de 2 dormitorios | Estancia de 1 noche | Enviado por móvil,,
Vitoria,Escrito en 26 de agosto de 2024,10,Juan,,,Viaje de ocio | Familia con niños pequeños | Apartamento de 1 dormitorio | Estancia de 3 noches | Enviado por móvil,,
Vitoria,Escrito en 26 de agosto de 2024,10,Ana,,,Viaje de ocio | Familia con niños pequeños | Apartamento de 1 dormitorio | Estancia de 1 noche | Enviado por móvil,,
Vitoria,Escrito en 25 de agosto de 2024,10,Paredes,,,Viaje de ocio | Familia con niños pequeños | Apartamento de 2 dormitorios | Estancia de 1 noche | Enviado por móvil,,
Vitoria,Escrito en 25 de agosto de 2024,10,Rafael,,,Viaje de ocio | Familia con niños pequeños | Apartamento de 1 dormitorio | Estancia de 5 noches | Enviado por móvil,,
Vitoria,Escrito en 25 de agosto de 2024,10,Juan,,,Viaje de ocio | Familia con niños pequeños | Apartamento de 1 dormitorio | Estancia de 3 noches | Enviado por móvil,,
Vitoria,Escrito en 24 de agosto de 2024,10,Josep,,,Viaje de ocio | Familia con niños pequeños | Apartamento de 1 dormitorio | Estancia de 1 noche | Enviado por móvil,,
Vitoria,Escrito en 23 de agosto de 2024,"9,0",Carolina,,,Viaje de ocio | Familia con niños pequeños | Apartamento de 1 dormitorio | Estancia de 4 noches | Enviado por móvil,,
Vitoria,Escrito en 23 de agosto de 2024,10,Rocamora,,,Viaje de ocio | Familia con niños pequeños | Apartamento de 1 dormitorio | Estancia de 2 noches | Enviado por móvil,,
Vitoria,Escrito en 22 de agosto de 2024,10,Maria,,,Viaje de ocio | Familia con niños pequeños | Apartamento con terraza | Estancia de 3 noches | Enviado por móvil,,
Vitoria,Escrito en 22 de agosto de 2024,10,Deborah,,,Viaje de ocio | Grupo de amigos | Apartamento de 1 dormitorio | Estancia de 5 noches | Enviado por móvil,,
Vitoria,Escrito en 21 de agosto de 2024,"9,0",Víctor,,,Viaje de ocio | Familia con niños pequeños | Apartamento de 1 dormitorio | Estancia de 2 noches | Enviado por móvil,,
Vitoria,Escrito en 19 de agosto de 2024,"9,0",Verónica,,,Viaje de ocio | Familia con niños pequeños | Apartamento de 1 dormitorio | Estancia de 4 noches | Enviado por móvil,,
Vitoria,Escrito en 19 de agosto de 2024,"8,0",África,,,Viaje de ocio | Familia con niños pequeños | Apartamento de 1 dormitorio | Estancia de 5 noches | Enviado por móvil,,
Vitoria,Escrito en 19 de agosto de 2024,"9,0",Sandra,,,Viaje de ocio | Grupo | Apartamento de 1 dormitorio | Estancia de 1 noche | Enviado por móvil,,
Vitoria,Escrito en 19 de agosto de 2024,"9,0",Marta,,,Viaje de ocio | Familia con niños pequeños | Apartamento de 2 dormitorios | Estancia de 3 noches | Enviado por móvil,,
Vitoria,Escrito en 18 de agosto de 2024,"8,0",David,,,Viaje de ocio | Grupo de amigos | Apartamento Estudio | Estancia de 2 noches | Enviado por móvil,,
Vitoria,Escrito en 17 de agosto de 2024,10,Daniela,,,Familia con niños pequeños | Apartamento de 1 dormitorio | Estancia de 1 noche | Enviado por móvil,,
Vitoria,Escrito en 16 de agosto de 2024,"9,0",Inés,,,Viaje de ocio | Familia con niños pequeños | Apartamento de 1 dormitorio | Estancia de 3 noches | Enviado por móvil,,
Vitoria,Escrito en 16 de agosto de 2024,"8,0",Lorena,,,Viaje de ocio | Familia con niños pequeños | Apartamento de 1 dormitorio | Estancia de 3 noches | Enviado por móvil,,
Vitoria,Escrito en 16 de agosto de 2024,"9,0",Adrián,,,Viaje de ocio | Familia con niños pequeños | Apartamento de 1 dormitorio | Estancia de 2 noches | Enviado por móvil,,
Vitoria,Escrito en 15 de agosto de 2024,"8,0",Manuel,,,Viaje de ocio | Familia con niños pequeños | Apartamento de 1 dormitorio | Estancia de 1 noche | Enviado por móvil,,
Vitoria,Escrito en 15 de agosto de 2024,"9,0",Maria,,,Viaje de ocio | Familia con niños pequeños | Apartamento de 1 dormitorio | Estancia de 1 noche | Enviado por móvil,,
Vitoria,Escrito en 14 de agosto de 2024,"9,0",Daniel,,,Viaje de ocio | Familia con niños pequeños | Apartamento de 1 dormitorio | Estancia de 4 noches,,
Vitoria,Escrito en 14 de agosto de 2024,"8,0",Ana,,,Viaje de ocio | Familia con niños pequeños | Apartamento de 1 dormitorio | Estancia de 3 noches | Enviado por móvil,,
Vitoria,Escrito en 13 de agosto de 2024,"8,0",Rosario,,,Viaje de ocio | Grupo | Apartamento de 1 dormitorio | Estancia de 1 noche,,
Vitoria,Escrito en 7 de julio de 2024,"8,0",Ignacio,,,Viaje de ocio | Grupo | Apartamento de 1 dormitorio | Estancia de 3 noches | Enviado por móvil,,
Vitoria,Escrito en 7 de julio de 2024,10,Santiago,,,Viaje de ocio | Familia con niños pequeños | Apartamento de 1 dormitorio | Estancia de 1 noche | Enviado por móvil,,
Vitoria,Escrito en 5 de julio de 2024,"8,0",Alejandra,,,Viaje de ocio | Familia con niños pequeños | Apartamento de 1 dormitorio | Estancia de 1 noche | Enviado por móvil,,
Vitoria,Escrito en 5 de julio de 2024,10,Loli,,,Viaje de ocio | Familia con niños pequeños | Apartamento de 1 dormitorio | Estancia de 1 noche | Enviado por móvil,,
Vitoria,Escrito en 5 de julio de 2024,10,Jose,,,Viaje de ocio | Familia con niños pequeños | Apartamento de 2 dormitorios | Estancia de 2 noches | Enviado por móvil,,
Vitoria,Escrito en 3 de julio de 2024,"9,0",Luis,,,Viaje de ocio | Pareja | Apartamento Estudio | Estancia de 3 noches | Enviado por móvil,,
Vitoria,Escrito en 1 de julio de 2024,"9,0",María,,,Viaje de ocio | Familia con niños pequeños | Apartamento de 1 dormitorio | Estancia de 3 noches | Enviado por móvil,,
Vitoria,Escrito en 1 de julio de 2024,"9,0",Dionisio,,,Viaje de ocio | Familia con niños pequeños | Apartamento de 2 dormitorios | Estancia de 1 noche | Enviado por móvil,,
Vitoria,Escrito en 1 de julio de 2024,"9,0",Agustín,,,Viaje de ocio | Pareja | Apartamento Estudio | Estancia de 1 noche,,
Vitoria,Escrito en 1 de julio de 2024,10,Pastor,,,Viaje de ocio | Familia con niños pequeños | Apartamento de 2 dormitorios | Estancia de 1 noche | Enviado por móvil,,
Vitoria,Escrito en 30 de junio de 2024,10,Emilio,,,Viaje de ocio | Familia con niños pequeños | Apartamento de 2 dormitorios | Estancia de 1 noche | Enviado por móvil,,
Vitoria,Escrito en 30 de junio de 2024,10,Marta,,,Viaje de ocio | Familia con niños pequeños | Apartamento de 1 dormitorio | Estancia de 2 noches | Enviado por móvil,,
Vitoria,Escrito en 30 de junio de 2024,"7,0",Maria,,,Viaje de ocio | Familia con niños pequeños | Apartamento con terraza | Estancia de 2 noches | Enviado por móvil,,
Vitoria,Escrito en 30 de junio de 2024,"8,0",Albina,,,Viaje de ocio | Familia con niños pequeños | Apartamento de 1 dormitorio | Estancia de 2 noches | Enviado por móvil,,
Vitoria,Escrito en 30 de junio de 2024,10,Cristian,,,Viaje de negocios | Grupo | Apartamento de 1 dormitorio | Estancia de 3 noches | Enviado por móvil,,
Vitoria,Escrito en 30 de junio de 2024,10,Ángeles,,,Viaje de ocio | Pareja | Apartamento de 1 dormitorio | Estancia de 2 noches | Enviado por móvil,,
Vitoria,Escrito en 27 de junio de 2024,"8,0",Sofia_sss,,,Viaje de ocio | Grupo de amigos | Apartamento de 2 dormitorios | Estancia de 3 noches | Enviado por móvil,,
Vitoria,Escrito en 27 de junio de 2024,10,Rosana,,,Viaje de ocio | Familia con niños pequeños | Apartamento de 2 dormitorios | Estancia de 1 noche,,
Vitoria,Escrito en 26 de junio de 2024,"8,0",Juan,,,Viaje de ocio | Familia con niños pequeños | Apartamento de 1 dormitorio | Estancia de 1 noche | Enviado por móvil,,
Vitoria,Escrito en 26 de junio de 2024,"7,0",Maria,,,Viaje de ocio | Familia con niños pequeños | Apartamento de 1 dormitorio | Estancia de 1 noche | Enviado por móvil,,
Vitoria,Escrito en 25 de junio de 2024,"8,0",Cruz,,,Viaje de ocio | Familia con niños pequeños | Apartamento de 1 dormitorio | Estancia de 2 noches | Enviado por móvil,,
Vitoria,Escrito en 24 de junio de 2024,10,Azuha,,,Viaje de ocio | Pareja | Apartamento de 1 dormitorio | Estancia de 5 noches | Enviado por móvil,,
Vitoria,Escrito en 24 de junio de 2024,10,Susana,,,Viaje de ocio | Familia con niños pequeños | Apartamento de 1 dormitorio | Estancia de 3 noches | Enviado por móvil,,
Vitoria,Escrito en 24 de junio de 2024,"8,0",Daniel,,,Viaje de ocio | Grupo de amigos | Apartamento Estudio | Estancia de 3 noches | Enviado por móvil,,
Vitoria,Escrito en 23 de junio de 2024,"8,0",Nidia,,,Viaje de negocios | Pareja | Apartamento de 1 dormitorio | Estancia de 1 noche | Enviado por móvil,,
Vitoria,Escrito en 6 de mayo de 2024,10,Eudald,,,Viaje de ocio | Grupo | Apartamento Ático | Estancia de 2 noches | Enviado por móvil,,
Vitoria,Escrito en 5 de mayo de 2024,"9,0",José,,,Viaje de ocio | Familia con niños pequeños | Apartamento de 1 dormitorio | Estancia de 2 noches | Enviado por móvil,,
Vitoria,Escrito en 5 de mayo de 2024,10,Sofia,,,Viaje de ocio | Grupo | Apartamento de 1 dormitorio | Estancia de 2 noches | Enviado por móvil,,
Vitoria,Escrito en 4 de mayo de 2024,"9,0",Ana,,,Viaje de ocio | Familia con niños pequeños | Apartamento Ático | Estancia de 1 noche | Enviado por móvil,,
Vitoria,Escrito en 3 de mayo de 2024,"9,0",Roberto,,,Viaje de ocio | Familia con niños pequeños | Apartamento de 1 dormitorio | Estancia de 3 noches | Enviado por móvil,,
Vitoria,Escrito en 3 de mayo de 2024,"9,0",Edecio,,,Viaje de ocio | Familia con niños pequeños | Apartamento de 1 dormitorio | Estancia de 1 noche | Enviado por móvil,,
Vitoria,Escrito en 3 de mayo de 2024,10,Pulido,,,Viaje de ocio | Grupo | Apartamento de 2 dormitorios | Estancia de 1 noche,,
Vitoria,Escrito en 2 de mayo de 2024,"8,0",Clotilde,,,Viaje de ocio | Familia con niños pequeños | Apartamento de 1 dormitorio | Estancia de 2 noches,,
Vitoria,Escrito en 2 de mayo de 2024,10,Jose,,,Viaje de ocio | Familia con niños pequeños | Apartamento con terraza | Estancia de 2 noches | Enviado por móvil,,
Vitoria,Escrito en 1 de mayo de 2024,10,Ire,,,Viaje de ocio | Pareja | Apartamento Estudio | Estancia de 1 noche,,
Vitoria,Escrito en 30 de abril de 2024,"9,0",Pablo,,,Viaje de ocio | Familia con niños pequeños | Apartamento de 1 dormitorio | Estancia de 4 noches | Enviado por móvil,,
Vitoria,Escrito en 30 de abril de 2024,"8,0",Javier,,,Viaje de negocios | Persona que viaja sola | Apartamento Estudio | Estancia de 1 noche | Enviado por móvil,,
Vitoria,Escrito en 30 de abril de 2024,"8,0",Begoña,,,Viaje de negocios | Familia con niños pequeños | Apartamento de 1 dormitorio | Estancia de 1 noche,,
Vitoria,Escrito en 28 de abril de 2024,"9,0",David,,,Viaje de ocio | Familia con niños pequeños | Apartamento de 1 dormitorio | Estancia de 1 noche | Enviado por móvil,,
Vitoria,Escrito en 27 de abril de 2024,10,Álvaro,,,Viaje de ocio | Pareja | Apartamento Estudio | Estancia de 1 noche | Enviado por móvil,,
Vitoria,Escrito en 25 de abril de 2024,"9,0",Javier,,,Viaje de ocio | Pareja | Apartamento Estudio | Estancia de 1 noche | Enviado por móvil,,
Vitoria,Escrito en 24 de abril de 2024,10,Andrea,,,Viaje de ocio | Familia con niños pequeños | Apartamento de 2 dormitorios | Estancia de 1 noche | Enviado por móvil,,
Vitoria,Escrito en 23 de abril de 2024,"9,0",Alba,,,Viaje de ocio | Pareja | Apartamento Estudio | Estancia de 1 noche | Enviado por móvil,,
Vitoria,Escrito en 23 de abril de 2024,10,Ines,,,Viaje de ocio | Familia con niños pequeños | Apartamento de 1 dormitorio | Estancia de 2 noches | Enviado por móvil,,
Vitoria,Escrito en 22 de abril de 2024,"8,0",Pablo,,,Viaje de ocio | Familia con niños pequeños | Apartamento de 1 dormitorio | Estancia de 2 noches | Enviado por móvil,,
Vitoria,Escrito en 21 de abril de 2024,10,Laura,,,Viaje de ocio | Familia con niños pequeños | Apartamento de 1 dormitorio | Estancia de 1 noche | Enviado por móvil,,
Vitoria,Escrito en 20 de abril de 2024,"9,0",Marisol,,,Viaje de ocio | Grupo | Apartamento de 1 dormitorio | Estancia de 1 noche | Enviado por móvil,,
Vitoria,Escrito en 19 de abril de 2024,10,Gabriel,,,Viaje de ocio | Grupo de amigos | Apartamento de 1 dormitorio | Estancia de 1 noche | Enviado por móvil,,
Vitoria,Escrito en 18 de abril de 2024,"9,0",Jesus,,,Viaje de ocio | Grupo | Apartamento de 1 dormitorio | Estancia de 2 noches,,
Vitoria,Escrito en 17 de abril de 2024,"9,0",Ramos,,,Viaje de ocio | Grupo de amigos | Apartamento de 1 dormitorio | Estancia de 2 noches | Enviado por móvil,,
Vitoria,Escrito en 5 de marzo de 2024,"9,0",Ortega,,,Viaje de ocio | Grupo | Apartamento de 1 dormitorio | Estancia de 2 noches | Enviado por móvil,,
Vitoria,Escrito en 4 de marzo de 2024,"9,0",Leire,,,Viaje de ocio | Grupo | Apartamento de 1 dormitorio | Estancia de 1 noche | Enviado por móvil,,
Vitoria,Escrito en 4 de marzo de 2024,"9,0",Arzak,,,Viaje de negocios | Persona que viaja sola | Apartamento Estudio | Estancia de 1 noche,,
Vitoria,Escrito en 4 de marzo de 2024,"9,0",Mari,,,Viaje de ocio | Familia con niños pequeños | Apartamento de 1 dormitorio | Estancia de 2 noches | Enviado por móvil,,
Vitoria,Escrito en 4 de marzo de 2024,"9,0",Elena,,,Viaje de ocio | Familia con niños pequeños | Apartamento de 1 dormitorio | Estancia de 2 noches | Enviado por móvil,,
Vitoria,Escrito en 3 de marzo de 2024,10,Rebeca,,,Viaje de ocio | Familia con niños pequeños | Apartamento de 1 dormitorio | Estancia de 2 noches | Enviado por móvil,,
Vitoria,Escrito en 2 de marzo de 2024,"8,0",Cagigas,,,Familia con niños pequeños | Apartamento con terraza | Estancia de 1 noche | Enviado por móvil,,
Vitoria,Escrito en 2 de marzo de 2024,"8,0",Belen,,,Viaje de ocio | Familia con niños pequeños | Apartamento Estudio | Estancia de 2 noches | Enviado por móvil,,
Vitoria,Escrito en 2 de marzo de 2024,10,Rafa,,,Viaje de negocios | Familia con niños pequeños | Apartamento de 1 dormitorio | Estancia de 1 noche | Enviado por móvil,,
Vitoria,Escrito en 1 de marzo de 2024,10,Elsa,,,Familia con niños pequeños | Apartamento Estudio | Estancia de 1 noche | Enviado por móvil,,
Vitoria,Escrito en 29 de febrero de 2024,10,Dimitri,,,Pareja | Apartamento de 1 dormitorio | Estancia de 5 noches | Enviado por móvil,,
Vitoria,Escrito en 29 de febrero de 2024,"9,0",Miguel,,,Viaje de ocio | Familia con niños pequeños | Apartamento de 1 dormitorio | Estancia de 1 noche | Enviado por móvil,,
Vitoria,Escrito en 29 de febrero de 2024,"9,0",Agurtzane,,,Viaje de ocio | Grupo de amigos | Apartamento de 1 dormitorio | Estancia de 1 noche | Enviado por móvil,,
Vitoria,Escrito en 28 de febrero de 2024,10,Xandre,,,Viaje de ocio | Grupo | Apartamento de 1 dormitorio | Estancia de 1 noche | Enviado por móvil,,
Vitoria,Escrito en 27 de febrero de 2024,"8,0",Jimenez,,,Viaje de ocio | Familia con niños pequeños | Apartamento de 1 dormitorio | Estancia de 1 noche | Enviado por móvil,,
Vitoria,Escrito en 27 de febrero de 2024,10,Joan,,,Viaje de ocio | Grupo | Apartamento de 1 dormitorio | Estancia de 1 noche | Enviado por móvil,,
Vitoria,Escrito en 26 de febrero de 2024,"9,0",Noelia,,,Viaje de ocio | Familia con niños pequeños | Apartamento de 1 dormitorio | Estancia de 2 noches | Enviado por móvil,,
Vitoria,Escrito en 26 de febrero de 2024,"9,0",Beatriz,,,Viaje de ocio | Grupo de amigos | Apartamento de 1 dormitorio | Estancia de 2 noches | Enviado por móvil,,
Vitoria,Escrito en 25 de febrero de 2024,"9,0",Virginia,,,Viaje de ocio | Familia con niños pequeños | Apartamento de 1 dormitorio | Estancia de 3 noches | Enviado por móvil,,
Vitoria,Escrito en 24 de febrero de 2024,10,Aurora,,,Viaje de ocio | Grupo de amigos | Apartamento de 1 dormitorio | Estancia de 2 noches | Enviado por móvil,,
Vitoria,Escrito en 23 de febrero de 2024,10,Alvaro,,,Viaje de ocio | Grupo de amigos | Apartamento de 1 dormitorio | Estancia de 1 noche | Enviado por móvil,,
Vitoria,Escrito en 23 de febrero de 2024,10,Omar,,,Viaje de negocios | Persona que viaja sola | Apartamento de 1 dormitorio | Estancia de 2 noches | Enviado por móvil,,
Vitoria,Escrito en 23 de febrero de 2024,"8,0",Castro,,,Viaje de ocio | Pareja | Apartamento de 1 dormitorio | Estancia de 1 noche | Enviado por móvil,,
Vitoria,Escrito en 23 de febrero de 2024,10,Monica,,,Viaje de ocio | Pareja | Apartamento Estudio | Estancia de 2 noches | Enviado por móvil,,
Vitoria,Escrito en 23 de febrero de 2024,"9,0",Luis,,,Viaje de negocios | Grupo | Apartamento de 1 dormitorio | Estancia de 2 noches | Enviado por móvil,,
Vitoria,Escrito en 28 de enero de 2024,"8,0",Xabier,,,Viaje de ocio | Familia con niños pequeños | Apartamento de 1 dormitorio | Estancia de 1 noche | Enviado por móvil,,
Vitoria,Escrito en 28 de enero de 2024,"8,0",Laura,,,Viaje de ocio | Familia con niños pequeños | Apartamento de 1 dormitorio | Estancia de 1 noche | Enviado por móvil,,
Vitoria,Escrito en 27 de enero de 2024,10,Janire,,,Viaje de negocios | Pareja | Apartamento Estudio | Estancia de 1 noche | Enviado por móvil,,
Vitoria,Escrito en 25 de enero de 2024,"7,0",Concepción,,,Viaje de ocio | Familia con niños pequeños | Apartamento de 1 dormitorio | Estancia de 1 noche | Enviado por móvil,,
Vitoria,Escrito en 24 de enero de 2024,10,Marilia,,,Viaje de ocio | Grupo | Apartamento de 1 dormitorio | Estancia de 1 noche | Enviado por móvil,,
Vitoria,Escrito en 24 de enero de 2024,"9,0",Jose,,,Viaje de ocio | Pareja | Apartamento de 1 dormitorio | Estancia de 1 noche,,
Vitoria,Escrito en 22 de enero de 2024,"9,0",Pelayo,,,Viaje de ocio | Grupo de amigos | Apartamento de 2 dormitorios | Estancia de 1 noche | Enviado por móvil,,
Vitoria,Escrito en 22 de enero de 2024,"9,0",Hector,,,Viaje de ocio | Familia con niños pequeños | Apartamento de 1 dormitorio | Estancia de 2 noches | Enviado por móvil,,
Vitoria,Escrito en 22 de enero de 2024,"9,0",Irene,,,Viaje de ocio | Grupo de amigos | Apartamento de 1 dormitorio | Estancia de 1 noche | Enviado por móvil,,
Vitoria,Escrito en 22 de enero de 2024,10,Nuria,,,Viaje de ocio | Grupo de amigos | Apartamento de 1 dormitorio | Estancia de 2 noches | Enviado por móvil,,
Vitoria,Escrito en 21 de enero de 2024,10,Isidro,,,Viaje de negocios | Familia con niños pequeños | Apartamento de 1 dormitorio | Estancia de 1 noche | Enviado por móvil,,
Vitoria,Escrito en 21 de enero de 2024,10,Irati,,,Viaje de ocio | Familia con niños pequeños | Apartamento de 1 dormitorio | Estancia de 2 noches | Enviado por móvil,,
Vitoria,Escrito en 20 de enero de 2024,"9,0",Onintza,,,Viaje de ocio | Familia con niños pequeños | Apartamento de 2 dormitorios | Estancia de 2 noches | Enviado por móvil,,
Vitoria,Escrito en 19 de enero de 2024,"9,0",Xiana,,,Viaje de ocio | Pareja | Apartamento Estudio | Estancia de 1 noche | Enviado por móvil,,
Vitoria,Escrito en 18 de enero de 2024,"8,0",Asier,,,Viaje de ocio | Grupo | Apartamento de 2 dormitorios | Estancia de 1 noche | Enviado por móvil,,
Vitoria,Escrito en 18 de enero de 2024,"9,0",Patricia,,,Viaje de ocio | Familia con niños pequeños | Apartamento de 2 dormitorios | Estancia de 1 noche | Enviado por móvil,,
Vitoria,Escrito en 18 de enero de 2024,10,Iranzu,,,Viaje de ocio | Pareja | Apartamento Estudio | Estancia de 2 noches | Enviado por móvil,,
Vitoria,Escrito en 18 de enero de 2024,10,Villanueva,,,Familia con niños pequeños | Apartamento de 1 dormitorio | Estancia de 6 noches | Enviado por móvil,,
Vitoria,Escrito en 16 de enero de 2024,10,Joan,,,Viaje de ocio | Familia con niños pequeños | Apartamento de 2 dormitorios | Estancia de 3 noches,,
Vitoria,Escrito en 15 de enero de 2024,10,Yolanda,,,Familia con niños pequeños | Apartamento Estudio | Estancia de 1 noche | Enviado por móvil,,
Vitoria,Escrito en 15 de enero de 2024,10,Álvaro,,,Viaje de ocio | Pareja | Apartamento de 1 dormitorio | Estancia de 1 noche | Enviado por móvil,,
Vitoria,Escrito en 15 de enero de 2024,10,Maria,,,Viaje de ocio | Familia con niños pequeños | Apartamento de 1 dormitorio | Estancia de 2 noches | Enviado por móvil,,
Vitoria,Escrito en 15 de enero de 2024,10,Ines,,,Viaje de ocio | Grupo de amigos | Apartamento de 1 dormitorio | Estancia de 1 noche | Enviado por móvil,,
Vitoria,Escrito en 14 de enero de 2024,10,Marques,,,Viaje de ocio | Pareja | Apartamento de 1 dormitorio | Estancia de 2 noches | Enviado por móvil,,
Vitoria,Escrito en 14 de enero de 2024,"9,0",Eva,,,Viaje de ocio | Pareja | Apartamento Estudio | Estancia de 2 noches | Enviado por móvil,,
Vitoria,Escrito en 8 de diciembre de 2023,10,Diana,,,Viaje de ocio | Familia con niños pequeños | Apartamento de 1 dormitorio | Estancia de 2 noches | Enviado por móvil,,
Vitoria,Escrito en 8 de diciembre de 2023,"8,0",Victoria,,,Viaje de ocio | Familia con niños pequeños | Apartamento de 1 dormitorio | Estancia de 1 noche | Enviado por móvil,,
Vitoria,Escrito en 8 de diciembre de 2023,10,Garcia,,,Viaje de ocio | Familia con niños pequeños | Apartamento de 1 dormitorio | Estancia de 1 noche | Enviado por móvil,,
Vitoria,Escrito en 7 de diciembre de 2023,"9,0",Plasencia,,,Viaje de ocio | Pareja | Apartamento Estudio | Estancia de 4 noches | Enviado por móvil,,
Vitoria,Escrito en 6 de diciembre de 2023,10,Patricia,,,Viaje de ocio | Familia con niños pequeños | Apartamento de 1 dormitorio | Estancia de 1 noche | Enviado por móvil,,
Vitoria,Escrito en 5 de diciembre de 2023,"9,0",Jose,,,Viaje de negocios | Familia con niños pequeños | Apartamento con terraza | Estancia de 1 noche | Enviado por móvil,,
Vitoria,Escrito en 5 de diciembre de 2023,10,Alba,,,Viaje de ocio | Familia con niños pequeños | Apartamento de 1 dormitorio | Estancia de 1 noche | Enviado por móvil,,
Vitoria,Escrito en 4 de diciembre de 2023,"9,0",Marta,,,Viaje de negocios | Familia con niños pequeños | Apartamento de 1 dormitorio | Estancia de 1 noche | Enviado por móvil,,
Vitoria,Escrito en 3 de diciembre de 2023,"9,0",Maria,,,Viaje de ocio | Grupo de amigos | Apartamento de 1 dormitorio | Estancia de 2 noches | Enviado por móvil,,
Vitoria,Escrito en 3 de diciembre de 2023,"8,0",Olatz,,,Viaje de ocio | Familia con niños pequeños | Apartamento de 1 dormitorio | Estancia de 1 noche | Enviado por móvil,,
Vitoria,Escrito en 27 de noviembre de 2023,"9,0",Luis,,,Viaje de negocios | Grupo | Apartamento de 2 dormitorios | Estancia de 1 noche,,
Vitoria,Escrito en 26 de noviembre de 2023,"7,0",Teresa,,,Viaje de ocio | Familia con niños pequeños | Apartamento de 1 dormitorio | Estancia de 1 noche | Enviado por móvil,,
Vitoria,Escrito en 23 de noviembre de 2023,"8,0",May,,,Viaje de ocio | Grupo | Apartamento de 1 dormitorio | Estancia de 1 noche | Enviado por móvil,,
Vitoria,Escrito en 22 de noviembre de 2023,10,David,,,Viaje de ocio | Grupo de amigos | Apartamento de 1 dormitorio | Estancia de 1 noche | Enviado por móvil,,
Vitoria,Escrito en 21 de noviembre de 2023,"7,0",Álvaro,,,Viaje de ocio | Familia con niños pequeños | Apartamento Estudio | Estancia de 2 noches | Enviado por móvil,,
Vitoria,Escrito en 20 de noviembre de 2023,"9,0",Carlos,,,Viaje de ocio | Grupo | Apartamento de 1 dormitorio | Estancia de 1 noche,,
Vitoria,Escrito en 20 de noviembre de 2023,10,Álvaro,,,Viaje de ocio | Pareja | Apartamento Estudio | Estancia de 1 noche | Enviado por móvil,,
Vitoria,Escrito en 19 de noviembre de 2023,"9,0",David,,,Viaje de ocio | Familia con niños pequeños | Apartamento de 1 dormitorio | Estancia de 1 noche | Enviado por móvil,,
Vitoria,Escrito en 18 de noviembre de 2023,10,Carla,,,Viaje de ocio | Grupo | Apartamento Estudio | Estancia de 1 noche | Enviado por móvil,,
Vitoria,Escrito en 17 de noviembre de 2023,"9,0",Aura,,,Viaje de ocio | Grupo | Apartamento de 1 dormitorio | Estancia de 1 noche | Enviado por móvil,,
Vitoria,Escrito en 16 de noviembre de 2023,"8,0",Ane,,,Viaje de ocio | Pareja | Apartamento Estudio | Estancia de 1 noche | Enviado por móvil,,
Vitoria,Escrito en 16 de noviembre de 2023,"8,0",Amigo,,,Viaje de negocios | Pareja | Apartamento Estudio | Estancia de 4 noches,,
Vitoria,Escrito en 16 de noviembre de 2023,"9,0",Vladyslav,,,Viaje de ocio | Grupo de amigos | Apartamento de 2 dormitorios | Estancia de 3 noches | Enviado por móvil,,
Vitoria,Escrito en 15 de noviembre de 2023,10,Reformas,,,Viaje de negocios | Familia con niños pequeños | Apartamento de 1 dormitorio | Estancia de 2 noches | Enviado por móvil,,
Vitoria,Escrito en 13 de noviembre de 2023,"8,0",Carolina,,,Viaje de ocio | Familia con niños pequeños | Apartamento de 1 dormitorio | Estancia de 1 noche | Enviado por móvil,,
Vitoria,Escrito en 23 de septiembre de 2023,10,Marina,,,Viaje de ocio | Familia con niños pequeños | Apartamento de 1 dormitorio | Estancia de 2 noches | Enviado por móvil,,
Vitoria,Escrito en 21 de septiembre de 2023,"8,0",Rafael,,,Viaje de ocio | Familia con niños pequeños | Apartamento de 1 dormitorio | Estancia de 2 noches | Enviado por móvil,,
Vitoria,Escrito en 21 de septiembre de 2023,"8,0",Ana,,,Viaje de negocios | Familia con niños pequeños | Apartamento de 1 dormitorio | Estancia de 2 noches | Enviado por móvil,,
Vitoria,Escrito en 19 de septiembre de 2023,10,Miguel,,,Viaje de ocio | Persona que viaja sola | Apartamento de 1 dormitorio | Estancia de 3 noches,,
Vitoria,Escrito en 18 de septiembre de 2023,"9,0",Mªcarmen,,,Viaje de negocios | Familia con niños pequeños | Apartamento de 1 dormitorio | Estancia de 2 noches | Enviado por móvil,,
Vitoria,Escrito en 17 de septiembre de 2023,"8,0",Ricardo,,,Viaje de ocio | Grupo de amigos | Apartamento de 2 dormitorios | Estancia de 4 noches | Enviado por móvil,,
Vitoria,Escrito en 15 de septiembre de 2023,10,Fernando,,,Viaje de ocio | Familia con niños pequeños | Apartamento de 1 dormitorio | Estancia de 2 noches | Enviado por móvil,,
Vitoria,Escrito en 14 de septiembre de 2023,"9,0",Victor,,,Viaje de ocio | Pareja | Apartamento de 1 dormitorio | Estancia de 5 noches | Enviado por móvil,,
Vitoria,Escrito en 14 de septiembre de 2023,"8,0",Luis,,,Viaje de negocios | Persona que viaja sola | Apartamento de 1 dormitorio | Estancia de 1 noche | Enviado por móvil,,
Vitoria,Escrito en 13 de septiembre de 2023,"9,0",Garcia,,,Viaje de ocio | Familia con niños pequeños | Apartamento de 1 dormitorio | Estancia de 4 noches,,
Vitoria,Escrito en 12 de septiembre de 2023,10,Gema,,,Viaje de ocio | Pareja | Apartamento Estudio | Estancia de 1 noche | Enviado por móvil,,
Vitoria,Escrito en 12 de septiembre de 2023,"9,0",Emilio,,,Viaje de ocio | Familia con niños pequeños | Apartamento de 1 dormitorio | Estancia de 3 noches | Enviado por móvil,,
Vitoria,Escrito en 12 de septiembre de 2023,10,Veronica,,,Viaje de ocio | Familia con niños pequeños | Apartamento de 1 dormitorio | Estancia de 2 noches | Enviado por móvil,,
Vitoria,Escrito en 12 de septiembre de 2023,"9,0",Enrique,,,Viaje de ocio | Familia con niños pequeños | Apartamento de 1 dormitorio | Estancia de 2 noches | Enviado por móvil,,
Vitoria,Escrito en 12 de septiembre de 2023,"9,0",Enrique,,,Viaje de ocio | Familia con niños pequeños | Apartamento de 2 dormitorios | Estancia de 2 noches | Enviado por móvil,,
Vitoria,Escrito en 12 de septiembre de 2023,"9,0",Enrique,,,Familia con niños pequeños | Apartamento Estudio | Estancia de 2 noches | Enviado por móvil,,
Vitoria,Escrito en 12 de septiembre de 2023,"9,0",Lorena,,,Viaje de ocio | Familia con niños pequeños | Apartamento Estudio | Estancia de 2 noches | Enviado por móvil,,
Vitoria,Escrito en 10 de septiembre de 2023,10,Maria,,,Viaje de ocio | Grupo de amigos | Apartamento de 1 dormitorio | Estancia de 4 noches | Enviado por móvil,,
Vitoria,Escrito en 9 de septiembre de 2023,"8,0",Tomas,,,Viaje de ocio | Familia con niños pequeños | Apartamento de 1 dormitorio | Estancia de 1 noche | Enviado por móvil,,
Vitoria,Escrito en 9 de septiembre de 2023,"7,0",Isidro,,,Viaje de ocio | Familia con niños pequeños | Apartamento Estudio | Estancia de 2 noches | Enviado por móvil,,
Vitoria,Escrito en 9 de septiembre de 2023,"7,0",Ibon,,,Viaje de negocios | Persona que viaja sola | Apartamento Estudio | Estancia de 1 noche | Enviado por móvil,,
Vitoria,Escrito en 8 de septiembre de 2023,10,Katerin,,,Familia con niños pequeños | Apartamento de 1 dormitorio | Estancia de 1 noche | Enviado por móvil,,
Vitoria,Escrito en 8 de septiembre de 2023,"9,0",Javier,,,Viaje de ocio | Familia con niños pequeños | Apartamento de 1 dormitorio | Estancia de 1 noche | Enviado por móvil,,
Vitoria,Escrito en 8 de septiembre de 2023,10,Felipe,,,Viaje de ocio | Pareja | Apartamento de 1 dormitorio | Estancia de 4 noches | Enviado por móvil,,
Vitoria,Escrito en 8 de septiembre de 2023,"9,0",Jovi,,,Viaje de ocio | Grupo | Apartamento de 1 dormitorio | Estancia de 2 noches,,
Vitoria,Escrito en 13 de agosto de 2023,10,Sergi,,,Viaje de ocio | Familia con niños pequeños | Apartamento de 1 dormitorio | Estancia de 2 noches | Enviado por móvil,,
Vitoria,Escrito en 12 de agosto de 2023,"9,0",Agg2,,,Viaje de ocio | Familia con niños pequeños | Apartamento de 2 dormitorios | Estancia de 4 noches | Enviado por móvil,,
Vitoria,Escrito en 11 de agosto de 2023,10,Alejandro,,,Viaje de ocio | Familia con niños pequeños | Apartamento de 1 dormitorio | Estancia de 2 noches | Enviado por móvil,,
Vitoria,Escrito en 11 de agosto de 2023,"7,0",Oscar,,,Viaje de ocio | Familia con niños pequeños | Apartamento de 1 dormitorio | Estancia de 2 noches | Enviado por móvil,,
Vitoria,Escrito en 10 de agosto de 2023,10,Cesc2002,,,Viaje de ocio | Grupo | Apartamento de 1 dormitorio | Estancia de 1 noche,,
Vitoria,Escrito en 10 de agosto de 2023,"9,0",Mar,,,Viaje de ocio | Familia con niños pequeños | Apartamento de 1 dormitorio | Estancia de 1 noche | Enviado por móvil,,
Vitoria,Escrito en 9 de agosto de 2023,"9,0",Mercedes,,,Viaje de ocio | Familia con niños pequeños | Apartamento de 1 dormitorio | Estancia de 2 noches | Enviado por móvil,,
Vitoria,Escrito en 9 de agosto de 2023,10,Helia,,,Viaje de ocio | Familia con niños pequeños | Apartamento de 2 dormitorios | Estancia de 1 noche | Enviado por móvil,,
Vitoria,Escrito en 8 de agosto de 2023,"8,0",Jesús,,,Viaje de ocio | Familia con niños pequeños | Apartamento de 1 dormitorio | Estancia de 1 noche | Enviado por móvil,,
Vitoria,Escrito en 8 de agosto de 2023,"7,0",Javier,,,Viaje de ocio | Familia con niños pequeños | Apartamento Estudio | Estancia de 1 noche | Enviado por móvil,,
Vitoria,Escrito en 7 de agosto de 2023,"9,0",Maria,,,Viaje de ocio | Familia con niños pequeños | Apartamento de 1 dormitorio | Estancia de 2 noches,,
Vitoria,Escrito en 7 de agosto de 2023,"8,0",Raquel,,,Viaje de ocio | Familia con niños pequeños | Apartamento con terraza | Estancia de 3 noches | Enviado por móvil,,
Vitoria,Escrito en 7 de agosto de 2023,"9,0",Martinez,,,Viaje de ocio | Familia con niños pequeños | Apartamento de 1 dormitorio | Estancia de 1 noche | Enviado por móvil,,
Vitoria,Escrito en 6 de agosto de 2023,10,Jana,,,Viaje de negocios | Grupo | Apartamento de 1 dormitorio | Estancia de 2 noches | Enviado por móvil,,
Vitoria,Escrito en 4 de agosto de 2023,10,Teresa,,,Viaje de ocio | Familia con niños pequeños | Apartamento de 1 dormitorio | Estancia de 3 noches | Enviado por móvil,,
Vitoria,Escrito en 4 de agosto de 2023,"8,0",Rebeca,,,Viaje de ocio | Familia con niños pequeños | Apartamento de 1 dormitorio | Estancia de 5 noches | Enviado por móvil,,
Vitoria,Escrito en 2 de agosto de 2023,"7,0",Maria,,,Viaje de ocio | Familia con niños pequeños | Apartamento de 1 dormitorio | Estancia de 1 noche | Enviado por móvil,,
Vitoria,Escrito en 2 de agosto de 2023,"8,0",Cristina,,,Viaje de ocio | Familia con niños pequeños | Apartamento de 1 dormitorio | Estancia de 1 noche | Enviado por móvil,,
Vitoria,Escrito en 2 de agosto de 2023,"9,0",Fernando,,,Viaje de ocio | Familia con niños pequeños | Apartamento de 1 dormitorio | Estancia de 1 noche | Enviado por móvil,,
Vitoria,Escrito en 1 de agosto de 2023,10,Jose,,,Viaje de ocio | Familia con niños pequeños | Apartamento de 1 dormitorio | Estancia de 1 noche | Enviado por móvil,,
Vitoria,Escrito en 1 de agosto de 2023,"9,0",Carme,,,Viaje de ocio | Grupo de amigos | Apartamento de 1 dormitorio | Estancia de 1 noche | Enviado por móvil,,
Vitoria,Escrito en 31 de julio de 2023,"9,0",Iker,,,Viaje de ocio | Pareja | Apartamento Estudio | Estancia de 1 noche | Enviado por móvil,,
Vitoria,Escrito en 31 de julio de 2023,"9,0",María,,,Viaje de ocio | Familia con niños pequeños | Apartamento de 1 dormitorio | Estancia de 1 noche | Enviado por móvil,,
Vitoria,Escrito en 31 de julio de 2023,"8,0",Shuangping,,,Viaje de negocios | Familia con niños pequeños | Apartamento Estudio | Estancia de 1 noche | Enviado por móvil,,
Vitoria,Escrito en 31 de julio de 2023,"9,0",Maria,,,Viaje de ocio | Familia con niños pequeños | Apartamento de 1 dormitorio | Estancia de 1 noche | Enviado por móvil,,
Vitoria,Escrito en 14 de junio de 2023,"9,0",Amia,,,Viaje de ocio | Familia con niños pequeños | Apartamento de 1 dormitorio | Estancia de 1 noche | Enviado por móvil,,
Vitoria,Escrito en 13 de junio de 2023,10,Climent,,,Viaje de ocio | Grupo | Apartamento de 1 dormitorio | Estancia de 1 noche | Enviado por móvil,,
Vitoria,Escrito en 13 de junio de 2023,10,Martinez,,,Viaje de ocio | Pareja | Apartamento Estudio | Estancia de 2 noches | Enviado por móvil,,
Vitoria,Escrito en 13 de junio de 2023,10,Aleix,,,Viaje de ocio | Grupo | Apartamento de 1 dormitorio | Estancia de 1 noche | Enviado por móvil,,
Vitoria,Escrito en 13 de junio de 2023,10,Luis,,,Viaje de ocio | Grupo | Apartamento de 1 dormitorio | Estancia de 1 noche | Enviado por móvil,,
Vitoria,Escrito en 12 de junio de 2023,10,Carmen,,,Familia con niños pequeños | Apartamento con terraza | Estancia de 3 noches | Enviado por móvil,,
Vitoria,Escrito en 12 de junio de 2023,10,Laura,,,Viaje de ocio | Grupo | Apartamento de 1 dormitorio | Estancia de 2 noches | Enviado por móvil,,
Vitoria,Escrito en 11 de junio de 2023,"8,0",Antonio,,,Viaje de ocio | Familia con niños pequeños | Apartamento de 1 dormitorio | Estancia de 1 noche | Enviado por móvil,,
Vitoria,Escrito en 10 de junio de 2023,"9,0",Antonio,,,Viaje de ocio | Familia con niños pequeños | Apartamento Estudio | Estancia de 3 noches | Enviado por móvil,,
Vitoria,Escrito en 9 de junio de 2023,"8,0",Irene,,,Viaje de ocio | Familia con niños pequeños | Apartamento de 1 dormitorio | Estancia de 3 noches | Enviado por móvil,,
Vitoria,Escrito en 9 de junio de 2023,10,David,,,Viaje de ocio | Pareja | Apartamento Estudio | Estancia de 1 noche | Enviado por móvil,,
Vitoria,Escrito en 6 de junio de 2023,"9,0",Maria,,,Viaje de negocios | Pareja | Apartamento de 1 dormitorio | Estancia de 1 noche | Enviado por móvil,,
Vitoria,Escrito en 6 de junio de 2023,"9,0",Soraya,,,Viaje de ocio | Familia con niños pequeños | Apartamento de 1 dormitorio | Estancia de 4 noches | Enviado por móvil,,
Vitoria,Escrito en 5 de junio de 2023,"8,0",Jéssica,,,Viaje de ocio | Persona que viaja sola | Apartamento de 1 dormitorio | Estancia de 1 noche | Enviado por móvil,,
Vitoria,Escrito en 5 de junio de 2023,"9,0",Magali,,,Viaje de ocio | Grupo de amigos | Apartamento de 1 dormitorio | Estancia de 2 noches | Enviado por móvil,,
Vitoria,Escrito en 4 de junio de 2023,"9,0",Marta,,,Viaje de ocio | Familia con niños pequeños | Apartamento de 1 dormitorio | Estancia de 2 noches | Enviado por móvil,,
Vitoria,Escrito en 4 de junio de 2023,10,F,,,Familia con niños pequeños | Apartamento de 1 dormitorio | Estancia de 3 noches | Enviado por móvil,,
Vitoria,Escrito en 4 de junio de 2023,"7,0",Juan,,,Viaje de ocio | Familia con niños pequeños | Apartamento de 1 dormitorio | Estancia de 2 noches,,
Vitoria,Escrito en 3 de junio de 2023,10,Galicia,,,Viaje de negocios | Persona que viaja sola | Apartamento Estudio | Estancia de 1 noche | Enviado por móvil,,
Vitoria,Escrito en 31 de mayo de 2023,10,Trabel_er,,,Viaje de negocios | Persona que viaja sola | Apartamento de 1 dormitorio | Estancia de 2 noches | Enviado por móvil,,
Vitoria,Escrito en 26 de mayo de 2023,10,Óscar,,,Familia con niños pequeños | Apartamento de 1 dormitorio | Estancia de 3 noches | Enviado por móvil,,
Vitoria,Escrito en 26 de mayo de 2023,"9,0",Andrea,,,Familia con niños pequeños | Apartamento de 1 dormitorio | Estancia de 1 noche | Enviado por móvil,,
Vitoria,Escrito en 24 de mayo de 2023,"8,0",Marina,,,Viaje de ocio | Grupo | Apartamento de 2 dormitorios | Estancia de 2 noches | Enviado por móvil,,
Vitoria,Escrito en 23 de mayo de 2023,"8,0",Ana,,,Viaje de ocio | Familia con niños pequeños | Apartamento de 1 dormitorio | Estancia de 2 noches | Enviado por móvil,,
Vitoria,Escrito en 22 de mayo de 2023,10,M,,,Viaje de ocio | Pareja | Apartamento Estudio | Estancia de 2 noches | Enviado por móvil,,
Vitoria,Escrito en 16 de abril de 2023,10,María,,,Viaje de ocio | Familia con niños pequeños | Apartamento Estudio | Estancia de 1 noche | Enviado por móvil,,
Vitoria,Escrito en 16 de abril de 2023,"8,0",Fusinato,,,Viaje de ocio | Grupo | Apartamento de 1 dormitorio | Estancia de 1 noche,,
Vitoria,Escrito en 16 de abril de 2023,10,Elena,,,Viaje de ocio | Pareja | Apartamento de 1 dormitorio | Estancia de 1 noche | Enviado por móvil,,
Vitoria,Escrito en 16 de abril de 2023,"8,0",Isabel,,,Viaje de ocio | Familia con niños pequeños | Apartamento con terraza | Estancia de 1 noche | Enviado por móvil,,
Vitoria,Escrito en 15 de abril de 2023,10,Amara,,,Viaje de ocio | Grupo | Apartamento de 2 dormitorios | Estancia de 2 noches | Enviado por móvil,,
Vitoria,Escrito en 15 de abril de 2023,"9,0",M,,,Viaje de ocio | Pareja | Apartamento Estudio | Estancia de 1 noche | Enviado por móvil,,
Vitoria,Escrito en 15 de abril de 2023,"9,0",Alejandro,,,Viaje de ocio | Familia con niños pequeños | Apartamento de 1 dormitorio | Estancia de 1 noche | Enviado por móvil,,
Vitoria,Escrito en 14 de abril de 2023,"9,0",Diego,,,Viaje de ocio | Familia con niños pequeños | Apartamento Estudio | Estancia de 3 noches | Enviado por móvil,,
Vitoria,Escrito en 14 de abril de 2023,"7,0",Cati,,,Viaje de ocio | Familia con niños pequeños | Apartamento de 1 dormitorio | Estancia de 2 noches | Enviado por móvil,,
Vitoria,Escrito en 14 de abril de 2023,"8,0",Hibai,,,Viaje de ocio | Familia con niños pequeños | Apartamento de 1 dormitorio | Estancia de 2 noches | Enviado por móvil,,
Vitoria,Escrito en 13 de abril de 2023,"7,0",Vicent,,,Viaje de ocio | Familia con niños pequeños | Apartamento de 1 dormitorio | Estancia de 1 noche | Enviado por móvil,,
Vitoria,Escrito en 11 de abril de 2023,"9,0",Daniel,,,Viaje de ocio | Persona que viaja sola | Apartamento de 1 dormitorio | Estancia de 1 noche | Enviado por móvil,,
Vitoria,Escrito en 11 de abril de 2023,10,Cvr,,,Viaje de ocio | Familia con niños pequeños | Apartamento de 1 dormitorio | Estancia de 2 noches | Enviado por móvil,,
Vitoria,Escrito en 11 de abril de 2023,10,Felipedd,,,Viaje de negocios | Persona que viaja sola | Apartamento de 1 dormitorio | Estancia de 1 noche | Enviado por móvil,,
Vitoria,Escrito en 10 de abril de 2023,10,Manuel,,,Viaje de ocio | Familia con niños pequeños | Apartamento de 1 dormitorio | Estancia de 2 noches | Enviado por móvil,,
Vitoria,Escrito en 10 de abril de 2023,10,Yeison,,,Viaje de ocio | Familia con niños pequeños | Apartamento de 1 dormitorio | Estancia de 1 noche | Enviado por móvil,,
Vitoria,Escrito en 10 de abril de 2023,"8,0",Justo,,,Viaje de ocio | Grupo | Apartamento de 2 dormitorios | Estancia de 4 noches | Enviado por móvil,,
Vitoria,Escrito en 10 de abril de 2023,"8,0",Lea_91,,,Viaje de ocio | Grupo de amigos | Apartamento de 1 dormitorio | Estancia de 2 noches | Enviado por móvil,,
Vitoria,Escrito en 10 de abril de 2023,10,Mikel,,,Viaje de negocios | Pareja | Apartamento de 1 dormitorio | Estancia de 1 noche | Enviado por móvil,,
Vitoria,Escrito en 8 de abril de 2023,"9,0",Sandra,,,Viaje de ocio | Familia con niños pequeños | Apartamento de 2 dormitorios | Estancia de 1 noche | Enviado por móvil,,
Vitoria,Escrito en 7 de abril de 2023,"9,0",Marta,,,Viaje de ocio | Familia con niños pequeños | Apartamento de 1 dormitorio | Estancia de 1 noche | Enviado por móvil,,
Vitoria,Escrito en 7 de abril de 2023,10,Javier,,,Viaje de ocio | Familia con niños pequeños | Apartamento de 1 dormitorio | Estancia de 1 noche | Enviado por móvil,,
Vitoria,Escrito en 6 de abril de 2023,"9,0",Carlos,,,Viaje de ocio | Familia con niños pequeños | Apartamento de 2 dormitorios | Estancia de 3 noches | Enviado por móvil,,
Vitoria,Escrito en 6 de abril de 2023,10,Nonomonono,,,Viaje de ocio | Familia con niños pequeños | Apartamento con terraza | Estancia de 1 noche | Enviado por móvil,,
Vitoria,Escrito en 6 de abril de 2023,10,Calderón,,,Viaje de ocio | Pareja | Apartamento de 1 dormitorio | Estancia de 1 noche | Enviado por móvil,,
Vitoria,Escrito en 19 de febrero de 2023,10,Patricia,,,Grupo | Apartamento de 1 dormitorio | Estancia de 1 noche | Enviado por móvil,,
Vitoria,Escrito en 16 de febrero de 2023,"7,0",Roberto,,,Viaje de negocios | Familia con niños pequeños | Apartamento de 1 dormitorio | Estancia de 1 noche | Enviado por móvil,,
Vitoria,Escrito en 15 de febrero de 2023,"8,0",Roberto,,,Viaje de negocios | Grupo | Apartamento de 1 dormitorio | Estancia de 1 noche | Enviado por móvil,,
Vitoria,Escrito en 15 de febrero de 2023,"9,0",Lucia,,,Viaje de ocio | Familia con niños pequeños | Apartamento de 1 dormitorio | Estancia de 2 noches,,
Vitoria,Escrito en 14 de febrero de 2023,10,Alejandro,,,Viaje de negocios | Grupo | Apartamento de 1 dormitorio | Estancia de 1 noche | Enviado por móvil,,
Vitoria,Escrito en 12 de febrero de 2023,10,Rafael,,,Viaje de ocio | Grupo de amigos | Apartamento de 1 dormitorio | Estancia de 2 noches | Enviado por móvil,,
Vitoria,Escrito en 12 de febrero de 2023,"8,0",Marcos,,,Viaje de ocio | Familia con niños pequeños | Apartamento de 1 dormitorio | Estancia de 2 noches | Enviado por móvil,,
Vitoria,Escrito en 9 de febrero de 2023,10,Cristina,,,Viaje de ocio | Grupo | Apartamento de 1 dormitorio | Estancia de 2 noches | Enviado por móvil,,
Vitoria,Escrito en 9 de febrero de 2023,"9,0",Yasmina,,,Viaje de ocio | Pareja | Apartamento Estudio | Estancia de 1 noche | Enviado por móvil,,
Vitoria,Escrito en 6 de febrero de 2023,"8,0",David,,,Viaje de ocio | Grupo | Apartamento de 1 dormitorio | Estancia de 1 noche | Enviado por móvil,,
Vitoria,Escrito en 6 de febrero de 2023,"9,0",Miguel,,,Viaje de ocio | Familia con niños pequeños | Apartamento de 1 dormitorio | Estancia de 2 noches | Enviado por móvil,,
Vitoria,Escrito en 5 de febrero de 2023,10,Cristina,,,Viaje de ocio | Familia con niños pequeños | Apartamento de 1 dormitorio | Estancia de 2 noches | Enviado por móvil,,
Vitoria,Escrito en 4 de febrero de 2023,10,Leire,,,Viaje de ocio | Pareja | Apartamento Estudio | Estancia de 3 noches | Enviado por móvil,,
Vitoria,Escrito en 3 de febrero de 2023,10,Nazareth,,,Viaje de ocio | Familia con niños pequeños | Apartamento de 1 dormitorio | Estancia de 1 noche,,
Vitoria,Escrito en 3 de febrero de 2023,"9,0",Roberto,,,Viaje de negocios | Grupo | Apartamento de 1 dormitorio | Estancia de 4 noches | Enviado por móvil,,
Vitoria,Escrito en 3 de febrero de 2023,"8,0",Itxaso,,,Viaje de ocio | Grupo | Apartamento de 1 dormitorio | Estancia de 1 noche | Enviado por móvil,,
Vitoria,Escrito en 3 de febrero de 2023,"8,0",Pablo,,,Viaje de ocio | Familia con niños pequeños | Apartamento de 1 dormitorio | Estancia de 8 noches | Enviado por móvil,,
Vitoria,Escrito en 2 de febrero de 2023,"8,0",Iñigo,,,Viaje de ocio | Familia con niños pequeños | Apartamento de 1 dormitorio | Estancia de 1 noche | Enviado por móvil,,
Vitoria,Escrito en 1 de febrero de 2023,10,Pablo,,,Viaje de ocio | Grupo | Apartamento de 2 dormitorios | Estancia de 1 noche | Enviado por móvil,,
Vitoria,Escrito en 1 de febrero de 2023,10,Fontdegloria,,,Viaje de ocio | Familia con niños pequeños | Apartamento de 1 dormitorio | Estancia de 3 noches | Enviado por móvil,,
Vitoria,Escrito en 1 de febrero de 2023,"9,0",Nuria,,,Viaje de ocio | Familia con niños pequeños | Apartamento de 1 dormitorio | Estancia de 2 noches | Enviado por móvil,,
Vitoria,Escrito en 31 de enero de 2023,"9,0",Jorge,,,Viaje de ocio | Grupo | Apartamento de 1 dormitorio | Estancia de 2 noches | Enviado por móvil,,
Vitoria,Escrito en 30 de enero de 2023,"8,0",Miren,,,Viaje de ocio | Pareja | Apartamento de 1 dormitorio | Estancia de 1 noche | Enviado por móvil,,
Vitoria,Escrito en 30 de enero de 2023,10,Alejandro,,,Viaje de negocios | Persona que viaja sola | Apartamento de 1 dormitorio | Estancia de 4 noches | Enviado por móvil,,
Vitoria,Escrito en 29 de enero de 2023,"9,0",Elixabet,,,Viaje de ocio | Familia con niños pequeños | Apartamento de 1 dormitorio | Estancia de 1 noche | Enviado por móvil,,
Vitoria,Escrito en 15 de diciembre de 2025,"6,0",Laura,,,Viaje de ocio | Persona que viaja sola | Apartamento de 1 dormitorio | Estancia de 2 noches | Enviado por móvil,,
Vitoria,Escrito en 1 de noviembre de 2025,"3,0",Candel,,,Viaje de ocio | Grupo | Apartamento de 1 dormitorio | Estancia de 5 noches | Enviado por móvil,,
Vitoria,Escrito en 19 de octubre de 2025,"1,0",Jose,,,Viaje de negocios | Familia con niños pequeños | Apartamento de 1 dormitorio | Estancia de 4 noches | Enviado por móvil,,
Vitoria,Escrito en 30 de septiembre de 2025,"1,0",Cristóbal,,,Viaje de ocio | Pareja | Apartamento Estudio | Estancia de 1 noche | Enviado por móvil,,
Vitoria,Escrito en 4 de septiembre de 2025,"3,0",García,,,Familia con niños pequeños | Apartamento de 1 dormitorio | Estancia de 1 noche | Enviado por móvil,,
Vitoria,Escrito en 18 de agosto de 2025,"6,0",Beteta,,,Viaje de ocio | Persona que viaja sola | Apartamento Estudio | Estancia de 4 noches | Enviado por móvil,,
Vitoria,Escrito en 1 de agosto de 2025,"5,0",Cerezo,,,Viaje de ocio | Familia con niños pequeños | Apartamento de 1 dormitorio | Estancia de 1 noche | Enviado por móvil,,
Vitoria,Escrito en 3 de julio de 2025,"1,0",Zaira,,,Viaje de ocio | Grupo | Apartamento de 1 dormitorio | Estancia de 3 noches | Enviado por móvil,,
Vitoria,Escrito en 4 de junio de 2025,"6,0",Antonio,,,Viaje de negocios | Persona que viaja sola | Apartamento de 1 dormitorio | Estancia de 2 noches | Enviado por móvil,,
Vitoria,Escrito en 26 de marzo de 2025,"6,0",Urko,,,Viaje de ocio | Grupo | Apartamento de 1 dormitorio | Estancia de 1 noche,,
Vitoria,Escrito en 9 de febrero de 2025,"5,0",Carmen,,,Viaje de ocio | Familia con niños pequeños | Apartamento Estudio | Estancia de 6 noches | Enviado por móvil,,
Vitoria,Escrito en 28 de enero de 2025,"5,0",Lucia,,,Viaje de ocio | Pareja | Apartamento Estudio | Estancia de 3 noches | Enviado por móvil,,
Vitoria,Escrito en 13 de enero de 2025,"6,0",Perez,,,Viaje de negocios | Familia con niños pequeños | Apartamento de 1 dormitorio | Estancia de 2 noches | Enviado por móvil,,
Vitoria,Escrito en 26 de noviembre de 2024,"5,0",Francisco,,,Viaje de ocio | Familia con niños pequeños | Apartamento de 1 dormitorio | Estancia de 2 noches | Enviado por móvil,,
Vitoria,Escrito en 16 de noviembre de 2024,"4,0",Bárbara,,,Viaje de ocio | Familia con niños pequeños | Apartamento con terraza | Estancia de 1 noche | Enviado por móvil,,
Vitoria,Escrito en 16 de octubre de 2024,"6,0",Juan,,,Viaje de ocio | Pareja | Apartamento de 1 dormitorio | Estancia de 1 noche | Enviado por móvil,,
Vitoria,Escrito en 13 de octubre de 2024,"5,0",Jose,,,Viaje de ocio | Pareja | Apartamento Estudio | Estancia de 4 noches,,
Vitoria,Escrito en 7 de octubre de 2024,"6,0",Aina118,,,Viaje de ocio | Grupo de amigos | Apartamento de 1 dormitorio | Estancia de 1 noche | Enviado por móvil,,
Vitoria,Escrito en 8 de julio de 2024,"6,0",Juan,,,Viaje de ocio | Familia con niños pequeños | Apartamento de 1 dormitorio | Estancia de 1 noche | Enviado por móvil,,
Vitoria,Escrito en 27 de junio de 2024,"5,0",Iñaki,,,Viaje de ocio | Pareja | Apartamento de 1 dormitorio | Estancia de 3 noches | Enviado por móvil,,
Vitoria,Escrito en 25 de mayo de 2024,"6,0",Antonio,,,Viaje de ocio | Familia con niños pequeños | Apartamento Estudio | Estancia de 4 noches | Enviado por móvil,,
Vitoria,Escrito en 14 de mayo de 2024,"6,0",Juan,,,Viaje de negocios | Familia con niños pequeños | Apartamento de 1 dormitorio | Estancia de 1 noche | Enviado por móvil,,
Vitoria,Escrito en 11 de mayo de 2024,"5,0",Juan,,,Viaje de negocios | Grupo | Apartamento de 1 dormitorio | Estancia de 4 noches | Enviado por móvil,,
Vitoria,Escrito en 5 de abril de 2024,"6,0",Maria,,,Viaje de ocio | Familia con niños pequeños | Apartamento de 1 dormitorio | Estancia de 2 noches | Enviado por móvil,,
Vitoria,Escrito en 24 de marzo de 2024,"1,0",Andoni,,,Viaje de ocio | Grupo | Apartamento de 2 dormitorios | Estancia de 2 noches | Enviado por móvil,,
Donosti,Escrito en 30 de diciembre de 2025,"8,0",Elena,Las toallas no secan y el jabón de la ducha complicado para salir,La situación,Familia con niños pequeños | Habitación Familiar con baño privado | Estancia de 4 noches | Enviado por móvil,4 comentarios,España
Donosti,Escrito en 29 de diciembre de 2025,"9,0",Marisa,,Buena ubicación y lindo desayuno. Pudimos estar todos juntos que eramos muchos,Viaje de ocio | Grupo | Habitación con baño privado - 6 camas | Estancia de 1 noche,,
Donosti,Escrito en 15 de diciembre de 2025,"8,0",Jon,Poca presión en la ducha,Comodidad de las camas,Familia con niños pequeños | Habitación Familiar con baño privado | Estancia de 1 noche | Enviado por móvil,29 comentarios,España
Donosti,Escrito en 11 de diciembre de 2025,"8,0",Sosuke,,Bien ubicado y tranquilo,Viaje de ocio | Grupo | Habitación Familiar con baño privado | Estancia de 1 noche | Enviado por móvil,,
Donosti,Escrito en 11 de diciembre de 2025,"8,0",Agur,"Que no te dejen entrar hasta las 15 horas y que si te dejan antes, a las 13 horas, hay que pagar 15 euros.",,Viaje de ocio | Familia con niños pequeños | Habitación Familiar con baño privado | Estancia de 1 noche | Enviado por móvil,5 comentarios,España
Donosti,Escrito en 30 de noviembre de 2025,"8,0",Elena,Un poco lejos del centro.,En general todo bien.,Viaje de ocio | Persona que viaja sola | Cama en habitación compartida mixta con 6 camas y baño compartido | Estancia de 1 noche | Enviado por móvil,14 comentarios,España
Donosti,Escrito en 18 de noviembre de 2025,"8,0",Alba,"No es fácil encontrar aparcamiento si llevas coche y es zona verde (de pago, aunque la mañana de un sábado son solo 4 € mucho más económico que un parking)","Fácil check in, buena localización a 20 min andando por el paseo de la concha al centro
Habitación grande cómoda y bien dividida, no se escuchaba mucho ruido y eso que estaba lleno
Buenas zonas comunes en la planta 1
Nuestra habitación tenía unas vistas chulisimas
Buen servicio de cafetería y buen ambiente",Viaje de ocio | Grupo | Habitación Familiar con baño privado | Estancia de 2 noches | Enviado por móvil,12 comentarios,España
Donosti,Escrito en 9 de noviembre de 2025,"9,0",Antonio,Quizás un poco lejos del centro para ir andando,"Atención del personal
La limpieza",Viaje de ocio | Persona que viaja sola | Cama en habitación compartida mixta con 6 camas y baño compartido | Estancia de 2 noches | Enviado por móvil,15 comentarios,España
Donosti,Escrito en 8 de noviembre de 2025,"7,0",Richard,"A las 05:00 han llegado un grupo haciendo ruido/ bebidos supuestamente. 
Ya no he vuelto a dormir",,Viaje de negocios | Persona que viaja sola | Cama en habitación compartida mixta con 6 camas y baño privado | Estancia de 1 noche | Enviado por móvil,26 comentarios,España
Donosti,Escrito en 6 de noviembre de 2025,"8,0",Ana,"Para todo aquel que este pensando reservar en este lugar debe saber que este hostal está ubicado encima de una colina y es cansado llegar y salir. Hay transporte urbano cerca pero igual toca subir o bajar la montaña. Pensé que iba a estar en el área comercial y no es así, alrededor hay apartamentos solamente. Al caminar un par de cuadras ya encuentras comercios pero no alrededor inmediato.",Fue simple y practica la reserva y el check in. Es un lugar ordenado y estructurado.,Viaje de ocio | Persona que viaja sola | Cama en habitación compartida mixta con 6 camas y baño compartido | Estancia de 4 noches | Enviado por móvil,5 comentarios,Guatemala
Donosti,Escrito en 4 de noviembre de 2025,"7,0",Claudia,"La habitación de 6 era pequeña para dejar maletas, mochilas, etc. y un baño para 6 chicas puede quedarse escaso en ocasiones. El resto todo muy bien!",La relación calidad - precio. Ideal para pasar un par de días entre amigas. A 20 minutos del centro de san Sebastián en autobús. Cómodo y agradable con un desayuno muy bueno relación precio! Recomendable.,Viaje de ocio | Grupo | Habitación con baño privado - 6 camas | Estancia de 2 noches | Enviado por móvil,28 comentarios,España
Donosti,Escrito en 3 de noviembre de 2025,"9,0",Aitor,Todo fue bien,"Habitacion bien, todo limpio y el personal majo.",Viaje de ocio | Grupo | Habitación con baño privado - 8 camas | Estancia de 1 noche,23 comentarios,España
Donosti,Escrito en 28 de octubre de 2025,"9,0",Juan,,Facilidades dadas por el personal,Viaje de ocio | Grupo | Habitación Familiar con baño privado | Estancia de 3 noches | Enviado por móvil,,
Donosti,Escrito en 24 de octubre de 2025,"8,0",Sánchez,,El compartir con otros viajeros,Persona que viaja sola | Cama en habitación compartida mixta con 6 camas y baño compartido | Estancia de 3 noches | Enviado por móvil,,
Donosti,Escrito en 22 de octubre de 2025,"7,0",Camila,Mal olor de los desagües en los baños. Colchón de espuma se aplastaba hasta que terminadas durmiendo sobre la tabla de la cama,"El personal, muy amable",Viaje de ocio | Pareja | Habitación Doble con baño privado - 2 camas | Estancia de 2 noches | Enviado por móvil,15 comentarios,Chile
Donosti,Escrito en 20 de octubre de 2025,"8,0",Carlos,Camas incómodas y habitación justita.,Estaba muy céntrico. La ubicación es buena aunque hay que subir una cuesta grande para llegar.,Viaje de ocio | Pareja | Habitación Doble con baño privado - 2 camas | Estancia de 3 noches | Enviado por móvil,56 comentarios,España
Donosti,Escrito en 19 de octubre de 2025,"9,0",Duron,,"Ubicación, limpieza, camareros muy bien(Mojar)!!",Viaje de ocio | Persona que viaja sola | Cama en habitación compartida mixta de 8 camas con baño privado | Estancia de 2 noches | Enviado por móvil,,
Donosti,Escrito en 17 de octubre de 2025,"7,0",Ingold,,Buena ubicación. Básicamente p gente joven. Muy amables todos los que trabajan,Viaje de ocio | Pareja | Habitación Doble con baño privado - 2 camas | Estancia de 1 noche | Enviado por móvil,,
Donosti,Escrito en 15 de octubre de 2025,"8,0",Mariano,,Hubicacion,Viaje de ocio | Familia con niños pequeños | Habitación Familiar con baño privado | Estancia de 1 noche | Enviado por móvil,,
Donosti,Escrito en 12 de octubre de 2025,"9,0",David,Nada,Todo,Pareja | Habitación Doble con baño privado - 2 camas | Estancia de 1 noche | Enviado por móvil,18 comentarios,España
Donosti,Escrito en 12 de octubre de 2025,"8,0",Ivan,,Limpieza y buena ubicación. El personal muy amable,Viaje de ocio | Pareja | Habitación Doble con baño privado - 2 camas | Estancia de 1 noche | Enviado por móvil,,
Donosti,Escrito en 10 de octubre de 2025,"9,0",Elena,Me gustaría que la camas tuvieran cortinas para más intimidad,,Viaje de negocios | Persona que viaja sola | Cama en habitación compartida mixta con 6 camas y baño privado | Estancia de 1 noche | Enviado por móvil,13 comentarios,España
Donosti,Escrito en 10 de octubre de 2025,"9,0",Luz,,"La comodidad, el silencio y la vista",Viaje de ocio | Familia con niños pequeños | Habitación Familiar con baño privado | Estancia de 1 noche | Enviado por móvil,,
Donosti,Escrito en 2 de octubre de 2025,"9,0",Ruiz,La ubicación física algo lejana,La atención del personal a cargo... Profesionales responsables,Viaje de ocio | Persona que viaja sola | Cama en habitación compartida mixta con 6 camas y baño compartido | Estancia de 2 noches | Enviado por móvil,6 comentarios,España
Donosti,Escrito en 27 de septiembre de 2025,"8,0",Daniela,"Que la cama tuviese un poco más de privacidad, de manera que no moleste la luz al entrar o salir los compañeros. El pequeño bloqueo de madera no es suficiente. Sugiero incluir cortinas pequeñas.","La limpieza, el espacio y el orden del hostel. Los baños siempre limpios.",Viaje de ocio | Persona que viaja sola | Cama en habitación compartida mixta con 6 camas y baño compartido | Estancia de 3 noches,3 comentarios,Chile
Donosti,Escrito en 27 de abril de 2025,"8,0",Maria,Quizás que es difícil de acaparar,"Nos gustó la ubicación, está cerca para ir caminando a conocer San Sebastián, la playa, restaurantes, y las vistas de la habitación",Viaje de ocio | Familia con niños pequeños | Habitación Familiar con baño privado | Estancia de 1 noche | Enviado por móvil,21 comentarios,España
Donosti,Escrito en 22 de abril de 2025,"7,0",Wissam,"Había mucha gente, pero por el precio, está bastante bien",La amabilidad del personal,Persona que viaja sola | Cama en habitación compartida mixta de 8 camas con baño privado | Estancia de 2 noches | Enviado por móvil,11 comentarios,España
Donosti,Escrito en 21 de abril de 2025,"7,0",Nerina,"Que tarden tanto tiempo en devolver la fianza, cuando ponen que se hace en 48 horas.",,Viaje de ocio | Grupo de amigos | Cama en habitación compartida mixta de 8 camas con baño privado | Estancia de 1 noche | Enviado por móvil,3 comentarios,España
Donosti,Escrito en 19 de abril de 2025,"9,0",Eva,Los vecinos un poco ruidosos pero a la noche se comportaron .,El personal muy amable . Y la habitación familiar amplia .,Viaje de ocio | Grupo | Habitación Familiar Deluxe con baño privado | Estancia de 1 noche | Enviado por móvil,27 comentarios,España
Donosti,Escrito en 16 de abril de 2025,"7,0",Catalina,El desayuno,La habitación,Viaje de ocio | Familia con niños pequeños | Habitación Familiar con baño privado | Estancia de 1 noche | Enviado por móvil,1 comentario,España
Donosti,Escrito en 12 de abril de 2025,"8,0",Alejandro,Todo muy bien,Higiene,Viaje de ocio | Persona que viaja sola | Cama en habitación compartida mixta de 8 camas con baño privado | Estancia de 1 noche | Enviado por móvil,3 comentarios,Uruguay
Donosti,Escrito en 7 de abril de 2025,"9,0",Antonio,Baño un poco sucio,Precio,Viaje de ocio | Grupo | Habitación con baño compartido - 6 camas | Estancia de 1 noche,12 comentarios,España
Donosti,Escrito en 31 de marzo de 2025,"8,0",Tatiana,,"La habitación era amplia y limpia. Ubicado en un barrio aparentemente seguro, pero la calle era bastante desierta por la noche. Hay bares y restaurantes cerca de 10 minutos caminando. Las camas no son cómodas. Fue el mejor precio aunque sea un poco caro para un hostel .",Viaje de ocio | Grupo | Habitación Cuádruple con baño | Estancia de 1 noche | Enviado por móvil,,
Donosti,Escrito en 17 de marzo de 2025,"9,0",Rafael,Todo bien,Buenos,Viaje de ocio | Familia con niños pequeños | Cama en habitación compartida mixta con 6 camas y baño compartido | Estancia de 1 noche | Enviado por móvil,1 comentario,España
Donosti,Escrito en 16 de marzo de 2025,"8,0",Leila,Pasamos calor por la noche porque el aire estaba puesto (creemos que se encendía forma automática porque no encontramos ningún mando).,"El acceso con código, muy cómodo. La habitación estaba bien y dormimos muy bien. La ubicación es ideal si se quiere estar en la zona de Antiguo, pero también es fácil llegar al centro en autobús.",Viaje de ocio | Pareja | Habitación Doble con baño privado - 2 camas | Estancia de 1 noche,44 comentarios,España
Donosti,Escrito en 7 de marzo de 2025,"9,0",Maria,,"Buena relación calidad precio, es un lugar con espacios compartidos.",Viaje de ocio | Familia con niños pequeños | Habitación Familiar con baño compartido | Estancia de 1 noche | Enviado por móvil,,
Donosti,Escrito en 4 de marzo de 2025,"8,0",Gus,"Camarotes sin cortina y muy pequeños. Los codigos de acceso, con menos digitos seria mejor. Alguno del personal de limpieza de la noche quizas necesite mas motivación laboral y mejorar sus habilidades de comunicación.",La ubicación y la limpieza del lugar.,Viaje de ocio | Persona que viaja sola | Cama en habitación compartida mixta con 6 camas y baño compartido | Estancia de 3 noches,5 comentarios,España
Donosti,Escrito en 3 de marzo de 2025,"7,0",Laura,La calefacción la ajustan desde la recepción y el split hace algo de ruido que molesta para dormir,"Las habitaciones son amplias y los colchones cómodos. Las vistas desde la 4a planta eran muy bonitas 
El barrio aunque no es céntrico tiene de todo y es tranquilo",Viaje de ocio | Familia con niños pequeños | Habitación Familiar con baño privado | Estancia de 3 noches | Enviado por móvil,23 comentarios,España
Donosti,Escrito en 3 de marzo de 2025,"8,0",Alba,"Está un poco lejos, cerca de la playa Ondarreta pero subiendo una cuesta",Calidad precio buena,Viaje de ocio | Grupo | Habitación Familiar con baño privado | Estancia de 1 noche | Enviado por móvil,31 comentarios,España
Donosti,Escrito en 27 de febrero de 2025,"8,0",Pilar,Más que del alojamiento fueron algunas personas cenando más tarde de las 23h en la cocina hablando casi gritando…,Lo que más me gustó fueron los recepcionistas en especial Mohamed y una chica que no recuerdo el nombre.Muy amables y atentos en todo momento,Viaje de ocio | Persona que viaja sola | Cama en habitación compartida mixta con 6 camas y baño compartido | Estancia de 1 noche | Enviado por móvil,39 comentarios,España
Donosti,Escrito en 26 de febrero de 2025,"9,0",Marlene,Cortinas para las camas individuales que permiten más privacidad.,La limpieza,Viaje de negocios | Persona que viaja sola | Cama en habitación compartida mixta con 6 camas y baño compartido | Estancia de 1 noche | Enviado por móvil,27 comentarios,España
Donosti,Escrito en 24 de febrero de 2025,"7,0",Saez,"Sin haber hecho el check out, alguien nos abrió la puerta estando en la habitación.",La habitación para parejas con baño privado estaba muy bien con todo lo necesario.,Viaje de ocio | Pareja | Habitación Doble con baño privado - 2 camas | Estancia de 2 noches | Enviado por móvil,6 comentarios,España
Donosti,Escrito en 7 de febrero de 2025,"8,0",Juan,"Mucho mensaje,",Está bien y entre semana el precio era muy bueno siendo Sanse,Viaje de ocio | Persona que viaja sola | Cama en habitación compartida mixta con 6 camas y baño compartido | Estancia de 1 noche | Enviado por móvil,45 comentarios,España
Donosti,Escrito en 3 de febrero de 2025,"9,0",Oga,,"Hemos estado genial! Habitación muy limpia, ubicación muy buena, en general calidad - precio excelente!",Viaje de ocio | Familia con niños pequeños | Habitación Familiar con baño privado | Estancia de 2 noches | Enviado por móvil,,
Donosti,Escrito en 2 de febrero de 2025,"9,0",Carlos,Me falto parking,Sencillo la forma de trabajar y comodo de uso,Viaje de ocio | Familia con niños pequeños | Habitación Familiar con baño privado | Estancia de 1 noche | Enviado por móvil,7 comentarios,España
Donosti,Escrito en 28 de enero de 2025,"8,0",Roberto,Nada,Todo,Viaje de ocio | Familia con niños pequeños | Habitación Familiar con baño privado | Estancia de 2 noches | Enviado por móvil,2 comentarios,Honduras
Donosti,Escrito en 27 de enero de 2025,"9,0",Belen,,Calidad precio,Viaje de ocio | Persona que viaja sola | Cama en habitación compartida mixta con 6 camas y baño compartido | Estancia de 1 noche | Enviado por móvil,,
Donosti,Escrito en 27 de enero de 2025,"8,0",Juana,"La habitación era muy pequeña,en las fotos parece más amplia",,Viaje de ocio | Familia con niños pequeños | Habitación Familiar con baño privado | Estancia de 3 noches | Enviado por móvil,16 comentarios,España
Donosti,Escrito en 26 de enero de 2025,"8,0",Martínez,"El personal no es muy eficiente para responder las consultas que se hacen a través de la plataforma, nunca respondieron","El lugar fue conveniente para nuestras necesidades, estaba limpio y el personal es amable",Viaje de ocio | Familia con niños pequeños | Cama en habitación compartida mixta con 6 camas y baño compartido | Estancia de 1 noche | Enviado por móvil,5 comentarios,España
Donosti,Escrito en 22 de enero de 2025,"8,0",Jose,,La disponibilidad horaria y el precio,Viaje de ocio | Persona que viaja sola | Cama en habitación compartida mixta con 6 camas y baño compartido | Estancia de 1 noche | Enviado por móvil,,
Donosti,Escrito en 19 de agosto de 2024,"9,0",Sandra,Algo pequeñas las habitaciones para 6.personas,Las camas muy cómodas,Viaje de ocio | Persona que viaja sola | Cama en habitación compartida femenina de 6 camas con baño privado | Estancia de 2 noches | Enviado por móvil,1 comentario,Colombia
Donosti,Escrito en 19 de agosto de 2024,"7,0",Alexia,El espacio era muy pequeña para 4 personas y los colchones eran incómodos,,Viaje de ocio | Familia con niños pequeños | Habitación Familiar con baño privado | Estancia de 1 noche | Enviado por móvil,8 comentarios,España
Donosti,Escrito en 18 de agosto de 2024,"9,0",Jose,,"Ubicación muy buena, se puede ir andanado a la Playa de la Concha.",Viaje de ocio | Familia con niños pequeños | Habitación Familiar con baño privado | Estancia de 1 noche,,
Donosti,Escrito en 18 de agosto de 2024,"8,0",Paula,"Los bolsillitos de mi cama donde se suele dejar el móvil, cargador etc, el equipo de limpieza no les había revisado y fue bastante desagradable encontrarme ahí varios plásticos y un tapón de oídos. No dan toallas y el servicio si las pides cuenta 3€.",compartimentos de las camas muy cómodos y el personal fue muy agradable.,Viaje de ocio | Familia con niños pequeños | Cama en habitación compartida femenina de 6 camas con baño privado | Estancia de 1 noche,12 comentarios,España
Donosti,Escrito en 17 de agosto de 2024,"8,0",Yedri,"Tener que esperar hasta las 15:00 para recibir la clave al mvl y poder entrar en la habitación, de normal si la habitación ya está limpia te dejan entrar. 
El hostel está ubicado en una cuesta y si haces caso a Google te manda por una calle empinada de escaleras.","La ubicación, a solo 8 min a pie del paseo de la concha.",Viaje de ocio | Persona que viaja sola | Cama en habitación compartida femenina de 8 camas con baño privado | Estancia de 1 noche | Enviado por móvil,34 comentarios,España
Donosti,Escrito en 16 de agosto de 2024,"7,0",Dvgf1988,"El desayuno no es continental como dice en la descripción al reservar. Son 4 opciones y hay que elegir una, me pareció bastante pobre.
En el baño, podrían agregar ganchos o estantes porque es imposible bañarse sin mojar todo lo que uno lleva.
No dan toallas y el espacio designado para colgar las propias no alcanza y están todas juntas, por lo tanto, no se airean y no se secan.
Quizás sería una buena idea no tener un código tan largo para ir accediendo a todos lados, es bastante incómodo y, en general, había que usarlo varias veces porque no funcionaba muy bien las cerraduras.
El ascensor siempre tuvo mal olor. No sé por qué.
Los lockers (al menos en la habitación que estuve yo) no tienen sentido: la cama 3 tenía el locker en El extremo de la habitación, al lado de la cama 7, por ejemplo... Habiendo lockers casi pegados a mi cama. 
Por último, estaría bueno aclarar reglas, ya que los hombres se paseaban y dormían siempre en ropa interior (cuando las mujeres no podés hacer eso, ya se sabe).","La ubicación y la atención de las dos argentinas en recepción. 
Candela fue la que me avisó que teníamos un área común con heladera y microondas, baños extras y lugar para colgar. De 5 días que me quedé, me entero el día 4, y solamente porque se lo pregunté. Me da la sensación de que no quieren explicar el funcionamiento del hostel. No sé por qué.",Viaje de ocio | Persona que viaja sola | Cama en habitación compartida mixta de 8 camas con baño privado | Estancia de 5 noches | Enviado por móvil,11 comentarios,Argentina
Donosti,Escrito en 15 de agosto de 2024,"9,0",Cristobal,,"Habitaciones impecables, baño privado, buen espacio para una familia numerosa, a minutos caminando de la playa. restaurantes, bares, etc. muy buen lugar en el primer piso muy buen ambiente con barra y desayuno disponible.",Viaje de ocio | Familia con niños pequeños | Habitación con baño privado - 6 camas | Estancia de 2 noches,,
Donosti,Escrito en 15 de agosto de 2024,"8,0",Manuel,Muy estrecha la habitación para cuatro personas,Colchones muy cómodos.,Viaje de ocio | Grupo | Habitación Familiar con baño privado | Estancia de 1 noche | Enviado por móvil,22 comentarios,España
Donosti,Escrito en 14 de agosto de 2024,"9,0",Virginia,"El hostal no está en el centro, pero se puede llegar fácilmente en bus.
Por ponerle un pero a las habitaciones: las barras de sujeción para subir a las literas superiores rechinaban y no resultaban demasiado cómodas para una persona de baja estatura como yo.","Las instalaciones del hostal son nuevas y modernas.
Se respira un ambiente fresco y agradable en las zonas comunes, propicio para entablar una amistad tomando algo, charlando y/o jugando a las cartas. 
Muy recomendable la pizza para cenar, una opción rica y económica.",Viaje de ocio | Persona que viaja sola | Cama en habitación compartida femenina de 6 camas con baño privado | Estancia de 1 noche | Enviado por móvil,2 comentarios,España
Donosti,Escrito en 14 de agosto de 2024,"9,0",Claudia,,"El hostel es muy pulcro y moderno, me gusta mucho que nos separen en chicos y chicas, todo el personal fue muy amable. Se encuentra muy cerca de la playa de Ondarreta y a unos 12 minutos del centro en autobús.
El desayuno fue espectacular, tenían fruta fresca todos los días.",Viaje de ocio | Persona que viaja sola | Cama en habitación compartida femenina de 6 camas con baño privado | Estancia de 3 noches | Enviado por móvil,,
Donosti,Escrito en 12 de agosto de 2024,"9,0",Josep,Un poco justo para 4 adultos. Se cabe bien pero el espacio es solo para dormir. El centro está a un buen paseo.,Zona tranquila. Funcional.aire acondicionado. Buena insonorización. Espacios comunes amplios. Se puede aparcar en zona verde/azul a precio razonable.,Viaje de ocio | Familia con niños pequeños | Habitación Familiar con baño privado | Estancia de 1 noche | Enviado por móvil,8 comentarios,España
Donosti,Escrito en 12 de agosto de 2024,"7,0",Susana,"Lavabo y ducha juntos, puerta de la ducha no se podía cerrar",El personal de recepción,Viaje de ocio | Familia con niños pequeños | Habitación Familiar con baño compartido | Estancia de 2 noches | Enviado por móvil,2 comentarios,España
Donosti,Escrito en 8 de agosto de 2024,"8,0",Juan,La habitación me pareció muy pequeña. Apenas había espacio para las maletas.,Muy buena ubicación. El hostel está muy limpio y muy buena atención del personal.,Viaje de ocio | Familia con niños pequeños | Habitación Familiar con baño privado | Estancia de 1 noche | Enviado por móvil,16 comentarios,España
Donosti,Escrito en 6 de agosto de 2024,"7,0",Maria,"El compartir un baño para 8 personas, me parece mucho","Estaba en una habitación compartida con 8 camas y el espacio muy bien, con las taquillasCerca de la playa de Ondarreta",Viaje de ocio | Persona que viaja sola | Cama en habitación compartida femenina de 8 camas con baño privado | Estancia de 1 noche,40 comentarios,España
Donosti,Escrito en 29 de julio de 2024,"8,0",Camila,El baño esta un poco descuidado durante el día.,Descanso y silencio,Viaje de ocio | Persona que viaja sola | Cama en habitación compartida femenina de 8 camas con baño privado | Estancia de 1 noche,9 comentarios,España
Donosti,Escrito en 25 de julio de 2024,"8,0",Carlos,Limpieza de los baños.,Si.,Viaje de ocio | Persona que viaja sola | Cama en habitación compartida femenina de 8 camas con baño privado | Estancia de 1 noche | Enviado por móvil,2 comentarios,España
Donosti,Escrito en 24 de julio de 2024,"8,0",Marina,La habitación un poco justa para 8 chicas,"Atención  del personal de recepción 
Calidad precio, cercanía a la Concha",Viaje de ocio | Persona que viaja sola | Cama en habitación compartida femenina de 8 camas con baño privado | Estancia de 2 noches | Enviado por móvil,89 comentarios,España
Donosti,Escrito en 17 de julio de 2024,"8,0",Candia,No tener parking interno,La ubicación cerca de la playa,Viaje de ocio | Persona que viaja sola | Cama en habitación compartida mixta de 8 camas con baño privado | Estancia de 1 noche | Enviado por móvil,8 comentarios,España
Donosti,Escrito en 8 de julio de 2024,"8,0",Adriana,Que no ofrezcan opciones de gastronomía ni siquiera por autoservicio,Instalaciones limpias y modernas,Viaje de ocio | Persona que viaja sola | Cama en habitación compartida femenina de 6 camas con baño privado | Estancia de 3 noches | Enviado por móvil,18 comentarios,Argentina
Donosti,Escrito en 4 de julio de 2024,"7,0",Belen,Esta bastante apartado del centro. No hay ambiente peregrino. No hay desayuno hasta las 8. Pero es muy facil retomar el Camino desde donde esta ubicado.,"La cama, la habitacion y el baño son confortables. La diatribucion de la habitación muy practica. Todo estaba muy limpio.",Viaje de ocio | Persona que viaja sola | Cama en habitación compartida mixta con 4 camas y baño privado | Estancia de 1 noche | Enviado por móvil,43 comentarios,España
Donosti,Escrito en 2 de julio de 2024,"8,0",Nati,Un poco más de espacio. La habitación de 6 dejarla para 4,"La ubicación perfecta, el desayuno un poco escaso (no había huevos), colchones buenos y buena limpieza.La play más cercana era Ondarreta y nos dimos el primer baño del año.",Viaje de ocio | Grupo | Habitación con baño privado - 6 camas | Estancia de 1 noche | Enviado por móvil,7 comentarios,España
Donosti,Escrito en 1 de julio de 2024,"7,0",Anartz,"No me gustó que la recepción fuera virtual. Puede que sea una opción moderna, pero se agradece que alguien te reciba al llegar para explicarte un poco el funcionamiento del hostal. De todas formas, el de la limpieza y la de la cafetería me atendieron muy bien.","El hostal es limpio, está en un sitio tranquilo y está bien de precio.",Viaje de negocios | Persona que viaja sola | Cama en habitación compartida mixta de 8 camas con baño privado | Estancia de 1 noche | Enviado por móvil,6 comentarios,España
Donosti,Escrito en 29 de junio de 2024,"7,0",María,"Cogí una habitación para mujeres y el baño estaba fuera, junto a una habitación para hombres. La chica que atendía en los desayunos no pudo hacerme el favor de darme el desayuno o siquiera tomarme el pedido 5 min antes de las 8. Al final me tuve que ir corriendo sin el desayuno por el que ya había pagado.",La ubicación estaba muy bien,Viaje de ocio | Persona que viaja sola | Cama en habitación compartida femenina de 8 camas con baño privado | Estancia de 2 noches | Enviado por móvil,18 comentarios,España
Donosti,Escrito en 24 de junio de 2024,"9,0",Gines,Nada,La amabilidad y la flexibilidad.,Viaje de ocio | Persona que viaja sola | Cama en habitación compartida mixta con 6 camas y baño compartido | Estancia de 1 noche | Enviado por móvil,27 comentarios,España
Donosti,Escrito en 21 de junio de 2024,"9,0",Stephanie,"Esta muy cerca a las playas, pero para llegar al hospedaje hay una pendiente. Pero todo lo demás está excelente.",Las instalaciones son tecnológicas y muy seguras. Y sus habitaciones y baños están muy cuidados.,Viaje de ocio | Persona que viaja sola | Cama en habitación compartida femenina de 6 camas con baño privado | Estancia de 1 noche | Enviado por móvil,2 comentarios,Perú
Donosti,Escrito en 8 de enero de 2024,"8,0",Eliza,Las ventanas no podian abrirse en totalidad.,"La ubicacion era buena, el personal muy amable y muy buen precio teniendo en cuenta la temporada.",Viaje de ocio | Grupo de amigos | Habitación Familiar con baño privado | Estancia de 2 noches | Enviado por móvil,19 comentarios,España
Donosti,Escrito en 11 de diciembre de 2023,"7,0",Silvia,"La distribución del baño, estaba muy frío porque el aire acondicionado solo estaba en la habitación.",La comodidad de las camas,Viaje de ocio | Grupo | Habitación Familiar con baño privado | Estancia de 2 noches | Enviado por móvil,16 comentarios,España
Donosti,Escrito en 10 de diciembre de 2023,"8,0",Judith,"Antes de entrar nos dieron mal información, las almohadas y colchón muy usadas, suciedad en la habitación, como por ej una bolsa de burguer king, pelos entre los colchones y sangre en el suelo","Las vistas, y lo agradable que era el cuidador con el turno nocturno",Viaje de ocio | Familia con niños pequeños | Habitación con baño privado - 8 camas | Estancia de 3 noches | Enviado por móvil,41 comentarios,España
Donosti,Escrito en 5 de diciembre de 2023,"8,0",Milla,El desayuno bastante caro para un café y sándwich,El ambiente,Viaje de ocio | Persona que viaja sola | Cama en habitación compartida femenina de 8 camas con baño privado | Estancia de 2 noches | Enviado por móvil,20 comentarios,Finlandia
Donosti,Escrito en 3 de diciembre de 2023,"8,0",Carlos,,Todo súper bien,Viaje de ocio | Persona que viaja sola | Cama en habitación compartida mixta con 6 camas y baño compartido | Estancia de 1 noche | Enviado por móvil,,
Donosti,Escrito en 28 de noviembre de 2023,"8,0",Marta,Habitación demasiado pequeña para 6 personas,La ubicación,Viaje de ocio | Familia con niños pequeños | Habitación con baño privado - 6 camas | Estancia de 1 noche,22 comentarios,España
Donosti,Escrito en 20 de noviembre de 2023,"9,0",Andres,"Me perdí al llegar, pero se encuentra rápido",Las vistas desde la habitación son impresionante,Persona que viaja sola | Cama en habitación compartida femenina de 8 camas con baño privado | Estancia de 4 noches | Enviado por móvil,1 comentario,España
Donosti,Escrito en 17 de noviembre de 2023,"7,0",Dvallejom,"Para llevar bebes, se queda todo algo estrecho/pequeño. Se nos recomendó dejar el coche en un parking a 10 minutos andando, cuando se puede aparcar en zona azul durante más de 3 días (si vas en fin de semana) sin problemas. Tuvimos algún problema con los códigos de acceso al hostel.","El desayuno es muy correcto. Las instalaciones limpias, personal en general amable, y las vistas son geniales desde la cuarta planta. Los baños son limpios y las zonas comunes también, sin queja ninguna.",Viaje de ocio | Familia con niños pequeños | Habitación Familiar con baño privado | Estancia de 4 noches,22 comentarios,España
Donosti,Escrito en 16 de noviembre de 2023,"7,0",Cristina,,Había muchos espacios comunes amplios dónde poder estar tranquilamente,Viaje de ocio | Persona que viaja sola | Cama en habitación compartida mixta con 6 camas y baño compartido | Estancia de 1 noche | Enviado por móvil,,
Donosti,Escrito en 8 de noviembre de 2023,"8,0",Maria,,Habitaciones tranquilas,Viaje de ocio | Persona que viaja sola | Cama en habitación compartida femenina de 8 camas con baño privado | Estancia de 1 noche,,
Donosti,Escrito en 8 de noviembre de 2023,"7,0",Gina,Las camas son un poco incómodas a la hora de prepararlas y más si es de noche. Ya que no estaban armadas al llegar,El desayuno es un muy buen servicio,Viaje de ocio | Persona que viaja sola | Cama en habitación compartida mixta con 6 camas y baño compartido | Estancia de 2 noches | Enviado por móvil,11 comentarios,Argentina
Donosti,Escrito en 3 de noviembre de 2023,"8,0",Yaocalli,"Las habitaciones estan muy pequeñas para el número de camas/personas. Los colchones estan muy duros, no se podia descansar.Las escaleras de las literas no son practicas ni para alguien joven. Parar abrir hay que poner digitos, seria mas sencillo con tarjetas.","Lobby, área común.",Viaje de ocio | Persona que viaja sola | Cama en habitación compartida femenina de 8 camas con baño privado | Estancia de 2 noches,3 comentarios,España
Donosti,Escrito en 31 de octubre de 2023,"8,0",Lizeth,La puerta del baño estaba dañada. No había mucho espacio.,,Viaje de ocio | Familia con niños pequeños | Habitación Familiar con baño privado | Estancia de 1 noche | Enviado por móvil,17 comentarios,Francia
Donosti,Escrito en 30 de octubre de 2023,"8,0",Estefania,que no entraron a limpiar nunca y las toallas no se cambiaban.,"El hotel se encuentra cerca de la playa de Ondarreta, si sigues el paseo llegas despues de unos 15/20 min caminando al centro, el paseo es muy bonito y muy cómodo, nos gustó mucho San Sebastián, el desayuno de Koisi estaba bien, el personal muy amable, estuvimos cuatro días.",Viaje de ocio | Familia con niños pequeños | Habitación Doble con baño privado - 2 camas | Estancia de 3 noches,5 comentarios,España
Donosti,Escrito en 25 de octubre de 2023,"7,0",Laura,La habitación para seis que nos tocó era algo reducida. No teníamos mucho espacio para movernos por ella.,"El personal muy amable, hay cafetería en el propio alojamiento, estaba todo bastante limpio y la cama era comodísima.",Viaje de ocio | Grupo de amigos | Habitación con baño privado - 6 camas | Estancia de 3 noches | Enviado por móvil,24 comentarios,España
Donosti,Escrito en 21 de octubre de 2023,"8,0",Pdr,Que no tenga aparcamiento de vehículos,"La amabilidad de los trabajadores. Lo cómodo que es el check in.
La limpieza de las habitaciones y de las zonas comunes.",Viaje de ocio | Familia con niños pequeños | Habitación Cuádruple con baño | Estancia de 2 noches | Enviado por móvil,29 comentarios,España
Donosti,Escrito en 10 de octubre de 2023,"7,0",Silvia,"Llegamos veinte minutos antes de la hora del check in y no nos dejaron acceder a la habitación hasta las 15h en punto
Y el precio...al final es un hostel.. pero pagamos como si fuera un hotel y no entraron ni un día a limpiar la habitación...","Lss instalaciones nuevas y la habitación muy limpia a la llegada
Zona muy tranquila y habitación insonorizada del exterior",Viaje de ocio | Pareja | Habitación Doble con baño privado - 2 camas | Estancia de 4 noches | Enviado por móvil,8 comentarios,España
Donosti,Escrito en 8 de octubre de 2023,"7,0",Olena,"1. En la primera habitación que nos dieron hay dos fumadores. Había un terrible hedor a cigarrillo en la habitación y en el baño. Era imposible para una persona normal dormir en una habitación así. Pedimos ayuda al personal. Nos trasladaron a una habitación absolutamente similar, pero sin fumadores. ¿Y si no hubiera plazas libres (en temporada)? ¿Hubiera tenido que pasar la noche en la recepción? El personal no se preocupa mucho por las normas del alojamiento. En una habitación con varias camas hay personas que alquilan una cama para una larga temporada, trabajan, se han comprado un plasma enorme y juegan en él a juegos de ordenador de medianoche.
2. No hay perchas, la ropa sólo se puede colgar en ganchos. No hay dónde secar un bañador. Alguien soluciona este problema en las terrazas comunes.
3. Extraña situación ocurrió con el desayuno - en literas desayuno parece estar incluido, en la confirmación también se incluye, pero de hecho - no, sólo por una tarifa.
4. Sería posible poner un par de sillas en las habitaciones para 8 camas, pero no hay donde sentarse. Sobre todo porque el área de la habitación permite.
5. El moderno sistema de chek-in online es estupendo y cómodo, pero puede ser un gran obstáculo para las personas mayores. Una opción alternativa para pagar la reserva a la llegada con tarjeta (no sólo en línea) sólo mejoraría el servicio.","El albergue está relativamente cerca de la playa, lo que es estupendo. En el interior hay todas las instalaciones técnicas para personas con discapacidad. Las habitaciones son lo suficientemente amplias con 8 camas. Lo suficientemente bueno para alojarse aquí por unas noches. Terrazas muy amplias en cada planta. No sé cómo funciona el aire acondicionado, estuvimos en octubre, todavía no hace mucho calor.",Viaje de ocio | Persona que viaja sola | Cama en habitación compartida mixta de 8 camas con baño privado | Estancia de 3 noches | Enviado por móvil,9 comentarios,Ucrania
Donosti,Escrito en 29 de septiembre de 2023,"9,0",Castro,,Buen trato y servicio,Viaje de ocio | Familia con niños pequeños | Cama en habitación compartida mixta con 6 camas y baño compartido | Estancia de 1 noche | Enviado por móvil,,
Donosti,Escrito en 29 de septiembre de 2023,"8,0",Nuria,"Me parecieron las taquillas un poco pequeñas,por lo demás bien",La habitación con camas cómodas y baño incluido,Viaje de ocio | Pareja | Cama en habitación compartida mixta con 6 camas y baño privado | Estancia de 2 noches | Enviado por móvil,25 comentarios,España
Donosti,Escrito en 27 de septiembre de 2023,"9,0",Tania,Ser mixta,Simpatía de los trabajadores,Viaje de negocios | Persona que viaja sola | Cama en habitación compartida mixta con 6 camas y baño compartido | Estancia de 1 noche | Enviado por móvil,14 comentarios,España
Donosti,Escrito en 27 de septiembre de 2023,"9,0",Agustín,La ubicación es un poco lejos de la parte más turística de la ciudad,La limpieza y las acomodaciones,Viaje de negocios | Persona que viaja sola | Cama en habitación compartida mixta con 6 camas y baño compartido | Estancia de 2 noches | Enviado por móvil,13 comentarios,Chile
Donosti,Escrito en 22 de septiembre de 2023,"8,0",Sánchez,Poca amabilidad,,Viaje de ocio | Persona que viaja sola | Cama en habitación compartida femenina de 6 camas con baño privado | Estancia de 1 noche | Enviado por móvil,2 comentarios,España
Donosti,Escrito en 18 de septiembre de 2023,"9,0",Anabella,,"El personal muy amable y servicial , las habitaciones son amplias y  todo está muy limpio . El bar ofrece buena comidas y buen precio . La relación precio calidad me resultó muy bien !!!!",Viaje de ocio | Persona que viaja sola | Cama en habitación compartida mixta de 8 camas con baño privado | Estancia de 1 noche | Enviado por móvil,,
Donosti,Escrito en 15 de septiembre de 2023,"7,0",Andrea,El colchón estaba un poco hundido. Había un solo baño para compartir entre 8 personas.,Me agrado el tipo de Hostel. Habitaciones cómodas.,Viaje de ocio | Persona que viaja sola | Cama en habitación compartida femenina de 8 camas con baño privado | Estancia de 2 noches | Enviado por móvil,22 comentarios,España
Donosti,Escrito en 2 de junio de 2023,"9,0",Jessica,"Una sugerencia  informar mas de como llegar al hotel con puntos referentes caminando,  todo queda cerca pero mi wase se perdia  y me costo llegar desde Chile a San Sebastian solo fue el día 1 luego todo expedito y por último poner una goma al salir de la ducha , queda muy resbaladizo... gracias","Me encanto el sistema digital sin llaves  del hotel , cercanía, ambiente, desayuno , amabilidad de todos , y fue cómodo estar con otras chicas  extranjeras , fue una buena experiencia en habitación compartida buen baño muy limpio.. gracias volveré....",Persona que viaja sola | Cama en habitación compartida femenina de 8 camas con baño privado | Estancia de 3 noches | Enviado por móvil,1 comentario,Chile
Donosti,Escrito en 28 de mayo de 2023,"8,0",Mailen,"En los espacios comunes no hay vajilla,  no hay cocina, son pocas las duchas. Las habitaciones son pequeñas.",Es lindo.,Viaje de ocio | Persona que viaja sola | Cama en habitación compartida mixta con 6 camas y baño compartido | Estancia de 3 noches | Enviado por móvil,13 comentarios,Argentina
Donosti,Escrito en 27 de mayo de 2023,"8,0",Rodrigo,El espacio en la habitación y que las camas no tuvieran cortinas,,Viaje de ocio | Grupo | Cama en habitación compartida mixta con 6 camas y baño privado | Estancia de 3 noches,14 comentarios,Francia
Donosti,Escrito en 26 de mayo de 2023,"8,0",Ijuan,Excesivamente impersonal la contratación y el acceso,El trato del personal de recepción y el desayuno,Viaje de ocio | Persona que viaja sola | Cama en habitación compartida mixta con 6 camas y baño privado | Estancia de 1 noche | Enviado por móvil,28 comentarios,España
Donosti,Escrito en 25 de mayo de 2023,"8,0",Bastidas,Personal poco atento,Instalación,Viaje de ocio | Persona que viaja sola | Cama en habitación compartida mixta con 6 camas y baño privado | Estancia de 8 noches | Enviado por móvil,5 comentarios,Colombia
Donosti,Escrito en 21 de mayo de 2023,"8,0",Javier,La ubicación está alejada del centro.,La habitación estaba limpia y era tranquila. La ducha tenía una presión y temperatura optimas.,Viaje de ocio | Grupo | Habitación Familiar con baño privado | Estancia de 2 noches,8 comentarios,España
Donosti,Escrito en 16 de mayo de 2023,"7,0",Paula,ENCONTRAMOS UNA CUCARACHA VIVA EN LA HABITACIÓN NADA MAS LLEGAR... LA MATAMOS NOSOTROS. NO VIMOS MÁS.,ME GUSTÓ MUCHO QUE EL DESAYUNO TUVIERAN EN CUENTA DIETA SIN GLUTEN.,Viaje de ocio | Grupo | Habitación con baño compartido - 6 camas | Estancia de 1 noche,10 comentarios,España
Donosti,Escrito en 15 de mayo de 2023,"9,0",Ghislaine,,Ubicación cercana a una playa 8 min bajando la cuesta. Check in online es fácil ya que con un código entras a  tu habitación. Puedes guardar tu equipaje sin costo después del check in.,Viaje de ocio | Grupo | Habitación Doble con baño privado - 2 camas | Estancia de 1 noche | Enviado por móvil,,
Donosti,Escrito en 3 de mayo de 2023,"7,0",Antonella,"Las camas muy incómodas. Llevé mi propio candado pero no se podía usar, solo comprando su sistema. No me parece honesto","La ubicación es genial, el sistema de apertura de la habitación electrónico es muy práctico. La terraza es preciosa y tranquila",Viaje de ocio | Persona que viaja sola | Cama en habitación compartida mixta de 8 camas con baño privado | Estancia de 3 noches | Enviado por móvil,36 comentarios,Francia
Donosti,Escrito en 30 de abril de 2023,"8,0",Patricia,muy tecnológico .,ubicación muy buena . atención también.,Viaje de ocio | Grupo de amigos | Habitación Doble con baño privado - 2 camas | Estancia de 1 noche | Enviado por móvil,10 comentarios,Uruguay
Donosti,Escrito en 29 de abril de 2023,"9,0",M-carmen,,Muy bien los dos,Viaje de ocio | Familia con niños pequeños | Habitación Familiar con baño privado | Estancia de 2 noches | Enviado por móvil,,
Donosti,Escrito en 27 de abril de 2023,"8,0",Marta,"Los colchones de las individuales se hundían un poco en el centro, no eran demasiado firmes pero por el precio del alojamiento no se puede pedir más.","La habitación para una estancia corta era suficiente, la relación calidad precio insuperable. Muy limpio.",Viaje de ocio | Familia con niños pequeños | Habitación Familiar con baño privado | Estancia de 1 noche | Enviado por móvil,10 comentarios,España
Donosti,Escrito en 27 de abril de 2023,"9,0",Alejandro,Un poco lioso el proceso de check in y demás,Limpieza,Viaje de ocio | Familia con niños pequeños | Habitación Familiar con baño privado | Estancia de 1 noche | Enviado por móvil,57 comentarios,España
Donosti,Escrito en 24 de abril de 2023,"9,0",Claudia,"Solo detalles, como que la puerta de el baño sonaba mucho, todo el resto Perfecto","El desayuno muy bien, Justo y preciso para la mañana, la ubicación un poco alejado de todo pero con locomoción cerca",Viaje de negocios | Persona que viaja sola | Cama en habitación compartida mixta con 6 camas y baño privado | Estancia de 3 noches | Enviado por móvil,9 comentarios,Chile
Donosti,Escrito en 16 de abril de 2023,"7,0",Carolina,Las camas podrían haber estado hechas.,"Limpio, tranquilo y buena ubicación.",Viaje de ocio | Familia con niños pequeños | Habitación Cuádruple con baño | Estancia de 1 noche,27 comentarios,España
Donosti,Escrito en 15 de abril de 2023,"9,0",Héctor,,"Mejora las expectativas, resulta muy cómodo y agradable. Aunque es un hostal/albergue, la comodidad es de hotel",Viaje de ocio | Familia con niños pequeños | Habitación Familiar con baño privado | Estancia de 1 noche,,
Donosti,Escrito en 14 de abril de 2023,"7,0",Lauranobile,"El personal no te habla. Tuvimos un problema con el código de acceso, y no tuvimos a quién recurrir denteo del hostel. Sólo llamando por teléfono al que figuraba en la reserva, pudimos resolverlo. 
El desayuno es muy pobre,  muy caro para lo que ofrecen.
Estuvimos en la habitación contigua a la puerta del pasillo. Esta puerta hace un ruido tremendo al cerrar. Nos despertábamos cada vez que alguien pasaba.","Camas cómodas, buena presión de agua en la ducha. Las instalaciones son cómodas.",Viaje de ocio | Familia con niños pequeños | Habitación Familiar con baño privado | Estancia de 2 noches | Enviado por móvil,10 comentarios,Argentina
Donosti,Escrito en 12 de abril de 2023,"8,0",Miguel,"La limpieza de habitacion sobre todo los baños. 
La puerta de entrada al pasillo de la cuarta planta hace mucho ruido al cerrar.",El personal y la comodidad.,Viaje de ocio | Familia con niños pequeños | Habitación Familiar con baño privado | Estancia de 2 noches | Enviado por móvil,15 comentarios,España
Donosti,Escrito en 11 de abril de 2023,"8,0",Gandia,,un poco pequeño,Viaje de ocio | Grupo | Habitación Familiar con baño privado | Estancia de 4 noches | Enviado por móvil,,
Donosti,Escrito en 10 de abril de 2023,"7,0",Fernando,La limpieza del baño era mi mayor preocupación y la ducha no se encontraba en las mejores condiciones,La atención del personal,Viaje de ocio | Persona que viaja sola | Cama en habitación compartida mixta con 6 camas y baño privado | Estancia de 3 noches | Enviado por móvil,19 comentarios,Chile
Donosti,Escrito en 3 de abril de 2023,"7,0",Ilie,La persoanas con las que comparti la habitación. Estuvieron todas las noches haciendo ruido y bebindo en la habitación alcol y no e podido descansar bien.,Todo me gusto.,Persona que viaja sola | Cama en habitación compartida mixta con 6 camas y baño privado | Estancia de 4 noches | Enviado por móvil,24 comentarios,España
Donosti,Escrito en 31 de marzo de 2023,"9,0",Ane,,Ubicación y limpieza,Viaje de ocio | Grupo | Habitación Familiar con baño privado | Estancia de 1 noche | Enviado por móvil,,
Donosti,Escrito en 22 de marzo de 2023,"8,0",Veronica,"En la zona común de la primera planta, sólo hay dos mesas para poder comer allí con tu propia comida, creo que son insuficientes ya que solo nosotros cuatro ya ocupamos una entera. Tampoco me gustó que en el baño hubiera algo de moho en las esquinas de las paredes de la ducha, pero el plato de ducha y el WC estaban limpios y todo correcto para ser usados.","Lo que más me gustó fue la cercanía a la playa y a las paradas a autobús. Aparcamos fácilmente en la misma calle del hotel y al ser en fin de semana no tuvimos que pagar, la comodidad de tener la llave digital y la tranquilidad del hotel. No se escuchaba ruido del exterior y las personas que ocupaban las otras habitaciones fueron respetuosas y no hicieron ruido. La ropa de cama limpia y los colchones cómodos. Me gustó también la estantería que hay en el espacio entre la cama y la pared para dejar las maletas ya que la habitación no es demasiado espaciosa.",Viaje de ocio | Familia con niños pequeños | Habitación Familiar con baño privado | Estancia de 2 noches,9 comentarios,España
Donosti,Escrito en 7 de marzo de 2023,"7,0",Maria,Las camas eran un poco incómodas y los baños un poco sucios,un sitio muy moderno,Viaje de ocio | Grupo | Habitación con baño compartido - 6 camas | Estancia de 1 noche | Enviado por móvil,10 comentarios,España
Donosti,Escrito en 3 de marzo de 2023,"9,0",Maria,El lavabo no tragaba muy bien el agua,"Esta bien ubicado, a menos de 10 minutos andando del palacio de Miramar.",Viaje de ocio | Familia con niños pequeños | Habitación con baño privado - 8 camas | Estancia de 2 noches | Enviado por móvil,6 comentarios,España
Donosti,Escrito en 2 de septiembre de 2025,"5,0",Ilie,"La cama no tenía sábanas, ni colchas en la cama ni en la taquilla",El personal,Persona que viaja sola | Cama en habitación compartida mixta de 8 camas con baño privado | Estancia de 1 noche | Enviado por móvil,24 comentarios,España
Donosti,Escrito en 27 de agosto de 2025,10,Paula,,Me gusto mucho que en las habitaciones hubieran literas,Viaje de ocio | Familia con niños pequeños | Habitación Familiar con baño privado | Estancia de 1 noche | Enviado por móvil,,
Donosti,Escrito en 23 de agosto de 2025,10,Albert,,Todo perfecto. Personal muy atento. Tuvimos un problema con la ventana y vinieron enseguida. Ya estuvimos anteriormente y volveremos a repetir seguro.,Viaje de ocio | Familia con niños pequeños | Habitación Familiar con baño privado | Estancia de 1 noche | Enviado por móvil,,
Donosti,Escrito en 23 de agosto de 2025,10,Aguilar,Sin parking,"Si, muy amplio y limpio",Viaje de ocio | Familia con niños pequeños | Habitación Familiar con baño privado | Estancia de 1 noche | Enviado por móvil,14 comentarios,España
Donosti,Escrito en 21 de agosto de 2025,10,Daniel,,"El trato de las personas que están en la recepción es excelente, empatico y agradable.",Viaje de ocio | Familia con niños pequeños | Habitación con baño privado - 6 camas | Estancia de 1 noche | Enviado por móvil,,
Donosti,Escrito en 16 de agosto de 2025,10,Jg19430,se podría ajustar el precio ya que todo es muy funcional,"muy buena ubicación, muy funcional, lo necesario en un alojamiento para pasar un par de días en una piblacion",Viaje de ocio | Familia con niños pequeños | Habitación Familiar con baño privado | Estancia de 2 noches | Enviado por móvil,30 comentarios,España
Donosti,Escrito en 16 de agosto de 2025,10,Maximiliano,,"Buena calidad ,excelente personal",Viaje de ocio | Persona que viaja sola | Cama en habitación compartida mixta con 6 camas y baño compartido | Estancia de 1 noche | Enviado por móvil,,
Donosti,Escrito en 14 de agosto de 2025,10,Alejandra,no hay algo que no me haya gustado,cama,Viaje de ocio | Persona que viaja sola | Cama en habitación compartida mixta de 8 camas con baño privado | Estancia de 1 noche,2 comentarios,España
Donosti,Escrito en 12 de agosto de 2025,10,Julia,,"Grupo de 6 en habitación con baño privado, muy bien ubicado y ambiente joven, pero se puede descansar.
El mobiliario es super nuevo y todas las instalaciones muy limpias",Viaje de ocio | Grupo | Habitación con baño privado - 6 camas | Estancia de 1 noche | Enviado por móvil,,
Donosti,Escrito en 12 de agosto de 2025,"4,0",María,"Habitación excesivamente pequeña para 6 personas, una pica para 6, la puerta del baño rota.
Las toallas te las cobran 3€",El personal,Viaje de ocio | Grupo de amigos | Cama en habitación compartida mixta con 6 camas y baño privado | Estancia de 2 noches | Enviado por móvil,15 comentarios,España
Donosti,Escrito en 12 de agosto de 2025,10,Federico,nada para acotar,"Esta ubicado en el barrio Antiguo, a diez minutos de la playa. El hostel muy limpio. Volvería",Viaje de ocio | Familia con niños pequeños | Habitación Familiar con baño privado | Estancia de 2 noches | Enviado por móvil,30 comentarios,Argentina
Donosti,Escrito en 11 de agosto de 2025,"1,0",Ana,Con una atención personalizada,Nadaaaa,Viaje de ocio | Persona que viaja sola | Cama en habitación compartida mixta con 6 camas y baño privado | Estancia de 1 noche | Enviado por móvil,4 comentarios,España
Donosti,Escrito en 8 de agosto de 2025,10,Diego,-,"Nos sorprendió gratamente, la habitación es lo justo para dormir, pero muy bonita y en el primer piso hay una zona común muy bien equipada, para poder desayunar, comer o cenar, tiene nevera, microondas, tostadora...aparte de cubiertos, platos, y demás enseres.
El personal muy amable!!!",Viaje de ocio | Familia con niños pequeños | Habitación Familiar con baño privado | Estancia de 1 noche | Enviado por móvil,8 comentarios,España
Donosti,Escrito en 1 de agosto de 2025,10,Llorca,El horario del bar debería ser un poco más amplio o poner máquinas dispensadoras de alimentos.,Una excelente localización. Habitaciones muy cómodas y limpias,Viaje de ocio | Familia con niños pequeños | Habitación Familiar con baño privado | Estancia de 1 noche | Enviado por móvil,4 comentarios,España
Donosti,Escrito en 30 de julio de 2025,10,Iñaki,Todo estaba bien.,Todo impecable.,Viaje de ocio | Persona que viaja sola | Habitación Familiar con baño privado | Estancia de 1 noche | Enviado por móvil,15 comentarios,España
Donosti,Escrito en 21 de julio de 2025,10,Clara,la cocina compartida estaba muy sucia,muy limpio y nuevo,Viaje de ocio | Grupo de amigos | Habitación Doble con baño privado - 2 camas | Estancia de 1 noche | Enviado por móvil,4 comentarios,España
Donosti,Escrito en 19 de julio de 2025,10,Claudia,,Es un Hostel chico pero muy moderno y cómodo cerca de la playa,Viaje de ocio | Familia con niños pequeños | Habitación Cuádruple con baño | Estancia de 1 noche | Enviado por móvil,,
Donosti,Escrito en 17 de julio de 2025,10,C'est,Mal,Estaba limpio los colchones súper incómodos,Viaje de negocios | Familia con niños pequeños | Habitación Familiar con baño privado | Estancia de 1 noche | Enviado por móvil,26 comentarios,España
Donosti,Escrito en 9 de julio de 2025,10,Villalobos,Nada,Todo,Viaje de ocio | Familia con niños pequeños | Habitación Familiar con baño privado | Estancia de 2 noches | Enviado por móvil,1 comentario,España
Donosti,Escrito en 4 de julio de 2025,10,Katherine,"Quiza que no tenga parking propio, pero no es totalmente necesario.",Es un lugar cómodo y limpio.,Viaje de ocio | Familia con niños pequeños | Habitación Familiar con baño privado | Estancia de 1 noche | Enviado por móvil,43 comentarios,Chile
Donosti,Escrito en 2 de julio de 2025,10,Martinez,No preparaban almuerzos gracias,"El aseo , la organización. Y la atención",Viaje de ocio | Familia con niños pequeños | Habitación Familiar con baño compartido | Estancia de 1 noche | Enviado por móvil,3 comentarios,Colombia
Donosti,Escrito en 2 de julio de 2025,10,Juan,,Todo muy limpio y personal muy amable,Viaje de ocio | Familia con niños pequeños | Habitación Familiar con baño privado | Estancia de 1 noche | Enviado por móvil,,
Donosti,Escrito en 1 de julio de 2025,10,Quintero,"Quizás la almohada no era muy dura pero es personal. Y no sé si había gel/champús para los huéspedes, pero sería recomendable proporcionarlos.","El ambiente que se vive en un hostel. Alojamiento bastante moderno, habitaciones limpias, cuarto de baño limpios.",Viaje de ocio | Persona que viaja sola | Cama en habitación compartida mixta de 8 camas con baño privado | Estancia de 2 noches,1 comentario,España
Donosti,Escrito en 29 de junio de 2025,"4,0",Marta,"Habitación pequeña con literas hacinadas, poco personal, prácticamente un autoservicio caro porque tienes que realizar el registro digitalmente,  te dan con código de entrada también digitalmente, por lo que considero que es un servicio deshumanizado y muy caro para no invertir dinero en personal.",La limpieza,Viaje de ocio | Persona que viaja sola | Cama en habitación compartida mixta con 6 camas y baño privado | Estancia de 1 noche | Enviado por móvil,15 comentarios,España
Donosti,Escrito en 27 de junio de 2025,"5,0",Laura,Baño justo en la entrada de la habitacion y literas muy juntas,Demasiado juntas las literas,Viaje de ocio | Persona que viaja sola | Cama en habitación compartida mixta con 6 camas y baño privado | Estancia de 1 noche | Enviado por móvil,2 comentarios,España
Donosti,Escrito en 25 de octubre de 2024,10,Marisa,"Muy pequeño si se comparte la habitación.
Las taquillas no van con cerrojo, se paga extra",,Viaje de negocios | Persona que viaja sola | Cama en habitación compartida femenina de 6 camas con baño privado | Estancia de 1 noche | Enviado por móvil,1 comentario,España
Donosti,Escrito en 18 de octubre de 2024,"4,0",Lopez,Habitación muy mal cuidada descuidada,Ubicación genial desayuno aceptable,Viaje de ocio | Pareja | Habitación Doble con baño privado - 2 camas | Estancia de 1 noche | Enviado por móvil,2 comentarios,España
Donosti,Escrito en 17 de octubre de 2024,10,Martin,Nada,"Habitacion amplia con lockers grandes en los que entra una mochila de 40L minimo.El desayuno no lo tome por ende, no lo piedo valorar.Baño compartido fuera de la habitacion, amplio y limpio.",Viaje de ocio | Persona que viaja sola | Cama en habitación compartida mixta con 6 camas y baño compartido | Estancia de 2 noches | Enviado por móvil,19 comentarios,España
Donosti,Escrito en 17 de octubre de 2024,10,Martin,No tengo nada que decir que no me haya gustado,"El desayuno no lo use o sea no puedo hablar de el.El baño era compartido pero era muy amplio y limpio que es lo importante.La habitacion es espaciosa y grande con unos lockers grandes tb y entra una mochila de mas de 40L",Viaje de ocio | Persona que viaja sola | Cama en habitación compartida mixta con 6 camas y baño compartido | Estancia de 1 noche | Enviado por móvil,19 comentarios,España
Donosti,Escrito en 25 de septiembre de 2024,10,Jimena,,Excelente ubicación y habitación para 4 muy bien.,Viaje de ocio | Familia con niños pequeños | Habitación Familiar con baño privado | Estancia de 1 noche | Enviado por móvil,,
Donosti,Escrito en 23 de septiembre de 2024,10,Arriagada,"La ubicacion quizas no era de mi agrado, el hecho de estar en un sitio empinado hacia un poco dificil la llegada si no tienes coche y vienes con mas de una maleta.","La habitacion con suficiente espacio, desayuno bueno y el baño impecable. Excelente precio calidad. El personal demasiado amable y siempre todo limpio.",Viaje de ocio | Persona que viaja sola | Cama en habitación compartida mixta con 6 camas y baño compartido | Estancia de 3 noches,3 comentarios,Chile
Donosti,Escrito en 23 de septiembre de 2024,"6,0",Alicia,"Acceso compartido, puerta acceso ruidosa, luces generales excesivas noche.",Ambiente espacios compartidos y cafeteria. Ubicación.,Viaje de ocio | Persona que viaja sola | Cama en habitación compartida mixta con 6 camas y baño compartido | Estancia de 1 noche | Enviado por móvil,6 comentarios,España
Donosti,Escrito en 14 de septiembre de 2024,"3,0",Maria,La recepcionista que no me explico nada y no hay cocina,El baño y la cama,Viaje de ocio | Persona que viaja sola | Cama en habitación compartida mixta de 8 camas con baño privado | Estancia de 2 noches | Enviado por móvil,4 comentarios,Argentina
Donosti,Escrito en 11 de septiembre de 2024,"5,0",Angie,"Que no te enseñarán las instalaciones el día de llegada, hasta el último día me enteré que había comedor, nevera y microondas para quienes querían comprar su comida  y no me enteré por el personal, me tuvieron que decir otros huéspedes",,Viaje de ocio | Persona que viaja sola | Cama en habitación compartida mixta de 8 camas con baño privado | Estancia de 4 noches | Enviado por móvil,1 comentario,España
Donosti,Escrito en 11 de septiembre de 2024,10,Elena,"Lo que menos nos gustó fue que, aunque teníamos toallas y papel de baño, los dispensadores de jabón estaban vacíos. Fue un pequeño inconveniente que, sin embargo, podrían mejorar fácilmente para futuras estancias.","Lo que más nos gustó fue la atención del personal. La zona común es un plus, con microondas, sofá, frigorífico, y una mesa para comer, lo que resulta súper práctico. Además, contar con un bar abajo para desayunos y comidas es genial. La ubicación es excelente, perfecta tanto para explorar la ciudad como para salir con el coche. En general, es bastante cómodo y limpio, lo que hizo nuestra estancia aún más agradable. ¡Sin duda, una muy buena elección!",Viaje de ocio | Grupo | Habitación Familiar con baño privado | Estancia de 2 noches,7 comentarios,España
Donosti,Escrito en 7 de septiembre de 2024,"4,0",Celia,"Suciedad, me encontré las sábanas con manchurrones negros y marcas de zapatos (como si las hubiesen pisado) y en general la habitación no estaba muy limpia, había mucho polvo en las mesitas. Colchones malos.","Las instalaciones no estaban mal, la habitación y baño privado bien",Viaje de ocio | Pareja | Habitación Doble con baño privado - 2 camas | Estancia de 1 noche | Enviado por móvil,6 comentarios,España
Donosti,Escrito en 6 de septiembre de 2024,10,Aleix,El dispensador de jabón de la ducha estaba vacío.,"La ubicación es genial. Cerca del paseo de la Concha, hacia un lado llegas al funicular del monte Igueldo y al peine del viento y hacia el otro encontrarás el casco viejo. Ha sido el único hotel en todo nuestro viaje por Euskadi que al llegar nos tenía preparado un colchón y platos para el perro, los cuales no necesitábamos porque en nuestro caso ya vamos preparados, pero siempre es de agradecer que tengan en cuenta a nuestras mascotas.",Viaje de ocio | Familia con niños pequeños | Habitación Doble con baño privado - 2 camas | Estancia de 1 noche | Enviado por móvil,16 comentarios,España
Donosti,Escrito en 6 de septiembre de 2024,10,Suarez,,Trato de los empleados buenísimo y el de rección muy amable,Viaje de ocio | Familia con niños pequeños | Habitación con baño privado - 6 camas | Estancia de 1 noche | Enviado por móvil,,
Donosti,Escrito en 31 de agosto de 2024,10,Leyla,,El ambiente en general está muy bien. El personal super amable y serviciales.,Viaje de ocio | Persona que viaja sola | Cama en habitación compartida femenina de 8 camas con baño privado | Estancia de 2 noches | Enviado por móvil,,
Donosti,Escrito en 26 de agosto de 2024,"6,0",Saida,La cama no era cómoda,La ubicación,Viaje de ocio | Familia con niños pequeños | Habitación Cuádruple con baño | Estancia de 1 noche | Enviado por móvil,4 comentarios,España
Donosti,Escrito en 25 de agosto de 2024,"5,0",Pablo,Es bastante caro en calidad precio para ser un hostal/albergue pagando casi 50 euros por una cama podrían dar por lo menos toallas para usar en la ducha.,Tener  baño por habitación,Viaje de ocio | Pareja | Cama en habitación compartida mixta con 6 camas y baño privado | Estancia de 1 noche | Enviado por móvil,26 comentarios,España
Donosti,Escrito en 20 de agosto de 2024,"6,0",Dumaris,"La recepción al llegar fue nefasta, el chico no explica nada y parece que no le gusta su trabajo. La cocina no tenía ni un vaso.",,Viaje de ocio | Persona que viaja sola | Cama en habitación compartida mixta con 6 camas y baño compartido | Estancia de 1 noche | Enviado por móvil,21 comentarios,España
Donosti,Escrito en 17 de agosto de 2024,10,Carlos,,"Limpio, el personal agradable, muy seguro",Viaje de ocio | Persona que viaja sola | Cama en habitación compartida mixta de 8 camas con baño privado | Estancia de 1 noche | Enviado por móvil,,
Donosti,Escrito en 17 de agosto de 2024,10,Ricardo,,"Muy buen lugar, bien ubicado, personal muy amable y servicial",Viaje de ocio | Familia con niños pequeños | Habitación Familiar Deluxe con baño privado | Estancia de 3 noches | Enviado por móvil,,
Donosti,Escrito en 15 de agosto de 2024,"6,0",Gonzalez,El agua de la ducha se sale y se va al pasillo. Creo que es un poco caro para las cosas que ofrece,Las habitaciones son muy originales y está muy bien que el wáter esté a parte de la ducha.,Viaje de ocio | Familia con niños pequeños | Habitación con baño privado - 6 camas | Estancia de 2 noches | Enviado por móvil,1 comentario,España
Donosti,Escrito en 15 de agosto de 2024,10,Andrea,Me gusto todo,Si,Viaje de ocio | Familia con niños pequeños | Habitación Familiar con baño privado | Estancia de 1 noche | Enviado por móvil,12 comentarios,España
Donosti,Escrito en 13 de agosto de 2024,"4,0",María,"El día de antes de yo llegar había habido una inundación por la tarde, por fuga en uno de los cuartos de baño. El día que llegué yo, pasó lo mismo. Se supone que debería haberse arreglado. El agua entraba hasta en las habitaciones. Tuvimos que ponernos los huéspedes a sacar cubos de agua mientras que llegaba la responsable. Sé que los accidentes existen, pero fue muy desagradable la estancia. Lo siento. No es un precio barato precisamente para terminar con la fregona y el cubo.","La limpieza y comodidad de las literas. La atención del personal, a pesar de los inconvenientes",Viaje de ocio | Persona que viaja sola | Cama en habitación compartida mixta con 6 camas y baño compartido | Estancia de 1 noche | Enviado por móvil,7 comentarios,España
Donosti,Escrito en 12 de agosto de 2024,"6,0",Gutierrez,Las camas no tienen cortinas en los cuartos lo cual resulta medio incómodo. El baño no estaba del todo limpio y prolijo,"El hostel es agradable, la recepción es amplia y agradable y el personal muy amable y amistoso.",Viaje de ocio | Persona que viaja sola | Cama en habitación compartida mixta con 6 camas y baño privado | Estancia de 1 noche | Enviado por móvil,9 comentarios,Uruguay
Donosti,Escrito en 11 de agosto de 2024,"6,0",Sheila,"La limpieza podria mejorar,habian sitios que podían estar más limpios",Sitio amplio y con varias estancias,Viaje de ocio | Persona que viaja sola | Cama en habitación compartida mixta con 6 camas y baño compartido | Estancia de 1 noche | Enviado por móvil,8 comentarios,España
Donosti,Escrito en 4 de agosto de 2024,"5,0",Salva287,"No me gustó en absoluto la habitación que era para tres donde si mides más de 1,80 no cabes en las camas literas, además el colchón sin somier es terrible, con lo cual me parece lamentable también por el precio relación calidad, no tener un baño incluido, en vez de lo que ofertan un baño público para toda la planta me parece lamentable el precio es desorbitado  para lo que ofrecen.","Me gustó, sobre todo el trato del personal y quizá el desayuno",Viaje de ocio | Familia con niños pequeños | Habitación Familiar con baño compartido | Estancia de 1 noche | Enviado por móvil,6 comentarios,España
Donosti,Escrito en 10 de diciembre de 2023,10,Cristina,"Está un poco lejos de la zona central de san sebastian, pero se puede ir andando dando un paseo por la playa o coger un bus que te deja en 15 minutos en el centro",Las habitaciones son amplias y muy cómodas,Viaje de ocio | Grupo de amigos | Habitación Familiar con baño privado | Estancia de 2 noches | Enviado por móvil,35 comentarios,España
Donosti,Escrito en 7 de diciembre de 2023,10,Daniel,Todo me gusto,"limpio, personal amable, buena ubicacion",Viaje de ocio | Persona que viaja sola | Cama en habitación compartida mixta con 6 camas y baño compartido | Estancia de 1 noche | Enviado por móvil,9 comentarios,España
Donosti,Escrito en 7 de diciembre de 2023,10,Carolina,,Muy buena atención y espacios limpios,Viaje de ocio | Persona que viaja sola | Cama en habitación compartida mixta con 6 camas y baño compartido | Estancia de 9 noches | Enviado por móvil,,
Donosti,Escrito en 14 de noviembre de 2023,10,Elvira,Todo muy bien,El trato del personal,Persona que viaja sola | Cama en habitación compartida mixta con 6 camas y baño compartido | Estancia de 3 noches | Enviado por móvil,20 comentarios,España
Donosti,Escrito en 13 de noviembre de 2023,10,Carmen,"Que no disponga de parking propio, es complicado encontrar sitio en la misma calle.",Tiene habitaciones cuádruples lo que nos permite dormir todos juntos. Es un barrio tranquilo y no se escuchan ruidos. El desayuno esta muy bien.,Viaje de ocio | Familia con niños pequeños | Habitación Familiar con baño privado | Estancia de 1 noche | Enviado por móvil,21 comentarios,España
Donosti,Escrito en 1 de noviembre de 2023,"4,0",Mercedes,"Una cucaracha de paseo por el sofa de la zona común. Habitaciones estrechas y camas con poca intimidad. En albergues de este tipo lo habitual es una minima cortinita. Como todo está automatizado el poco personal del albergue hacía bastante poco caso. Tuve que llamar 3 veces por telefono y enviar varios whatsups solo para parar el aire acondicionado, exageradamente alto. Al final tuve que acabar buscando a alguien de personal para que lo apagara.",Nada en especial. Es un albergue normalito muy caro para lo que ofrece. Muhco ruido en las zonas comunes.,Viaje de ocio | Persona que viaja sola | Cama en habitación compartida mixta con 6 camas y baño compartido | Estancia de 1 noche,50 comentarios,España
Donosti,Escrito en 31 de octubre de 2023,10,Del,,"La verdad que todo excelente, nos atendieron bárbaro , muy atentos a todos nuestros pedidos.",Viaje de ocio | Familia con niños pequeños | Habitación Familiar con baño privado | Estancia de 1 noche | Enviado por móvil,,
Donosti,Escrito en 28 de octubre de 2023,"1,0",Carlos,"El olor, brutalmente brutal.",,Viaje de ocio | Persona que viaja sola | Cama en habitación compartida mixta con 6 camas y baño privado | Estancia de 1 noche | Enviado por móvil,2 comentarios,España
Donosti,Escrito en 26 de octubre de 2023,"4,0",De,"Que no tuviese aseo en la habitación, para estudiantes está muy bien pero para ir con una familia como fue mi caso no",El trato del personal y lo cerca que estaba del centro,Viaje de ocio | Familia con niños pequeños | Habitación Familiar con baño compartido | Estancia de 1 noche | Enviado por móvil,6 comentarios,España
Donosti,Escrito en 15 de octubre de 2023,"3,0",Maria,El personal de recepción y que prepara los desayunos fue desagradable y poco amable. El conseguir el código para la habitación fue muy farragoso.,Estaba muy limpio y las instalaciones son bastante nuevas,Viaje de ocio | Grupo de amigos | Habitación con baño privado - 8 camas | Estancia de 1 noche | Enviado por móvil,16 comentarios,España
Donosti,Escrito en 15 de octubre de 2023,"6,0",Ana,"Cero atencion todo es virtual, la unica persona que está es ls del bar y su atencion debe mejorar : /. No lo recomiendo para nada 
Parecemos empleados.fel ligar tenes que hacer el check in pagar y luego te.manfan intimaciones por el check out. No lo recomiendo ademas esta lejos",El barrio pero está lejos!,Viaje de ocio | Persona que viaja sola | Cama en habitación compartida femenina de 6 camas con baño privado | Estancia de 1 noche | Enviado por móvil,31 comentarios,Argentina
Donosti,Escrito en 15 de octubre de 2023,"5,0",Mariana,"La seguridad es terrible y la atención de parte del personal fue nula. En un dormitorio de solo chicas hubo dos incidentes en un solo día. Un chico fue capaz de reservar y entrar a la habitación en el medio de la noche. La puerta de acceso a las habitaciones se dejo abierta abajo, un hombre ajeno al hotel entro al baño del dormitorio de chicas y se encerró en el baño a consumir drogras y fumar, reportamos esto a un agente telefonico y nadie dio respuesta, el hombre salió por sí mismo.","El costo por un hospedaje en el area es razonable, la ropa de cama está limpia y la habitación se limpia diariamente.",Viaje de ocio | Persona que viaja sola | Cama en habitación compartida femenina de 8 camas con baño privado | Estancia de 7 noches,4 comentarios,México
Donosti,Escrito en 15 de octubre de 2023,"4,0",Skarleth,"No hay cortinas para más privacidad en las camas, el desayuno no me gustó, todo se tiene que reservar y pagar (hasta las toallas)",,Viaje de ocio | Persona que viaja sola | Cama en habitación compartida femenina de 6 camas con baño privado | Estancia de 1 noche | Enviado por móvil,3 comentarios,Guatemala
Donosti,Escrito en 12 de octubre de 2023,10,Blanca,Lo único negativo podría ser la ubicación ya que si vuestro objetivo es visitar la ciudad y no os gusta andar el hostal está bastante apartado del casco y del centro de la ciudad. Aún que está más cerca de la playa y del monte igueldo.,"Zonas comunes limpias y muy agradables al igual que los dormitorios. Los baños estaban muy bien. En general todo me pareció perfecto, sobretodo teniendo en cuenta el precio.",Viaje de ocio | Persona que viaja sola | Cama en habitación compartida mixta con 6 camas y baño compartido | Estancia de 1 noche | Enviado por móvil,9 comentarios,España
Donosti,Escrito en 8 de octubre de 2023,10,Nelly,El colchón no es cómodo,"La atención de Fernando y de Pedro, excelente servicio",Viaje de ocio | Persona que viaja sola | Cama en habitación compartida mixta con 6 camas y baño compartido | Estancia de 4 noches | Enviado por móvil,7 comentarios,Colombia
Donosti,Escrito en 4 de octubre de 2023,"6,0",Carlos,,Estuvo bien,Viaje de ocio | Persona que viaja sola | Cama en habitación compartida mixta con 6 camas y baño compartido | Estancia de 1 noche | Enviado por móvil,,
Donosti,Escrito en 2 de octubre de 2023,10,Andrés,"No incluía sábanas ni colcha
Se siente incómodo dormir sin sabanas","La ubicacion
La atención",Viaje de ocio | Persona que viaja sola | Cama en habitación compartida mixta de 8 camas con baño privado | Estancia de 1 noche | Enviado por móvil,23 comentarios,Chile
Donosti,Escrito en 29 de septiembre de 2023,"5,0",Gabriella,La limpieza del baño!,,Viaje de ocio | Persona que viaja sola | Cama en habitación compartida femenina de 6 camas con baño privado | Estancia de 2 noches,60 comentarios,España
Donosti,Escrito en 29 de septiembre de 2023,10,P,All fine.,"Todo estuvo increíble. Únicamente los casillero no tenían un candado de seguridad para dejar las cosas a buen recaudo. Sin embargo, encontré mis cosas tal cual las dejé. Es decir, el lugar es seguro.",Viaje de ocio | Persona que viaja sola | Cama en habitación compartida mixta de 8 camas con baño privado | Estancia de 1 noche,3 comentarios,Ecuador
Donosti,Escrito en 25 de septiembre de 2023,"4,0",Clobeach,"Todo es online. Si quieres pedir una toalla, es a través del móvil, muy incómodo. Mi habitación tenía baño privado solo para las huéspedes de la habitación, pero lo cierto es que todo el mundo podía entrar a ese WC porque no estaba dentro de la habitación, sino que estaba fuera y sin clave. No volvería, súper incómodo todo y bastante lejos del centro.",Está limpio y parece moderno.,Viaje de ocio | Persona que viaja sola | Cama en habitación compartida femenina de 8 camas con baño privado | Estancia de 1 noche | Enviado por móvil,37 comentarios,España
Donosti,Escrito en 25 de septiembre de 2023,"5,0",David,"El desayuno no lo pude disfrutar por no poderse hacer antes de las 8. Para ser un hostel internacional, con el Camino de Santiago y Zinemaldia, es extraño que no te dejen nada antes de las 8. Pedí tomarme un té antes y me dijeron que no era posible y tuve que perder el desayuno los dos días pese a tenerlo pagado. Por otro lado, la estructura de las camas hace que si miden más de 180 no quepas dentro de la cama. La estructura para subir y bajar de la litera es algo precaria.","Me gustó la conveniencia del espacio. Buena terraza, buena zona de bar abajo, servicios completos. Las instalaciones estaban limpias y reformadas.",Viaje de negocios | Persona que viaja sola | Cama en habitación compartida mixta con 6 camas y baño compartido | Estancia de 2 noches,17 comentarios,España
Donosti,Escrito en 23 de septiembre de 2023,"5,0",Neus,"En las imágenes no aparecía la habitación completa, en ningún momento se veía que dentro de la habitación habían dos literas más. Las camas casi a ras de suelo, los colchones puestos encima de una madera que a la mínima que te movías un poco se iban. Cuando llegamos acababan de limpiar y estaba todo el suelo mojado, no se podía ni pisar. A mi parecer es una hotel para ir con amigos y dormir 6 en una habitación, no es para ir en pareja... La ubicación mejor no hablar, todas las calles colindantes son zona azul y para encontrar sitio puedes estar perfectamente media hora dando vueltas como nos pasó a nosotros.","Personal de la cafetería y ""recepción"" amable. Desayuno bueno.",Viaje de ocio | Pareja | Habitación Doble con baño privado - 2 camas | Estancia de 1 noche,9 comentarios,España
Donosti,Escrito en 21 de septiembre de 2023,"1,0",Ban,Me han cancelado la reserva de la cama y no me ha devuelto el dinero...,Me han cancelado la reserva de la cama y no me ha devuelto el dinero...,Viaje de negocios | Persona que viaja sola | Cama en habitación compartida femenina de 8 camas con baño privado | Estancia de 1 noche | Enviado por móvil,7 comentarios,España
Donosti,Escrito en 11 de septiembre de 2023,"6,0",Sonia,La joven d la recepción un poco estúpida.,Lugar habilitado para bicis,Viaje de ocio | Persona que viaja sola | Cama en habitación compartida mixta con 6 camas y baño privado | Estancia de 1 noche | Enviado por móvil,48 comentarios,España
Donosti,Escrito en 10 de septiembre de 2023,"6,0",Caty,"Pedí una habitación privada, ya que viajo con mi madre y tu problemas de salud en el viaje,  me cambiaron de habitación,  asegurando ser muy probable q no entrara gente a la habitación y fue lo primero en suceder",Limpio,Familia con niños pequeños | Cama en habitación compartida mixta con 6 camas y baño privado | Estancia de 3 noches | Enviado por móvil,20 comentarios,Chile
Donosti,Escrito en 7 de abril de 2023,10,Brandon,,las camas y la ubicación,Viaje de ocio | Persona que viaja sola | Cama en habitación compartida mixta con 6 camas y baño compartido | Estancia de 2 noches | Enviado por móvil,,
Donosti,Escrito en 5 de abril de 2023,"4,0",Argitzu,más personal al menos para explicar lo mínimo así como lo de la toalla que no pude ni ducharme,llegue de noche no se veían los números y nadie me explicó nada ni como Iva la taquilla ni nada dormí como pude,Viaje de ocio | Persona que viaja sola | Cama en habitación compartida femenina de 6 camas con baño privado | Estancia de 1 noche | Enviado por móvil,13 comentarios,España
Donosti,Escrito en 5 de abril de 2023,"2,0",Esther,"los baños siempre sucios y sin papel 
no hay control de los clientes, hay mucho ruido hasta las 1:30 de la madrugada",la cama y ropa de cama estaban limpias,Viaje de ocio | Persona que viaja sola | Cama en habitación compartida mixta con 6 camas y baño compartido | Estancia de 1 noche | Enviado por móvil,22 comentarios,España
Donosti,Escrito en 4 de abril de 2023,"3,0",Gil,"Su sistema automatizado digital no es nada intuitivo, demorado y largo. Es una pena porque el lugar es muy bonito.",,Viaje de ocio | Persona que viaja sola | Cama en habitación compartida mixta con 6 camas y baño compartido | Estancia de 1 noche | Enviado por móvil,2 comentarios,"Abjasia, ​Georgia"
Donosti,Escrito en 31 de marzo de 2023,10,Franco,Un poco lejos y en altura,Zonas comunes,Viaje de ocio | Persona que viaja sola | Cama en habitación compartida mixta con 6 camas y baño compartido | Estancia de 2 noches | Enviado por móvil,45 comentarios,Argentina
Donosti,Escrito en 25 de marzo de 2023,10,Margaritamaría,,Cómodo y muy limpio.  Cerca de zona con bares para tomar algo. No muy lejos de la playa y el paseo marítimo.,Viaje de ocio | Familia con niños pequeños | Habitación Familiar con baño privado | Estancia de 2 noches | Enviado por móvil,,
Donosti,Escrito en 24 de marzo de 2023,"6,0",Tatiana,los baños estaban sucios y en malas condiciones.,buena ubicación,Viaje de ocio | Persona que viaja sola | Cama en habitación compartida femenina de 8 camas con baño privado | Estancia de 3 noches | Enviado por móvil,28 comentarios,Argentina
Donosti,Escrito en 24 de marzo de 2023,10,Daniel,Ubicación alejada,Ambiente,Viaje de ocio | Persona que viaja sola | Cama en habitación compartida mixta con 6 camas y baño compartido | Estancia de 1 noche | Enviado por móvil,16 comentarios,España
Donosti,Escrito en 23 de marzo de 2023,"5,0",Beatriz,que llegamos y en nuestra habitación no había sabanas y cubre almohada . llegamos a las 00:00 horas y hasta el día siguiente no pudimos pedirlo .  y cuánto llovió la habitación olía a humedad,la habitación era grande y la gente que trabajaba allí era muy simpática y amable,Viaje de ocio | Grupo | Habitación con baño privado - 6 camas | Estancia de 2 noches | Enviado por móvil,14 comentarios,España
Donosti,Escrito en 20 de marzo de 2023,"3,0",Gloria,"el ruido, los baños sucios, el cerrojo roto",,Viaje de ocio | Persona que viaja sola | Cama en habitación compartida mixta con 6 camas y baño compartido | Estancia de 1 noche,3 comentarios,España
Donosti,Escrito en 20 de marzo de 2023,"3,0",Daniel,"Mucho polvo en las habitaciones. La ducha tenía dispensador de jabón, pero no jabón, y lo peor de todo, CUCARACHAS. nos encontramos dos cucarachas como un pulgar de grandes, y saben que donde hay una hay muchas más... Al ser un hostel va mucho turista muy ruidoso que te despierta a mitad de la madrugada, las casas de enfrente dan buena cuenta de ello. Demasiadas cosas negativas para un precio tan elevado.","Creo que no puedo destacar nada positivo, que tuvimos que llamar a recepción y el chico que nos atendió fue bastante amable, por lo único que no pongo la puntuación más baja.",Viaje de ocio | Pareja | Habitación Doble con baño privado - 2 camas | Estancia de 1 noche | Enviado por móvil,9 comentarios,España
Donosti,Escrito en 17 de marzo de 2023,10,Ilie,,Me gustó todo. Es un sitio muy tranquilo limpio y el personal muy amable. Volveré siempre.,Viaje de ocio | Persona que viaja sola | Cama en habitación compartida mixta de 8 camas con baño privado | Estancia de 1 noche | Enviado por móvil,,
Donosti,Escrito en 15 de marzo de 2023,10,Laura,"EL espacio de la habitación, cada vez q se abre la puerta hay q tener cuidado de no golpear a alguien. No queda muy claro el tema de la recepción. Supuestamente es virtual, pero claro hay una oficina en la entrada con alguien, q a veces puede o no resolverte los problemas, entonces eso crea confusión. Super recomendable el lugar.","El hostel esta muy bien, muy cuidado y moderno. Las camas confortables, luz y enchufe en cada una es genial. Estuve tan a gusto q extendí mi estancia mas dias. La limpieza de espacios comunes y baños es fantástica. La terraza q tienen se ve genial para el verano. Los baños son espaciosos al igual q las duchas, gel y secador de cabello suman. La gente del bar muy amable y simpática, al igual q los de la oficina o recepción.",Viaje de ocio | Persona que viaja sola | Cama en habitación compartida mixta con 6 camas y baño compartido | Estancia de 2 noches,12 comentarios,España
Donosti,Escrito en 7 de marzo de 2023,10,Marta,,"Nos sorprendió para bien relación calidad precio , cómodo y limpio",Viaje de ocio | Grupo de amigos | Habitación Familiar con baño privado | Estancia de 1 noche | Enviado por móvil,,
Donosti,Escrito en 6 de marzo de 2023,"5,0",Miguel,"el sistema de llave electrónica,no nos funcionó en ningún momento y cada vez que salíamos para poder entrar en la habitación teníamos que esperar media hora a que nos lo solucionaran.",la ubicación y la calidad precio muy adecuada .,Viaje de negocios | Grupo | Habitación Familiar con baño privado | Estancia de 1 noche | Enviado por móvil,48 comentarios,España
Donosti,Escrito en 21 de febrero de 2023,10,Blasco,,"Si vas a ir a san sebastian solo o con amigos, lo recomiendo 100%, el trato inmejorable, y te da muchas facilidades como zona de comer, cubiertos, etc… quizás no parezca mucho, pero hay que recordar el precio por noche que es ridiculo, de los mejores sitios en los que he estado, si eres joven y como digo vas a pasar unos días en san sebastian creo que es lo mejor que vas a encontrar sin duda! Y mira que nunca suelo hacer comentarios ni buenos ni malos de los sitios donde me estoy, pero este lo merece",Viaje de ocio | Persona que viaja sola | Cama en habitación compartida mixta con 6 camas y baño privado | Estancia de 10 noches | Enviado por móvil,,
Donosti,Escrito en 19 de febrero de 2023,"3,0",Ruben,"Que está bastante lejos del centro y muy en inclinación,nada comodo para llegar a pie,necesitas moverte con transporte .Algunas puertas como una de la ducha no tenia cerrojo y la de mi taquilla tampoco,tuve que usar unas de fuera de la habitación.",Las camas,Viaje de ocio | Persona que viaja sola | Cama en habitación compartida mixta con 6 camas y baño compartido | Estancia de 2 noches | Enviado por móvil,6 comentarios,España
Donosti,Escrito en 13 de febrero de 2023,"6,0",Jose,Deberían mejorar en su rigidez: muy pocas facilidades que la hora de llegar al alojamiento para dejar la mochila,Sea un hostel,Viaje de ocio | Persona que viaja sola | Cama en habitación compartida mixta de 8 camas con baño privado | Estancia de 1 noche | Enviado por móvil,87 comentarios,España
Donosti,Escrito en 9 de febrero de 2023,"4,0",Blanco,Habitaciones muy pequeñas.,,Viaje de ocio | Persona que viaja sola | Cama en habitación compartida mixta con 6 camas y baño compartido | Estancia de 1 noche | Enviado por móvil,1 comentario,Perú
Donosti,Escrito en 5 de febrero de 2023,"1,0",Santi,Fatal sin calefacción la luz de los enchufes no funciona,,Viaje de ocio | Pareja | Habitación Doble con baño privado - 2 camas | Estancia de 1 noche | Enviado por móvil,2 comentarios,España
Donosti,Escrito en 5 de febrero de 2023,"5,0",Ruben,las habitaciones demasiado pequeñas,el precio,Viaje de ocio | Familia con niños pequeños | Habitación Familiar con baño privado | Estancia de 3 noches | Enviado por móvil,22 comentarios,España
Donosti,Escrito en 4 de febrero de 2023,"1,0",Ferjpm,"Ha sido una de las PEORES EXPERIENCIAS que he tenido nunca en Hostels. Por la noche me tocó una persona que decidió DROGARSE en el establecimiento con porros y metanfetaminas según dijeron los de la ambulancia que tuvieron que venir a asistirlo. Lo peor es que allí NO APARECIÓ NADIE de la recepción ni del personal y ese hombre SE QUEDÓ en la habitación toda la noche haciendo ruido con un COMPORTAMIENTO IMPREDECIBLE y ERRÁTICO manteniéndonos a mí y al otro compañero totalmente preocupados Y SIN PEGAR OJO por la situación, teniendo que entrar al día siguiente temprano a trabajar.
Encima tras haberle hecho saber la situación y querer cancelar el hospedaje por esa situación acontecida, como la tarifa era no reembolsable NO han querido DEVOLVER el DINERO, y solo han puesto burdas explicaciones y nefastas excusas para decir que eso puede ocurrir en habitaciones compartidas y que lo sienten pero se van a quedar con mi dinero.
Mi total repulsión por este sitio y CERO RECOMENDACIÓN, sobre todo por el trato recibido del personal y la falta de empatía y de compresión para solucionar el asunto y llegar a un acuerdo.
Por otro lado, las instalaciones estaban totalmente sucias, el cuarto de baño apestaba a bajante, y los lavabos y desagües atascados... Puedes pillar mínimo hongos en los pies al ducharte.
Mi taquilla tenía para cerrar con candado, pero estaba roto con lo cual no servía para nada y en un sitio así como te vas a dejar algo valioso sin candado.
No te recibe nadie y aquello es medio laberíntico, lo cual es bastante complicado de ubicarte, y tuve que dar varias vueltas para encontrar mi zulo.
Podría seguir diciendo cosas, pero por suerte solo estuve una noche allí y ""nada más"" que ocurrió eso. 
Sin más,
Mi mayor compresión para los pobres que decidan quedarse en ese antro de mala muerte, que es bonito por fuera pero asqueroso por dentro.",Lo único que me gustó fue que estaba en Donosti,Viaje de negocios | Persona que viaja sola | Cama en habitación compartida mixta con 6 camas y baño compartido | Estancia de 1 noche | Enviado por móvil,6 comentarios,España
Donosti,Escrito en 1 de febrero de 2023,10,Fernanda,"Me gustaría que hubiera una cocineta o un espacio más amplio cerrado para zona común en la parte de arriba, el que está es cómodo pero algo frío en estas fechas.","Lugar muy cómodo y limpio, con calefacción. Personal muy amable. Zona tranquila y con bonita vista.",Viaje de ocio | Grupo | Habitación Doble con baño privado - 2 camas | Estancia de 12 noches,6 comentarios,México
Donosti,Escrito en 27 de enero de 2023,"6,0",Francisco,"Falta una sala de estar donde poder trabajar con el ordenador, leer o charlar
En la habitación había una persona que no dejó de roncar en toda la noche. Esta gente debería ser más responsable y no coger una habitación compartida.",Moderno y limpio,Persona que viaja sola | Cama en habitación compartida mixta con 6 camas y baño compartido | Estancia de 1 noche | Enviado por móvil,7 comentarios,España
Donosti,Escrito en 24 de enero de 2023,"6,0",Tamara,Que no nos dejaron entrar antes,El.baño,Grupo de amigos | Habitación con baño compartido - 6 camas | Estancia de 2 noches | Enviado por móvil,22 comentarios,España
Donosti,Escrito en 11 de septiembre de 2025,"8,0",Justo,,,Viaje de ocio | Pareja | Habitación Familiar con baño privado | Estancia de 1 noche | Enviado por móvil,,
Donosti,Escrito en 9 de septiembre de 2025,"7,0",Mora,,,Viaje de ocio | Familia con niños pequeños | Habitación Familiar con baño compartido | Estancia de 2 noches | Enviado por móvil,,
Donosti,Escrito en 9 de septiembre de 2025,"9,0",Carolina,,,Viaje de ocio | Persona que viaja sola | Cama en habitación compartida femenina de 6 camas con baño privado | Estancia de 1 noche | Enviado por móvil,,
Donosti,Escrito en 5 de septiembre de 2025,"9,0",Buendía,,,Viaje de ocio | Familia con niños pequeños | Habitación con baño privado - 6 camas | Estancia de 2 noches | Enviado por móvil,,
Donosti,Escrito en 4 de septiembre de 2025,"9,0",Takao,,,Viaje de ocio | Persona que viaja sola | Cama en habitación compartida mixta de 8 camas con baño privado | Estancia de 2 noches | Enviado por móvil,,
Donosti,Escrito en 4 de septiembre de 2025,"8,0",Manuel,,,Viaje de ocio | Persona que viaja sola | Cama en habitación compartida mixta de 8 camas con baño privado | Estancia de 3 noches | Enviado por móvil,,
Donosti,Escrito en 3 de septiembre de 2025,"7,0",Diez,,,Viaje de ocio | Persona que viaja sola | Cama en habitación compartida mixta de 8 camas con baño privado | Estancia de 2 noches | Enviado por móvil,,
Donosti,Escrito en 31 de agosto de 2025,"7,0",Barahona,,,Viaje de ocio | Persona que viaja sola | Cama en habitación compartida mixta de 8 camas con baño privado | Estancia de 2 noches | Enviado por móvil,,
Donosti,Escrito en 24 de agosto de 2025,"8,0",Clara,,,Viaje de ocio | Familia con niños pequeños | Habitación Familiar con baño privado | Estancia de 1 noche | Enviado por móvil,,
Donosti,Escrito en 22 de agosto de 2025,"7,0",Lucía,,,Viaje de ocio | Grupo | Cama en habitación compartida mixta con 6 camas y baño compartido | Estancia de 3 noches,,
Donosti,Escrito en 18 de agosto de 2025,"9,0",Florez,,,Viaje de ocio | Familia con niños pequeños | Habitación Familiar con baño privado | Estancia de 1 noche | Enviado por móvil,,
Donosti,Escrito en 11 de agosto de 2025,"8,0",Raquel,,,Viaje de ocio | Persona que viaja sola | Cama en habitación compartida femenina de 8 camas con baño privado | Estancia de 1 noche | Enviado por móvil,,
Donosti,Escrito en 8 de agosto de 2025,"8,0",Lorena,,,Familia con niños pequeños | Habitación Doble con baño privado - 2 camas | Estancia de 1 noche | Enviado por móvil,,
Donosti,Escrito en 31 de julio de 2025,"9,0",Enrique,,,Viaje de ocio | Familia con niños pequeños | Habitación Familiar con baño privado | Estancia de 1 noche | Enviado por móvil,,
Donosti,Escrito en 31 de julio de 2025,"7,0",Rosa,,,Familia con niños pequeños | Habitación Familiar con baño privado | Estancia de 1 noche | Enviado por móvil,,
Donosti,Escrito en 28 de julio de 2025,"7,0",Ivet,,,Viaje de ocio | Pareja | Habitación Doble con baño privado - 2 camas | Estancia de 1 noche | Enviado por móvil,,
Donosti,Escrito en 26 de julio de 2025,"7,0",Xavier,,,Viaje de ocio | Familia con niños pequeños | Habitación Familiar con baño privado | Estancia de 2 noches | Enviado por móvil,,
Donosti,Escrito en 23 de julio de 2025,"8,0",Elvira,,,Viaje de ocio | Familia con niños pequeños | Habitación Familiar con baño privado | Estancia de 1 noche | Enviado por móvil,,
Donosti,Escrito en 22 de julio de 2025,"8,0",Cespedes,,,Viaje de ocio | Pareja | Habitación Doble con baño privado - 2 camas | Estancia de 2 noches | Enviado por móvil,,
Donosti,Escrito en 22 de julio de 2025,"8,0",Jorge,,,Viaje de ocio | Familia con niños pequeños | Habitación Familiar con baño privado | Estancia de 1 noche | Enviado por móvil,,
Donosti,Escrito en 18 de julio de 2025,"7,0",Rosa,,,Viaje de ocio | Familia con niños pequeños | Habitación Familiar con baño privado | Estancia de 1 noche | Enviado por móvil,,
Donosti,Escrito en 14 de julio de 2025,"9,0",Beatriz,,,Viaje de ocio | Familia con niños pequeños | Habitación Familiar con baño privado | Estancia de 1 noche | Enviado por móvil,,
Donosti,Escrito en 5 de julio de 2025,"9,0",Henry,,,Viaje de ocio | Familia con niños pequeños | Habitación Familiar con baño privado | Estancia de 1 noche | Enviado por móvil,,
Donosti,Escrito en 3 de julio de 2025,"9,0",Pablo,,,Viaje de ocio | Pareja | Habitación Doble con baño privado - 2 camas | Estancia de 2 noches | Enviado por móvil,,
Donosti,Escrito en 2 de julio de 2025,"8,0",María,,,Viaje de ocio | Pareja | Cama en habitación compartida mixta de 8 camas con baño privado | Estancia de 1 noche | Enviado por móvil,,
Donosti,Escrito en 7 de febrero de 2025,"9,0",Luis,,,Viaje de ocio | Pareja | Habitación Doble con baño privado - 2 camas | Estancia de 1 noche | Enviado por móvil,,
Donosti,Escrito en 5 de febrero de 2025,"9,0",Lorea,,,Viaje de ocio | Familia con niños pequeños | Habitación Familiar con baño privado | Estancia de 1 noche,,
Donosti,Escrito en 4 de febrero de 2025,"7,0",Tamara,,,Viaje de ocio | Persona que viaja sola | Cama en habitación compartida femenina de 8 camas con baño privado | Estancia de 1 noche | Enviado por móvil,,
Donosti,Escrito en 2 de febrero de 2025,"9,0",Catalina,,,Viaje de ocio | Grupo de amigos | Habitación Cuádruple con baño | Estancia de 1 noche | Enviado por móvil,,
Donosti,Escrito en 31 de enero de 2025,"7,0",Isidro,,,Viaje de ocio | Pareja | Habitación Doble con baño privado - 2 camas | Estancia de 1 noche | Enviado por móvil,,
Donosti,Escrito en 24 de enero de 2025,"9,0",Mara,,,Viaje de ocio | Familia con niños pequeños | Habitación Doble con baño privado - 2 camas | Estancia de 1 noche | Enviado por móvil,,
Donosti,Escrito en 19 de enero de 2025,"8,0",Iosu,,,Viaje de ocio | Familia con niños pequeños | Habitación Familiar con baño privado | Estancia de 1 noche | Enviado por móvil,,
Donosti,Escrito en 16 de enero de 2025,"7,0",Ana,,,Viaje de ocio | Persona que viaja sola | Cama en habitación compartida mixta con 6 camas y baño compartido | Estancia de 4 noches | Enviado por móvil,,
Donosti,Escrito en 11 de enero de 2025,"7,0",El,,,Grupo de amigos | Cama en habitación compartida mixta con 6 camas y baño compartido | Estancia de 1 noche | Enviado por móvil,,
Donosti,Escrito en 4 de enero de 2025,"9,0",Bertrand,,,Viaje de ocio | Grupo | Habitación Familiar Deluxe con baño privado | Estancia de 1 noche | Enviado por móvil,,
Donosti,Escrito en 3 de enero de 2025,"9,0",Gizella,,,Viaje de ocio | Familia con niños pequeños | Habitación con baño privado - 8 camas | Estancia de 1 noche | Enviado por móvil,,
Donosti,Escrito en 3 de enero de 2025,"9,0",Jose,,,Viaje de ocio | Familia con niños pequeños | Habitación Familiar con baño privado | Estancia de 1 noche,,
Donosti,Escrito en 30 de diciembre de 2024,"9,0",Ayari,,,Viaje de ocio | Familia con niños pequeños | Habitación Cuádruple con baño | Estancia de 2 noches | Enviado por móvil,,
Donosti,Escrito en 20 de diciembre de 2024,"7,0",Vasquez,,,Viaje de ocio | Persona que viaja sola | Cama en habitación compartida mixta con 6 camas y baño compartido | Estancia de 2 noches | Enviado por móvil,,
Donosti,Escrito en 12 de diciembre de 2024,"9,0",Daniel,,,Viaje de ocio | Persona que viaja sola | Cama en habitación compartida mixta con 6 camas y baño compartido | Estancia de 1 noche | Enviado por móvil,,
Donosti,Escrito en 9 de diciembre de 2024,"8,0",Aguilar,,,Viaje de ocio | Persona que viaja sola | Cama en habitación compartida mixta con 6 camas y baño compartido | Estancia de 3 noches,,
Donosti,Escrito en 28 de noviembre de 2024,"8,0",Jose,,,Viaje de ocio | Pareja | Habitación Doble con baño privado - 2 camas | Estancia de 2 noches | Enviado por móvil,,
Donosti,Escrito en 26 de noviembre de 2024,"7,0",Samanta,,,Viaje de ocio | Familia con niños pequeños | Habitación Familiar Deluxe con baño privado | Estancia de 2 noches | Enviado por móvil,,
Donosti,Escrito en 16 de noviembre de 2024,"9,0",Veronica,,,Viaje de ocio | Persona que viaja sola | Cama en habitación compartida femenina de 6 camas con baño privado | Estancia de 2 noches | Enviado por móvil,,
Donosti,Escrito en 14 de noviembre de 2024,"9,0",Francisco,,,Viaje de negocios | Pareja | Habitación Doble con baño privado - 2 camas | Estancia de 2 noches | Enviado por móvil,,
Donosti,Escrito en 11 de noviembre de 2024,"9,0",Rubén,,,Viaje de ocio | Grupo | Habitación Familiar con baño privado | Estancia de 2 noches,,
Donosti,Escrito en 7 de noviembre de 2024,"7,0",Picon,,,Viaje de ocio | Persona que viaja sola | Cama en habitación compartida mixta de 8 camas con baño privado | Estancia de 1 noche | Enviado por móvil,,
Donosti,Escrito en 22 de octubre de 2024,"7,0",Aurora,,,Viaje de ocio | Persona que viaja sola | Cama en habitación compartida femenina de 8 camas con baño privado | Estancia de 2 noches | Enviado por móvil,,
Donosti,Escrito en 17 de octubre de 2024,"7,0",Susana,,,Viaje de ocio | Pareja | Habitación Doble con baño privado - 2 camas | Estancia de 3 noches | Enviado por móvil,,
Donosti,Escrito en 12 de octubre de 2024,"7,0",Cristina,,,Viaje de ocio | Pareja | Habitación Doble con baño privado - 2 camas | Estancia de 2 noches | Enviado por móvil,,
Donosti,Escrito en 1 de julio de 2024,"7,0",Xavier,,,Viaje de ocio | Grupo de amigos | Habitación Doble con baño privado - 2 camas | Estancia de 1 noche | Enviado por móvil,,
Donosti,Escrito en 27 de junio de 2024,"7,0",Martínez,,,Viaje de ocio | Persona que viaja sola | Cama en habitación compartida mixta con 6 camas y baño compartido | Estancia de 1 noche | Enviado por móvil,,
Donosti,Escrito en 26 de junio de 2024,"8,0",Nelson,,,Viaje de ocio | Familia con niños pequeños | Habitación Familiar con baño privado | Estancia de 3 noches | Enviado por móvil,,
Donosti,Escrito en 24 de junio de 2024,"7,0",Allan,,,Viaje de ocio | Persona que viaja sola | Cama en habitación compartida mixta con 6 camas y baño compartido | Estancia de 1 noche | Enviado por móvil,,
Donosti,Escrito en 19 de junio de 2024,"9,0",Rosa,,,Viaje de ocio | Persona que viaja sola | Cama en habitación compartida femenina de 8 camas con baño privado | Estancia de 1 noche | Enviado por móvil,,
Donosti,Escrito en 18 de junio de 2024,"8,0",Roberto,,,Viaje de ocio | Grupo | Habitación Familiar con baño privado | Estancia de 1 noche | Enviado por móvil,,
Donosti,Escrito en 16 de junio de 2024,"7,0",Eduard,,,Viaje de ocio | Pareja | Habitación Doble con baño privado - 2 camas | Estancia de 1 noche | Enviado por móvil,,
Donosti,Escrito en 14 de junio de 2024,"8,0",Adrian,,,Viaje de ocio | Familia con niños pequeños | Cama en habitación compartida mixta de 8 camas con baño privado | Estancia de 1 noche | Enviado por móvil,,
Donosti,Escrito en 7 de junio de 2024,"7,0",María,,,Viaje de ocio | Persona que viaja sola | Cama en habitación compartida mixta con 6 camas y baño privado | Estancia de 1 noche,,
Donosti,Escrito en 7 de junio de 2024,"9,0",Laura,,,Viaje de ocio | Familia con niños pequeños | Habitación Familiar con baño privado | Estancia de 1 noche | Enviado por móvil,,
Donosti,Escrito en 3 de junio de 2024,"9,0",Helena,,,Viaje de ocio | Grupo | Habitación Familiar con baño privado | Estancia de 3 noches | Enviado por móvil,,
Donosti,Escrito en 2 de junio de 2024,"7,0",Ana,,,Familia con niños pequeños | Habitación Familiar con baño privado | Estancia de 1 noche | Enviado por móvil,,
Donosti,Escrito en 1 de junio de 2024,"8,0",Eugui,,,Viaje de ocio | Familia con niños pequeños | Habitación Cuádruple con baño | Estancia de 1 noche | Enviado por móvil,,
Donosti,Escrito en 1 de junio de 2024,"7,0",Verónica,,,Viaje de ocio | Familia con niños pequeños | Habitación Familiar con baño privado | Estancia de 2 noches | Enviado por móvil,,
Donosti,Escrito en 28 de mayo de 2024,"7,0",Eduardo,,,Viaje de ocio | Persona que viaja sola | Cama en habitación compartida mixta con 6 camas y baño compartido | Estancia de 17 noches | Enviado por móvil,,
Donosti,Escrito en 26 de mayo de 2024,"9,0",Reyes,,,Pareja | Habitación Doble con baño privado - 2 camas | Estancia de 3 noches | Enviado por móvil,,
Donosti,Escrito en 21 de mayo de 2024,"7,0",Roger,,,Familia con niños pequeños | Habitación Familiar con baño compartido | Estancia de 1 noche | Enviado por móvil,,
Donosti,Escrito en 20 de mayo de 2024,"8,0",Marieta1973,,,Viaje de ocio | Persona que viaja sola | Cama en habitación compartida femenina de 8 camas con baño privado | Estancia de 1 noche,,
Donosti,Escrito en 8 de mayo de 2024,"8,0",Nadia,,,Viaje de negocios | Persona que viaja sola | Cama en habitación compartida mixta con 6 camas y baño compartido | Estancia de 1 noche | Enviado por móvil,,
Donosti,Escrito en 8 de mayo de 2024,"8,0",María,,,Viaje de ocio | Pareja | Habitación Doble con baño privado - 2 camas | Estancia de 2 noches | Enviado por móvil,,
Donosti,Escrito en 6 de mayo de 2024,"9,0",Rosa,,,Viaje de ocio | Grupo | Habitación Familiar con baño compartido | Estancia de 1 noche | Enviado por móvil,,
Donosti,Escrito en 5 de mayo de 2024,"8,0",Santiago,,,Viaje de ocio | Grupo | Habitación Familiar con baño privado | Estancia de 1 noche,,
Donosti,Escrito en 27 de abril de 2024,"9,0",Guzman,,,Viaje de ocio | Grupo | Habitación con baño compartido - 6 camas | Estancia de 1 noche | Enviado por móvil,,
Donosti,Escrito en 27 de abril de 2024,"8,0",Camen,,,Viaje de ocio | Grupo de amigos | Habitación Cuádruple con baño | Estancia de 1 noche | Enviado por móvil,,
Donosti,Escrito en 25 de abril de 2024,"8,0",Maria,,,Viaje de ocio | Familia con niños pequeños | Habitación Familiar con baño privado | Estancia de 3 noches | Enviado por móvil,,
Donosti,Escrito en 9 de diciembre de 2023,"9,0",Ignacioec,,,Viaje de ocio | Familia con niños pequeños | Cama en habitación compartida mixta con 6 camas y baño privado | Estancia de 2 noches | Enviado por móvil,,
Donosti,Escrito en 30 de noviembre de 2023,"8,0",Maria,,,Viaje de ocio | Grupo | Habitación Familiar con baño privado | Estancia de 2 noches | Enviado por móvil,,
Donosti,Escrito en 27 de noviembre de 2023,"7,0",Kellyan,,,Viaje de ocio | Persona que viaja sola | Cama en habitación compartida mixta con 6 camas y baño compartido | Estancia de 1 noche | Enviado por móvil,,
Donosti,Escrito en 19 de noviembre de 2023,"8,0",Maria,,,Viaje de negocios | Persona que viaja sola | Cama en habitación compartida mixta con 6 camas y baño privado | Estancia de 3 noches | Enviado por móvil,,
Donosti,Escrito en 10 de noviembre de 2023,"8,0",Ruben,,,Familia con niños pequeños | Habitación con baño privado - 6 camas | Estancia de 1 noche | Enviado por móvil,,
Donosti,Escrito en 6 de noviembre de 2023,"7,0",Nicolas,,,Viaje de ocio | Familia con niños pequeños | Habitación Familiar con baño compartido | Estancia de 1 noche | Enviado por móvil,,
Donosti,Escrito en 26 de octubre de 2023,"9,0",Gema,,,Viaje de ocio | Familia con niños pequeños | Habitación Familiar con baño privado | Estancia de 2 noches | Enviado por móvil,,
Donosti,Escrito en 26 de octubre de 2023,"9,0",Kikeloquillo,,,Viaje de ocio | Persona que viaja sola | Cama en habitación compartida mixta con 4 camas y baño privado | Estancia de 2 noches | Enviado por móvil,,
Donosti,Escrito en 20 de octubre de 2023,"9,0",Silvana,,,Familia con niños pequeños | Habitación Familiar con baño privado | Estancia de 2 noches | Enviado por móvil,,
Donosti,Escrito en 14 de octubre de 2023,"9,0",Esther,,,Viaje de ocio | Familia con niños pequeños | Habitación Familiar con baño privado | Estancia de 1 noche | Enviado por móvil,,
Donosti,Escrito en 11 de octubre de 2023,"8,0",Kikeloquillo,,,Viaje de ocio | Persona que viaja sola | Cama en habitación compartida mixta con 6 camas y baño compartido | Estancia de 1 noche | Enviado por móvil,,
Donosti,Escrito en 8 de octubre de 2023,"8,0",Guillermo,,,Viaje de ocio | Grupo | Habitación Familiar con baño privado | Estancia de 2 noches | Enviado por móvil,,
Donosti,Escrito en 8 de octubre de 2023,"8,0",Jose,,,Viaje de ocio | Pareja | Habitación Doble con baño privado - 2 camas | Estancia de 2 noches | Enviado por móvil,,
Donosti,Escrito en 8 de octubre de 2023,"9,0",Naia,,,Viaje de negocios | Persona que viaja sola | Cama en habitación compartida femenina de 8 camas con baño privado | Estancia de 1 noche | Enviado por móvil,,
Donosti,Escrito en 7 de octubre de 2023,"8,0",Mariam,,,Viaje de ocio | Pareja | Habitación Doble con baño privado - 2 camas | Estancia de 1 noche | Enviado por móvil,,
Donosti,Escrito en 5 de octubre de 2023,"8,0",Mariano,,,Viaje de ocio | Persona que viaja sola | Cama en habitación compartida femenina de 8 camas con baño privado | Estancia de 1 noche | Enviado por móvil,,
Donosti,Escrito en 3 de octubre de 2023,"8,0",Joshugil,,,Viaje de ocio | Persona que viaja sola | Cama en habitación compartida mixta con 6 camas y baño compartido | Estancia de 1 noche,,
Donosti,Escrito en 1 de octubre de 2023,"7,0",Maria,,,Viaje de ocio | Familia con niños pequeños | Cama en habitación compartida mixta con 6 camas y baño privado | Estancia de 1 noche | Enviado por móvil,,
Donosti,Escrito en 25 de septiembre de 2023,"8,0",Pilar,,,Viaje de ocio | Persona que viaja sola | Cama en habitación compartida mixta con 6 camas y baño compartido | Estancia de 2 noches | Enviado por móvil,,
Donosti,Escrito en 19 de septiembre de 2023,"7,0",Ane,,,Viaje de ocio | Familia con niños pequeños | Habitación Familiar con baño compartido | Estancia de 2 noches | Enviado por móvil,,
Donosti,Escrito en 19 de septiembre de 2023,"7,0",Virginia,,,Viaje de ocio | Persona que viaja sola | Cama en habitación compartida mixta de 8 camas con baño privado | Estancia de 1 noche | Enviado por móvil,,
Donosti,Escrito en 18 de septiembre de 2023,"8,0",Mayte,,,Viaje de ocio | Familia con niños pequeños | Habitación con baño privado - 6 camas | Estancia de 1 noche | Enviado por móvil,,
Donosti,Escrito en 16 de septiembre de 2023,"9,0",Manuel,,,Viaje de ocio | Familia con niños pequeños | Habitación Familiar con baño privado | Estancia de 1 noche | Enviado por móvil,,
Donosti,Escrito en 15 de septiembre de 2023,"7,0",Zarela,,,Viaje de ocio | Persona que viaja sola | Cama en habitación compartida mixta con 6 camas y baño compartido | Estancia de 2 noches | Enviado por móvil,,
Donosti,Escrito en 14 de septiembre de 2023,"9,0",Andrea22pao,,,Viaje de ocio | Persona que viaja sola | Cama en habitación compartida mixta con 6 camas y baño compartido | Estancia de 1 noche | Enviado por móvil,,
Donosti,Escrito en 15 de abril de 2023,"8,0",Carola,,,Viaje de ocio | Persona que viaja sola | Cama en habitación compartida femenina de 8 camas con baño privado | Estancia de 2 noches | Enviado por móvil,,
Donosti,Escrito en 15 de abril de 2023,"9,0",Junkal,,,Viaje de ocio | Familia con niños pequeños | Habitación Familiar con baño privado | Estancia de 1 noche | Enviado por móvil,,
Donosti,Escrito en 12 de abril de 2023,"8,0",Fabio,,,Viaje de ocio | Persona que viaja sola | Cama en habitación compartida mixta con 6 camas y baño compartido | Estancia de 1 noche | Enviado por móvil,,
Donosti,Escrito en 11 de abril de 2023,"8,0",Adrián,,,Viaje de ocio | Familia con niños pequeños | Habitación Familiar con baño privado | Estancia de 2 noches | Enviado por móvil,,
Donosti,Escrito en 11 de abril de 2023,"8,0",Carlos,,,Viaje de ocio | Familia con niños pequeños | Cama en habitación compartida mixta con 6 camas y baño compartido | Estancia de 1 noche | Enviado por móvil,,
Donosti,Escrito en 9 de abril de 2023,"8,0",Alvaro,,,Viaje de ocio | Grupo de amigos | Cama en habitación compartida mixta con 6 camas y baño compartido | Estancia de 1 noche | Enviado por móvil,,
Donosti,Escrito en 7 de abril de 2023,"7,0",Maria,,,Viaje de ocio | Grupo | Habitación con baño privado - 6 camas | Estancia de 1 noche,,
Donosti,Escrito en 6 de abril de 2023,"9,0",Lorenamac,,,Viaje de ocio | Persona que viaja sola | Cama en habitación compartida mixta con 6 camas y baño compartido | Estancia de 1 noche | Enviado por móvil,,
Donosti,Escrito en 4 de abril de 2023,"9,0",Carolina,,,Viaje de ocio | Grupo | Habitación con baño privado - 8 camas | Estancia de 1 noche | Enviado por móvil,,
Donosti,Escrito en 3 de abril de 2023,"9,0",Miglena,,,Viaje de ocio | Familia con niños pequeños | Habitación Familiar con baño privado | Estancia de 1 noche | Enviado por móvil,,
Donosti,Escrito en 31 de marzo de 2023,"8,0",Miguel,,,Viaje de ocio | Persona que viaja sola | Cama en habitación compartida mixta con 6 camas y baño compartido | Estancia de 1 noche,,
Donosti,Escrito en 25 de marzo de 2023,"9,0",Carlos,,,Viaje de ocio | Familia con niños pequeños | Habitación con baño compartido - 6 camas | Estancia de 2 noches | Enviado por móvil,,
Donosti,Escrito en 15 de marzo de 2023,"9,0",Juan,,,Viaje de ocio | Persona que viaja sola | Cama en habitación compartida mixta con 6 camas y baño compartido | Estancia de 7 noches | Enviado por móvil,,
Donosti,Escrito en 14 de marzo de 2023,"8,0",Alfred,,,Viaje de ocio | Persona que viaja sola | Cama en habitación compartida mixta con 6 camas y baño compartido | Estancia de 2 noches,,
Donosti,Escrito en 13 de marzo de 2023,"8,0",Carmen,,,Viaje de ocio | Grupo | Habitación Familiar con baño privado | Estancia de 1 noche | Enviado por móvil,,
Donosti,Escrito en 6 de marzo de 2023,"8,0",Rivera,,,Viaje de ocio | Familia con niños pequeños | Habitación Familiar Deluxe con baño privado | Estancia de 1 noche | Enviado por móvil,,
Donosti,Escrito en 5 de marzo de 2023,"9,0",Rochelle,,,Viaje de ocio | Persona que viaja sola | Cama en habitación compartida mixta con 6 camas y baño compartido | Estancia de 1 noche | Enviado por móvil,,
Donosti,Escrito en 3 de marzo de 2023,"7,0",Carlos,,,Viaje de ocio | Familia con niños pequeños | Habitación Familiar con baño privado | Estancia de 2 noches | Enviado por móvil,,
Donosti,Escrito en 26 de febrero de 2023,"7,0",Cayetano,,,Viaje de ocio | Grupo | Habitación Familiar con baño privado | Estancia de 2 noches | Enviado por móvil,,
Donosti,Escrito en 26 de febrero de 2023,"7,0",Jonathan,,,Viaje de ocio | Familia con niños pequeños | Habitación Familiar con baño privado | Estancia de 1 noche | Enviado por móvil,,
Donosti,Escrito en 22 de febrero de 2023,"8,0",Juan,,,Viaje de negocios | Familia con niños pequeños | Habitación Familiar con baño privado | Estancia de 3 noches | Enviado por móvil,,
Donosti,Escrito en 19 de febrero de 2023,"9,0",Benito,,,Viaje de ocio | Persona que viaja sola | Cama en habitación compartida mixta con 6 camas y baño compartido | Estancia de 5 noches | Enviado por móvil,,
Donosti,Escrito en 19 de febrero de 2023,"8,0",Elena,,,Viaje de ocio | Persona que viaja sola | Cama en habitación compartida mixta con 6 camas y baño compartido | Estancia de 1 noche | Enviado por móvil,,
Donosti,Escrito en 12 de febrero de 2023,"7,0",Etxeberria,,,Viaje de ocio | Grupo | Habitación con baño privado - 8 camas | Estancia de 1 noche | Enviado por móvil,,
Donosti,Escrito en 6 de febrero de 2023,"9,0",Cristian,,,Familia con niños pequeños | Cama en habitación compartida mixta de 8 camas con baño privado | Estancia de 1 noche | Enviado por móvil,,
Donosti,Escrito en 19 de julio de 2025,"4,0",Iker,,,Viaje de ocio | Persona que viaja sola | Cama en habitación compartida mixta de 8 camas con baño privado | Estancia de 2 noches | Enviado por móvil,,
Donosti,Escrito en 17 de julio de 2025,"6,0",Alfonso,,,Viaje de ocio | Grupo | Habitación Familiar con baño privado | Estancia de 1 noche | Enviado por móvil,,
Donosti,Escrito en 8 de julio de 2025,"5,0",Hubert,,,Viaje de ocio | Grupo | Habitación Familiar con baño privado | Estancia de 1 noche | Enviado por móvil,,
Donosti,Escrito en 2 de julio de 2025,10,Armando,,,Viaje de ocio | Grupo | Habitación Familiar con baño compartido | Estancia de 1 noche | Enviado por móvil,,
Donosti,Escrito en 29 de junio de 2025,10,Jorge,,,Viaje de ocio | Grupo de amigos | Habitación Familiar con baño privado | Estancia de 1 noche | Enviado por móvil,,
Donosti,Escrito en 29 de junio de 2025,"5,0",Gheorghita,,,Viaje de ocio | Familia con niños pequeños | Habitación Cuádruple con baño | Estancia de 1 noche | Enviado por móvil,,
Donosti,Escrito en 26 de junio de 2025,10,Juan,,,Viaje de ocio | Grupo | Habitación Familiar Deluxe con baño privado | Estancia de 1 noche,,
Donosti,Escrito en 25 de junio de 2025,"6,0",Zulima,,,Familia con niños pequeños | Habitación Familiar con baño privado | Estancia de 2 noches | Enviado por móvil,,
Donosti,Escrito en 24 de junio de 2025,"6,0",German,,,Viaje de ocio | Persona que viaja sola | Cama en habitación compartida mixta de 8 camas con baño privado | Estancia de 1 noche | Enviado por móvil,,
Donosti,Escrito en 22 de junio de 2025,10,Immaculada,,,Viaje de ocio | Familia con niños pequeños | Habitación Familiar con baño privado | Estancia de 1 noche | Enviado por móvil,,
Donosti,Escrito en 12 de junio de 2025,10,Irene,,,Viaje de ocio | Persona que viaja sola | Cama en habitación compartida mixta de 8 camas con baño privado | Estancia de 1 noche,,
Donosti,Escrito en 3 de junio de 2025,"5,0",Sergio,,,Viaje de ocio | Persona que viaja sola | Cama en habitación compartida mixta con 6 camas y baño compartido | Estancia de 1 noche | Enviado por móvil,,
Donosti,Escrito en 3 de junio de 2025,"5,0",Sergio,,,Viaje de ocio | Persona que viaja sola | Cama en habitación compartida mixta con 6 camas y baño compartido | Estancia de 1 noche | Enviado por móvil,,
Donosti,Escrito en 31 de mayo de 2025,10,Miguel,,,Viaje de ocio | Grupo | Habitación Familiar con baño compartido | Estancia de 3 noches | Enviado por móvil,,
Donosti,Escrito en 30 de mayo de 2025,10,Judith,,,Viaje de ocio | Grupo | Habitación Familiar con baño privado | Estancia de 1 noche | Enviado por móvil,,
Donosti,Escrito en 28 de mayo de 2025,10,Jotape,,,Viaje de ocio | Persona que viaja sola | Cama en habitación compartida mixta con 6 camas y baño compartido | Estancia de 2 noches | Enviado por móvil,,
Donosti,Escrito en 24 de mayo de 2025,10,Lucía,,,Viaje de ocio | Persona que viaja sola | Cama en habitación compartida femenina de 8 camas con baño privado | Estancia de 1 noche | Enviado por móvil,,
Donosti,Escrito en 23 de mayo de 2025,10,Lucas,,,Viaje de ocio | Persona que viaja sola | Cama en habitación compartida mixta con 6 camas y baño compartido | Estancia de 1 noche | Enviado por móvil,,
Donosti,Escrito en 22 de mayo de 2025,10,Jaime,,,Viaje de ocio | Familia con niños pequeños | Habitación Familiar con baño privado | Estancia de 1 noche | Enviado por móvil,,
Donosti,Escrito en 18 de mayo de 2025,10,Darabont,,,Viaje de ocio | Familia con niños pequeños | Habitación Cuádruple con baño | Estancia de 2 noches | Enviado por móvil,,
Donosti,Escrito en 10 de mayo de 2025,"6,0",Iñigo,,,Viaje de ocio | Persona que viaja sola | Cama en habitación compartida mixta de 8 camas con baño privado | Estancia de 1 noche | Enviado por móvil,,
Donosti,Escrito en 9 de mayo de 2025,10,Antonio,,,Viaje de ocio | Pareja | Habitación Doble con baño privado - 2 camas | Estancia de 1 noche | Enviado por móvil,,
Donosti,Escrito en 5 de mayo de 2025,"6,0",Ernesto,,,Viaje de ocio | Grupo | Habitación Familiar con baño privado | Estancia de 1 noche,,
Donosti,Escrito en 4 de mayo de 2025,"5,0",Lorena,,,Viaje de ocio | Familia con niños pequeños | Habitación Cuádruple con baño | Estancia de 2 noches | Enviado por móvil,,
Donosti,Escrito en 1 de mayo de 2025,10,Fiona,,,Viaje de ocio | Persona que viaja sola | Cama en habitación compartida femenina de 6 camas con baño privado | Estancia de 3 noches | Enviado por móvil,,
Donosti,Escrito en 30 de agosto de 2024,10,Iván,,,Viaje de ocio | Persona que viaja sola | Cama en habitación compartida mixta de 8 camas con baño privado | Estancia de 1 noche | Enviado por móvil,,
Donosti,Escrito en 30 de agosto de 2024,10,Iván,,,Viaje de ocio | Persona que viaja sola | Cama en habitación compartida mixta con 6 camas y baño compartido | Estancia de 1 noche | Enviado por móvil,,
Donosti,Escrito en 25 de agosto de 2024,10,Sonia,,,Viaje de ocio | Persona que viaja sola | Cama en habitación compartida mixta con 6 camas y baño privado | Estancia de 2 noches | Enviado por móvil,,
Donosti,Escrito en 25 de agosto de 2024,10,Ana,,,Viaje de ocio | Familia con niños pequeños | Habitación Familiar con baño privado | Estancia de 2 noches | Enviado por móvil,,
Donosti,Escrito en 24 de agosto de 2024,"6,0",Jose,,,Viaje de ocio | Pareja | Habitación Doble con baño privado - 2 camas | Estancia de 2 noches | Enviado por móvil,,
Donosti,Escrito en 24 de agosto de 2024,10,Maria,,,Viaje de ocio | Familia con niños pequeños | Habitación Familiar con baño privado | Estancia de 1 noche | Enviado por móvil,,
Donosti,Escrito en 13 de agosto de 2024,10,Andreea,,,Viaje de ocio | Persona que viaja sola | Cama en habitación compartida mixta con 6 camas y baño privado | Estancia de 1 noche | Enviado por móvil,,
Donosti,Escrito en 11 de agosto de 2024,10,Jose,,,Viaje de ocio | Grupo | Habitación Familiar con baño privado | Estancia de 1 noche | Enviado por móvil,,
Donosti,Escrito en 11 de agosto de 2024,10,Esther,,,Viaje de ocio | Grupo de amigos | Habitación Cuádruple con baño | Estancia de 1 noche | Enviado por móvil,,
Donosti,Escrito en 31 de julio de 2024,10,Alberdi,,,Viaje de ocio | Persona que viaja sola | Cama en habitación compartida mixta con 4 camas y baño privado | Estancia de 3 noches | Enviado por móvil,,
Donosti,Escrito en 29 de julio de 2024,"6,0",Pilar,,,Viaje de ocio | Persona que viaja sola | Cama en habitación compartida mixta con 6 camas y baño compartido | Estancia de 2 noches | Enviado por móvil,,
Donosti,Escrito en 28 de julio de 2024,"6,0",Eduardo,,,Viaje de ocio | Familia con niños pequeños | Habitación Familiar con baño privado | Estancia de 2 noches,,
Donosti,Escrito en 23 de julio de 2024,"1,0",Sandra,,,Viaje de ocio | Persona que viaja sola | Cama en habitación compartida femenina de 8 camas con baño privado | Estancia de 1 noche,,
Donosti,Escrito en 19 de julio de 2024,10,Raquel,,,Viaje de ocio | Persona que viaja sola | Cama en habitación compartida mixta con 6 camas y baño privado | Estancia de 1 noche | Enviado por móvil,,
Donosti,Escrito en 18 de julio de 2024,"6,0",Angel,,,Viaje de ocio | Familia con niños pequeños | Habitación Familiar con baño privado | Estancia de 1 noche | Enviado por móvil,,
Donosti,Escrito en 12 de julio de 2024,"6,0",Merche,,,Viaje de ocio | Pareja | Habitación Doble con baño privado - 2 camas | Estancia de 1 noche | Enviado por móvil,,
Donosti,Escrito en 11 de julio de 2024,"5,0",Francysbell,,,Pareja | Habitación Familiar con baño privado | Estancia de 1 noche | Enviado por móvil,,
Donosti,Escrito en 9 de julio de 2024,10,Karen,,,Viaje de ocio | Persona que viaja sola | Cama en habitación compartida femenina de 6 camas con baño privado | Estancia de 1 noche | Enviado por móvil,,
Donosti,Escrito en 7 de julio de 2024,10,Sara,,,Viaje de ocio | Persona que viaja sola | Habitación Doble con baño privado - 2 camas | Estancia de 2 noches | Enviado por móvil,,
Donosti,Escrito en 19 de junio de 2024,10,Alexa,,,Viaje de ocio | Persona que viaja sola | Cama en habitación compartida mixta de 8 camas con baño privado | Estancia de 2 noches,,
Donosti,Escrito en 17 de junio de 2024,"6,0",Emiliano,,,Viaje de ocio | Persona que viaja sola | Cama en habitación compartida mixta con 6 camas y baño compartido | Estancia de 3 noches | Enviado por móvil,,
Donosti,Escrito en 15 de junio de 2024,"1,0",Pablo,,,Viaje de ocio | Grupo | Habitación Familiar Deluxe con baño privado | Estancia de 2 noches | Enviado por móvil,,
Donosti,Escrito en 12 de junio de 2024,10,Natalia,,,Viaje de negocios | Persona que viaja sola | Cama en habitación compartida mixta con 6 camas y baño compartido | Estancia de 1 noche | Enviado por móvil,,
Donosti,Escrito en 12 de junio de 2024,"2,0",Javier,,,Viaje de ocio | Persona que viaja sola | Cama en habitación compartida mixta con 6 camas y baño privado | Estancia de 1 noche | Enviado por móvil,,
Donosti,Escrito en 30 de mayo de 2024,10,Ramón,,,Viaje de ocio | Persona que viaja sola | Cama en habitación compartida mixta con 6 camas y baño compartido | Estancia de 2 noches | Enviado por móvil,,
Donosti,Escrito en 7 de septiembre de 2023,10,Manuel,,,Viaje de ocio | Persona que viaja sola | Cama en habitación compartida mixta de 8 camas con baño privado | Estancia de 1 noche | Enviado por móvil,,
Donosti,Escrito en 20 de agosto de 2023,10,Jose,,,Viaje de ocio | Grupo de amigos | Habitación con baño privado - 6 camas | Estancia de 2 noches | Enviado por móvil,,
Donosti,Escrito en 19 de agosto de 2023,"6,0",Rafael,,,Viaje de ocio | Familia con niños pequeños | Habitación con baño compartido - 6 camas | Estancia de 1 noche | Enviado por móvil,,
Donosti,Escrito en 19 de agosto de 2023,10,Gisela,,,Viaje de ocio | Familia con niños pequeños | Habitación Familiar con baño privado | Estancia de 2 noches | Enviado por móvil,,
Donosti,Escrito en 18 de agosto de 2023,"3,0",Nuño,,,Viaje de ocio | Familia con niños pequeños | Habitación con baño privado - 6 camas | Estancia de 1 noche | Enviado por móvil,,
Donosti,Escrito en 18 de agosto de 2023,"5,0",Claudia,,,Viaje de ocio | Persona que viaja sola | Cama en habitación compartida femenina de 8 camas con baño privado | Estancia de 1 noche | Enviado por móvil,,
Donosti,Escrito en 17 de agosto de 2023,10,Maria,,,Viaje de ocio | Persona que viaja sola | Cama en habitación compartida mixta de 8 camas con baño privado | Estancia de 1 noche | Enviado por móvil,,
Donosti,Escrito en 1 de agosto de 2023,"6,0",Ana,,,Viaje de ocio | Persona que viaja sola | Cama en habitación compartida femenina de 6 camas con baño privado | Estancia de 1 noche | Enviado por móvil,,
Donosti,Escrito en 18 de julio de 2023,10,Laura,,,Viaje de ocio | Familia con niños pequeños | Habitación Familiar con baño privado | Estancia de 2 noches | Enviado por móvil,,
Donosti,Escrito en 16 de julio de 2023,"6,0",Patricio,,,Viaje de ocio | Familia con niños pequeños | Habitación con baño privado - 8 camas | Estancia de 1 noche | Enviado por móvil,,
Donosti,Escrito en 4 de julio de 2023,"6,0",Pilar,,,Viaje de ocio | Persona que viaja sola | Cama en habitación compartida femenina de 8 camas con baño privado | Estancia de 4 noches | Enviado por móvil,,
Donosti,Escrito en 24 de junio de 2023,"5,0",Mari,,,Viaje de negocios | Familia con niños pequeños | Habitación Cuádruple con baño | Estancia de 1 noche | Enviado por móvil,,
Donosti,Escrito en 18 de junio de 2023,10,P,,,Viaje de ocio | Familia con niños pequeños | Habitación Familiar con baño privado | Estancia de 2 noches | Enviado por móvil,,
Donosti,Escrito en 18 de junio de 2023,10,Elimaymm,,,Viaje de ocio | Persona que viaja sola | Cama en habitación compartida mixta con 6 camas y baño compartido | Estancia de 1 noche | Enviado por móvil,,
Donosti,Escrito en 17 de junio de 2023,"6,0",Víctor,,,Viaje de ocio | Persona que viaja sola | Cama en habitación compartida mixta con 6 camas y baño privado | Estancia de 1 noche | Enviado por móvil,,
Donosti,Escrito en 14 de junio de 2023,10,Loretegi,,,Viaje de ocio | Persona que viaja sola | Cama en habitación compartida mixta de 8 camas con baño privado | Estancia de 1 noche | Enviado por móvil,,
Donosti,Escrito en 13 de junio de 2023,10,Tatiana,,,Viaje de ocio | Familia con niños pequeños | Habitación Familiar con baño privado | Estancia de 1 noche | Enviado por móvil,,
Donosti,Escrito en 15 de mayo de 2023,10,Vanessa,,,Viaje de ocio | Grupo | Habitación Doble con baño privado - 2 camas | Estancia de 1 noche | Enviado por móvil,,
Donosti,Escrito en 25 de abril de 2023,10,Irene,,,Viaje de ocio | Persona que viaja sola | Cama en habitación compartida mixta de 8 camas con baño privado | Estancia de 1 noche,,
Donosti,Escrito en 21 de abril de 2023,"6,0",Javier,,,Viaje de ocio | Grupo | Habitación con baño compartido - 6 camas | Estancia de 4 noches | Enviado por móvil,,
Donosti,Escrito en 20 de abril de 2023,10,Soledad,,,Viaje de ocio | Grupo de amigos | Cama en habitación compartida mixta con 6 camas y baño compartido | Estancia de 2 noches | Enviado por móvil,,
Donosti,Escrito en 15 de abril de 2023,10,Aidajimenezz,,,Viaje de ocio | Familia con niños pequeños | Habitación Doble con baño privado - 2 camas | Estancia de 1 noche,,
Donosti,Escrito en 14 de abril de 2023,10,Puy,,,Viaje de negocios | Persona que viaja sola | Cama en habitación compartida femenina de 6 camas con baño privado | Estancia de 1 noche | Enviado por móvil,,
Donosti,Escrito en 10 de abril de 2023,10,Rodriguez,,,Viaje de ocio | Grupo de amigos | Cama en habitación compartida mixta con 6 camas y baño privado | Estancia de 1 noche | Enviado por móvil,,
Donosti,Escrito en 9 de abril de 2023,"6,0",Maria,,,Viaje de ocio | Familia con niños pequeños | Habitación Familiar con baño privado | Estancia de 3 noches | Enviado por móvil,,
BilbaoMuseo,Escrito en 15 de diciembre de 2025,10,Ma,Poco espacio para 4 personas,"La ubicación,  muy céntrico",Familia con niños pequeños | Estudio | Estancia de 1 noche | Enviado por móvil,14 comentarios,México
BilbaoMuseo,Escrito en 14 de diciembre de 2025,10,Lopez,"La única pega ha sido el sofá cama, un poco incomodo.","La situación, limpieza y las instalaciones en general.",Viaje de ocio | Familia con niños pequeños | Estudio | Estancia de 1 noche | Enviado por móvil,7 comentarios,España
BilbaoMuseo,Escrito en 5 de diciembre de 2025,"9,0",B,Terrible el extremo ambientador en la planta baja . Subes a la habitación mareado . Por demás. Acabé con osmofobia y cefalea .,Ubicación,Viaje de negocios | Grupo | Estudio | Estancia de 1 noche | Enviado por móvil,22 comentarios,España
BilbaoMuseo,Escrito en 16 de noviembre de 2025,10,Karlosmaiden,Me gustó todo,"La ubicación es una pasada, lo fácil de llegar al párking y a 5 minutos el apartamento, la cerradura del portal se abre con el móvil, entrar y un olor super agradable, abrir la puerta del apartamento y una pasada de chulo, limpio, todo nuevo, aire acondicionado, lavadora, horno microondas, TV plano, todo super bien, mi hija de 12años y mi sobrina de 15 super contentas, 2 cajas de bienvenida con aguas patatas.... gracias por todo",Viaje de ocio | Familia con niños pequeños | Estudio | Estancia de 1 noche | Enviado por móvil,74 comentarios,España
BilbaoMuseo,Escrito en 10 de noviembre de 2025,"7,0",Els,"Sofa cama muy incómodo, hundido y con ruido de muelles con cada movimiento. Las habitaciones no tienen paredes, solo separación de ambiente con listones de madera en un espacio diáfano con el sala-cocina.",Diseño y emplazamiento.,Viaje de ocio | Familia con niños pequeños | Apartamento de 1 dormitorio | Estancia de 1 noche | Enviado por móvil,20 comentarios,España
BilbaoMuseo,Escrito en 9 de noviembre de 2025,10,Martinez,Nada,Ubicación y comodidad de las instalaciones,Viaje de ocio | Familia con niños pequeños | Apartamento de 1 dormitorio | Estancia de 1 noche | Enviado por móvil,3 comentarios,España
BilbaoMuseo,Escrito en 28 de octubre de 2025,10,Alejandro,Se escuchaba un goteo por la noche del piso de arriba y la luz roja de la alarma de incendios parpadea y molesta un poco por la noche,,Con una mascota | Viaje de ocio | Pareja | Estudio | Estancia de 4 noches | Enviado por móvil,6 comentarios,Corea del Sur
BilbaoMuseo,Escrito en 25 de octubre de 2025,"8,0",Alvaro,Q no tenía cama era sofá cama,La terraza,Viaje de ocio | Pareja | Estudio | Estancia de 2 noches | Enviado por móvil,15 comentarios,España
BilbaoMuseo,Escrito en 19 de octubre de 2025,"9,0",Her,"La atención dejo mucho que desear, sobre todo porque no se le discute al huésped cuando no hay nada que discutir. Uno se puede equivocar, se piden disculpas y listo, pero echarle la culpa al huésped de la propia torpeza no va.  Pedí parking tres veces. Me lo cobraron y todo. Cuando llegue, me dijeron que ""creyeron que no lo quería"" porque un dia antes ""pedi indicaciones para el parking pero claramente nunca confirme que lo quería. O sea, pido parking, me lo cobran, pido indicaciones de como ir, en eso me piden que pase la placa que no llegue a leer, y como no la pase horas antes ""creyeron que no quería el parking y solo quería la dirección del mismo para ir a que...?","Super moderno, muy bien ubicado, en frente del museo. Amplio departamento, hermoso",Viaje de ocio | Familia con niños pequeños | Estudio | Estancia de 2 noches | Enviado por móvil,63 comentarios,Argentina
BilbaoMuseo,Escrito en 14 de octubre de 2025,"9,0",Sergio,,Las vistas increíbles,Viaje de negocios | Familia con niños pequeños | Estudio | Estancia de 1 noche | Enviado por móvil,,
BilbaoMuseo,Escrito en 30 de septiembre de 2025,10,Iván,,"Es increíble el lugar y la ubicación, muy recomendable",Viaje de ocio | Familia con niños pequeños | Estudio | Estancia de 1 noche,,
BilbaoMuseo,Escrito en 28 de septiembre de 2025,10,Silvia,Nada,La ubicación. Justo enfrente del museo Guggenheim. Y un apartamento espectacular 😍. Muy moderno y muy completo.,Viaje de ocio | Familia con niños pequeños | Estudio | Estancia de 2 noches | Enviado por móvil,23 comentarios,España
BilbaoMuseo,Escrito en 9 de septiembre de 2025,"9,0",Rocío,,Ubicación,Viaje de ocio | Familia con niños pequeños | Estudio | Estancia de 1 noche | Enviado por móvil,,
BilbaoMuseo,Escrito en 5 de septiembre de 2025,10,Carmen,,"ubicación, limpieza y no faltaba un detalle",Viaje de ocio | Familia con niños pequeños | Apartamento de 1 dormitorio | Estancia de 1 noche | Enviado por móvil,,
BilbaoMuseo,Escrito en 31 de agosto de 2025,"9,0",Pilar,,"Ubicación excelente, muy cómodo... pudimos adelantar la entrada a las 12 por una suplemento...",Viaje de ocio | Familia con niños pequeños | Estudio | Estancia de 1 noche | Enviado por móvil,,
BilbaoMuseo,Escrito en 30 de agosto de 2025,"9,0",Laura,El ascensor...que era lentiiiiiiisimo,"Me gusto Todo, ubicacion, limpieza, decoracion, menaje, comodidad, bonito, situacion. Muy bien, nos gusto mucho. Original, practico, limpio, moderno. Muy bien situado, se puede ir andando a los principales sitios que hay que ver. Te dejan como detalle al entrar, agua, patatas y un folleto con recomendaciones de sitios para ver y comer.",Viaje de ocio | Familia con niños pequeños | Estudio | Estancia de 1 noche | Enviado por móvil,8 comentarios,España
BilbaoMuseo,Escrito en 28 de agosto de 2025,"9,0",Eduardo,,Ubicación y todo nuevo,Viaje de ocio | Grupo | Apartamento de 1 dormitorio | Estancia de 2 noches | Enviado por móvil,,
BilbaoMuseo,Escrito en 25 de agosto de 2025,10,Victorino,Falta de intimidad en habitación.por poner alguna cosa,Todo general,Viaje de ocio | Familia con niños pequeños | Apartamento de 1 dormitorio | Estancia de 1 noche | Enviado por móvil,9 comentarios,España
BilbaoMuseo,Escrito en 24 de agosto de 2025,"9,0",Ana,,Ubicación y limpieza,Viaje de ocio | Grupo de amigos | Estudio | Estancia de 2 noches | Enviado por móvil,,
BilbaoMuseo,Escrito en 1 de agosto de 2025,10,Seila,Nada,"Todo, pero la ubicación perfecta 🤩",Viaje de ocio | Familia con niños pequeños | Estudio | Estancia de 1 noche | Enviado por móvil,7 comentarios,España
BilbaoMuseo,Escrito en 28 de julio de 2025,"9,0",Celia,Todo estuvo muy bien,"Esta muy bien ubicado, tiene buenas vistas, los apartamentos están muy nuevos y bien decorados, es todo muy práctico y tienen todo lo necesario",Viaje de ocio | Grupo | Estudio | Estancia de 2 noches | Enviado por móvil,29 comentarios,España
BilbaoMuseo,Escrito en 17 de mayo de 2025,"8,0",Maria,"En general bien dotado pero: no había servilletas ni rollo de cocina, (y poco papel higiénico!).
La ducha y el lavabo no desaguan bien","Muy buena ubicación, muy amplio y muy limpio",Viaje de ocio | Familia con niños pequeños | Estudio | Estancia de 1 noche | Enviado por móvil,34 comentarios,España
BilbaoMuseo,Escrito en 5 de mayo de 2025,"7,0",Daniela,"Los colchones era muy incómodos y el apartamento habría sido perfecto de tamaño para dos, pero éramos dos adultos y dos niños pequeños y se nos ha hecho un poco pequeño. Tampoco nos ha parecido bien el hecho de abonar 15 euros por acceder al apartamento dos horas antes de la hora de check-in estando el apartamento disponible. Tampoco nos dieron facilidades para dejar las maletas.","La ubicación es estupenda. Justo en frente del Guggenheim y a minutos de la zona del Río y de muchos restaurantes y cafés. Además, el apartamento es muy nuevo y con vistas al Guggenheim. El baño es amplio y muy cómodo.",Viaje de ocio | Familia con niños pequeños | Estudio | Estancia de 3 noches | Enviado por móvil,17 comentarios,España
BilbaoMuseo,Escrito en 29 de abril de 2025,"7,0",Alberto,La tostadora no funciona.  El lavavajillas no funciona. Falta mucho menaje de cocina. El sofá cama bastante incómodo.,La ubicación estaba bien,Familia con niños pequeños | Estudio | Estancia de 2 noches | Enviado por móvil,8 comentarios,España
BilbaoMuseo,Escrito en 8 de junio de 2024,10,Andrea,—-,"Nos impresiono que el lugar se ve mucho mejor en la vida real que en las fotos, súper limpio, acogedor, moderno, muy bien equipado, con una ubicación y una vista insuperables. Sin duda la mejor elección, volvería siempre .",Viaje de ocio | Familia con niños pequeños | Estudio | Estancia de 2 noches | Enviado por móvil,20 comentarios,Costa Rica
BilbaoMuseo,Escrito en 1 de junio de 2024,10,Carla,Acceso,"Muy bien ubicado, al lado del Guggenheim, habitación amplia para 4 personas y cómoda. Muy limpio. Desde nuestra habitación podías ver el museo.",Viaje de ocio | Grupo | Estudio | Estancia de 1 noche | Enviado por móvil,7 comentarios,España
BilbaoMuseo,Escrito en 27 de mayo de 2024,10,Fabiola,"Sólo por quejarme, el extractor del baño y la puerta de baño son muy ruidosos.","Todo excelente, la atención y el estudio.",Viaje de ocio | Familia con niños pequeños | Estudio | Estancia de 3 noches | Enviado por móvil,3 comentarios,Países Bajos
BilbaoMuseo,Escrito en 21 de mayo de 2024,10,Ana,,"Perfecto, muy buena ubicación , limpio y cómodo.",Viaje de ocio | Familia con niños pequeños | Estudio | Estancia de 1 noche | Enviado por móvil,,
BilbaoMuseo,Escrito en 18 de mayo de 2024,"9,0",Julia,Había una toalla grande mojada usada en el baño.,La ubicación,Viaje de ocio | Familia con niños pequeños | Estudio | Estancia de 1 noche | Enviado por móvil,57 comentarios,España
BilbaoMuseo,Escrito en 9 de mayo de 2024,10,Carmen,,"Una muy buena ubicación , pero en unos apartamentos tranquilos cerca de todo.",Viaje de ocio | Familia con niños pequeños | Estudio | Estancia de 2 noches | Enviado por móvil,,
BilbaoMuseo,Escrito en 24 de abril de 2024,10,Judith,Por poner una pega el ascensor demasiado lento agobiaba un poco,La ubicación la tranquilidad y el buen acceso,Viaje de ocio | Familia con niños pequeños | Estudio | Estancia de 2 noches | Enviado por móvil,11 comentarios,España
BilbaoMuseo,Escrito en 8 de abril de 2024,"9,0",Sandra,"El laborioso check in.Debería haber un cartel con las normas y horario check out en el apartamento","Ubicación, limpieza y confort",Viaje de ocio | Grupo | Estudio | Estancia de 2 noches | Enviado por móvil,40 comentarios,España
BilbaoMuseo,Escrito en 8 de abril de 2024,10,Maria,"Por decir algo, las almohadas eran muy bajitas, tenía poco relleno. Me hubiera gustado que hubiera alguna almohada un poco más compacta. Por lo demás genial todo.",Lo que más me gustó fue la ubicación del apartamento y sus vistas al museo.La  limpieza y muy coqueto el apartamento.,Viaje de ocio | Familia con niños pequeños | Estudio | Estancia de 1 noche | Enviado por móvil,11 comentarios,España
BilbaoMuseo,Escrito en 5 de abril de 2024,10,Ana,,El  apartamento es ideal muy chulo y limpio. La ubicación excelente para ver la ciudad.,Viaje de ocio | Familia con niños pequeños | Apartamento de 1 dormitorio | Estancia de 2 noches | Enviado por móvil,,
BilbaoMuseo,Escrito en 30 de marzo de 2024,10,David,,"Ubicación, limpieza y comodidad, perfecto para pasar unos días cerca del centro de bilbao pero alejado del bullicio. 
Destacar que hubo un problema con el lavavajillas y rápidamente un empleado se puso en contacto conmigo para subsanar el problema.",Viaje de ocio | Grupo de amigos | Estudio | Estancia de 2 noches | Enviado por móvil,,
BilbaoMuseo,Escrito en 27 de marzo de 2024,10,Paulacc,"Por decir algo, mi hijo se quejó del colchón del sofá cama, cosa bastante habitual en este tipo de colchones que son más finos de lo normal.","La ubicación es inmejorable. El apartamento tiene todo lo indispensable para pasar unos días estupendos. Está bien equipado y con muchos detalles. La decoración es muy funcional y está puesto todo, con mucho gusto.",Viaje de ocio | Familia con niños pequeños | Estudio | Estancia de 3 noches | Enviado por móvil,21 comentarios,España
BilbaoMuseo,Escrito en 9 de marzo de 2024,10,Melquiades,Me gustó todo,"Bien situado, agradable, decoración funcional y bonita, practico",Viaje de ocio | Grupo | Estudio | Estancia de 1 noche | Enviado por móvil,12 comentarios,España
BilbaoMuseo,Escrito en 5 de marzo de 2024,"9,0",Alfonso,Nada,"Comodidad y la cocina completa. El detalle de bienvenida es un puntazo. Limpio, bien ubicado. Piso reformado con gusto.",Viaje de ocio | Familia con niños pequeños | Estudio | Estancia de 1 noche | Enviado por móvil,5 comentarios,España
BilbaoMuseo,Escrito en 3 de marzo de 2024,10,Mónica,No había mesa para comer las 4 personas que éramos.No había platos algo muy extraño.Nos pusieron toallas solo para tres.,La ubicación. El apartamento entero estaba genial,Familia con niños pequeños | Apartamento de 1 dormitorio | Estancia de 1 noche | Enviado por móvil,18 comentarios,España
BilbaoMuseo,Escrito en 3 de marzo de 2024,10,Cristina,"El check out era a las 11 de la mañana y a esa misma hora ya nos estaban picando la puerta para que saliéramos, no dieron ni unos minutos de cortesía…","Todo fenomenal, limpieza, ubicación, muy nuevo…",Viaje de ocio | Grupo | Estudio | Estancia de 1 noche | Enviado por móvil,7 comentarios,España
BilbaoMuseo,Escrito en 3 de marzo de 2024,"9,0",Elizabeth,"Eché en falta una escoba y fregona . 
El ruido exterior de los vecinos y la luz que se enciende automáticamente y se nota en la habitación . 
Tuve algunas dudas y tardaron en responderme , haciéndolo de forma automática con el mismo mensaje .","La ubicación ,nuestro balcón daba al museo, íbamos con dos niños y lo primero que hacían por la mañana era ver a Puppy. 
 La limpieza genial 
El diseño del apartamento, moderno y cómodo",Viaje de ocio | Familia con niños pequeños | Estudio | Estancia de 2 noches | Enviado por móvil,8 comentarios,España
BilbaoMuseo,Escrito en 18 de febrero de 2024,"9,0",Alberto,"El proceso de cheking no es complicado pero no me gusta que haya que morir al palo de todo por internet.  La activación de la llave, es decir, la entrada al apartamento ES MUY TARDE, a las 15 h.","Muy bien el apartamento, situación excelente, muy completo, con todos detalles,limpio, tranquilo...muy bien. Un detallazo la cama y comederos para la mascota.",Viaje de ocio | Familia con niños pequeños | Estudio | Estancia de 1 noche | Enviado por móvil,25 comentarios,España
BilbaoMuseo,Escrito en 13 de febrero de 2024,"9,0",Jorge,Aislamiento acustico,Ubicacion,Viaje de ocio | Familia con niños pequeños | Estudio | Estancia de 1 noche | Enviado por móvil,3 comentarios,España
BilbaoMuseo,Escrito en 9 de febrero de 2024,10,Ana,Todo genial aunque la cama del sofá cama era un poco incómoda y creo que podrían ofrecer algunas almohadas  y edredones. Pero por lo demás todo genial,"La ubicación fantástica al lado del Museo Guggenheim y a 7 minutos de la parada de metro. El apartamento muy cuidado y con todo lo necesario para pasar unos días: utensilios cocina, lavadora..",Viaje de ocio | Familia con niños pequeños | Estudio | Estancia de 2 noches | Enviado por móvil,16 comentarios,España
BilbaoMuseo,Escrito en 8 de febrero de 2024,"9,0",Santamaría,En general todo me gustó,La distribución y la sitúa,Viaje de ocio | Familia con niños pequeños | Estudio | Estancia de 2 noches | Enviado por móvil,2 comentarios,España
BilbaoMuseo,Escrito en 21 de enero de 2024,"8,0",Medel,Qué no hubiera puertas en las habitaciones.,"Amplitud, luz y vistas",Viaje de ocio | Grupo de amigos | Apartamento de 1 dormitorio | Estancia de 2 noches | Enviado por móvil,6 comentarios,España
BilbaoMuseo,Escrito en 19 de enero de 2024,10,Chafik,Salida alas 11 alas 12 mejor,Todo,Pareja | Estudio | Estancia de 1 noche | Enviado por móvil,1 comentario,España
BilbaoMuseo,Escrito en 13 de enero de 2024,10,Edecio,"Nada, todo estuvo muy bien","Excelente ubicación, fácil acceso, todo impecable y ágil reserva",Viaje de ocio | Familia con niños pequeños | Apartamento de 1 dormitorio | Estancia de 1 noche | Enviado por móvil,43 comentarios,España
BilbaoMuseo,Escrito en 8 de enero de 2024,"8,0",Rosa,"Eché de menos un microondas, y algo de mantenimiento: la manilla del baño estaba suelta y se caía todo el rato.","Ubicación, limpieza, muy bien organizado check in y check out virtual.",Viaje de ocio | Familia con niños pequeños | Estudio | Estancia de 1 noche | Enviado por móvil,9 comentarios,España
BilbaoMuseo,Escrito en 6 de octubre de 2025,"2,0",Teresa,"Deficiencias importantes el el apartamento, interruptores colgando, no tenia luz excepto en el baño que no se apagaba, increíble y conocían las deficiencias, nos dejaron cartel.",La ubicación,Viaje de ocio | Familia con niños pequeños | Estudio | Estancia de 2 noches | Enviado por móvil,9 comentarios,España
BilbaoMuseo,Escrito en 3 de septiembre de 2025,"6,0",Gabriela,"La reserva era para tres y no tenía la cama hecha para la tercera ( tuvimos que abrir un pesado sofá ) sin toallas para todos. La vista muy linda al museo estaba obstaculizada por reparaciones ( esto no fue notificado) Había mucha suciedad en la entrada.",Las instalaciones,Viaje de ocio | Familia con niños pequeños | Estudio | Estancia de 1 noche | Enviado por móvil,1 comentario,Chile
BilbaoMuseo,Escrito en 22 de abril de 2025,"2,0",Sergio,"Mal trato on line, no me dejaron dejar las maletas una hora antes hasta que no pague en early check in pero sin embargo pude tener la lavadora rota más de un día con mis cosas atrapadas dentro y solo enviaron a alguien a arreglarlo el día posterior una hora antes de tener que abandonar el apartamento",Ubicación,Viaje de ocio | Familia con niños pequeños | Estudio | Estancia de 3 noches | Enviado por móvil,16 comentarios,España
BilbaoMuseo,Escrito en 9 de abril de 2025,"6,0",Maria,,"Perfecta ubicación y limpio, pero para el descanso muy incómodo, colchones muy finos donde dormir bien era imposible.",Viaje de ocio | Familia con niños pequeños | Estudio | Estancia de 4 noches | Enviado por móvil,,
BilbaoMuseo,Escrito en 25 de febrero de 2025,"6,0",Marta,El sofá cama es de lo más incómodo que he visto nunca.,"La ubicación es muy buena y muy fácil de hacer el Check-in. 
Las toallas agradables y kit de bienvenida.",Viaje de ocio | Familia con niños pequeños | Apartamento de 1 dormitorio | Estancia de 2 noches | Enviado por móvil,53 comentarios,España
BilbaoMuseo,Escrito en 16 de febrero de 2025,"4,0",Tamara,"Húmedad en las paredes del baño ,rejilla de la ducha suelta y silicona del suelo levantada ,la cama y el sofá cama no eran nada cómodos",La ubicación,Viaje de ocio | Familia con niños pequeños | Estudio | Estancia de 1 noche | Enviado por móvil,7 comentarios,España
BilbaoMuseo,Escrito en 30 de enero de 2025,"3,0",Marina,"Para que te den las claves de acceso para entrar al apartamento, hay que hacer un check in MUY tedioso. Hay que seguir bastantes pasos. Cuando crees que los has completado todos, antes de entrar para que te den la clave te piden 200€ de fianza obligatorios, QUE NO APARECE EN NINGUNA PARTE. El Precio es bastante elevado teniendo en cuenta que el apartamento de 4 personas es una cama y un sofá cama, muy muy muy incómodo, te clavas los muelles constantemente, por no decir el ruido que hacen los muelles. Insonorización con otras habitaciones muy mala.","La ubicación. El apartamento estaba limpio, aunque podrían repasar las paredes que están llenas de manchas de otros huéspedes. Te dejan dos cápsulas de café y dos botellas de agua, aunque éramos 4 personas. Buena comunicación con el responsable.",Viaje de ocio | Grupo | Estudio | Estancia de 2 noches | Enviado por móvil,19 comentarios,España
BilbaoMuseo,Escrito en 20 de enero de 2025,"1,0",Oyuelitos,"Nos han cobrado una penalización directamente de 150 euros por “fumar”  cosa que no hicimos, solo una fuma iqos y es un vapper.",El apartamento está bien.,Viaje de negocios | Grupo de amigos | Estudio | Estancia de 2 noches | Enviado por móvil,17 comentarios,España
BilbaoMuseo,Escrito en 27 de diciembre de 2024,"6,0",Marina,"No había instrucciones para: el code de wifi, el funcionamiento de la calefacción (una vez activada se regulaba muy bien, pero lento) En el cuarto no hay ventanas. Bonita decoración. Baño agradable con calefacción...","La ubicación. El autobús del aeropuerto para muy cerca, 3 minutos hasta el apartamento. Muy limpio. Supermercados varios al lado. Bien equipado para cocinar.",Viaje de ocio | Familia con niños pequeños | Apartamento de 1 dormitorio | Estancia de 4 noches | Enviado por móvil,35 comentarios,España
BilbaoMuseo,Escrito en 13 de diciembre de 2024,"4,0",Asier,"Ruidoso por la mala ventana que tenía la habitación, frío porque no funcionaba la calefacción y pequeño porque el sofá cama no dejaba espacio para pasar entre la habitación y la cocina",La ubicación,Viaje de ocio | Familia con niños pequeños | Estudio | Estancia de 2 noches | Enviado por móvil,2 comentarios,España
BilbaoMuseo,Escrito en 13 de noviembre de 2024,"3,0",Estibalitz,Pagamos 170€ por algo que realmente no merecía tanto… la cocina escondida tras armarios que se mueven que hay que darse cuenta para moverlos u abrirlos… entraba la claridad de la mañana a través de las cortinas que supuestamente tapan el sol,,Viaje de ocio | Pareja | Apartamento de 1 dormitorio | Estancia de 1 noche | Enviado por móvil,13 comentarios,España
BilbaoMuseo,Escrito en 16 de octubre de 2024,"1,0",María,Demasiados protocolos para hacerse llamar especialmente alojamiento para mascotas,"No llegue a hospedarme,,, ya que me negaron la entrada aun teniendo la confirmación de que aceptaban mascotas",Viaje de ocio | Familia con niños pequeños | Estudio | Estancia de 1 noche | Enviado por móvil,30 comentarios,España
BilbaoMuseo,Escrito en 6 de octubre de 2024,"4,0",Marina,"No parecía muy limpio; el sofá cama solo tiene muelles; no está bien aislado del ruido, ni de la calle ni de las habitaciones contiguas; la habitación no tiene pared por lo que cada vez que del salón íbamos al baño despertábamos a los que dormian en la habitación porque tienen 0 privacidad",La ubicación,Viaje de ocio | Familia con niños pequeños | Estudio | Estancia de 1 noche | Enviado por móvil,7 comentarios,España
BilbaoMuseo,Escrito en 11 de julio de 2024,"4,0",Javier,"La verdad que la cerradura por móvil me dio bastantes problemas. Y el colchón de la cama estaba para renovar, mal descanso.","El grifo de la ducha con sus diferentes opciones de agua. Y la lavadora secadora, muy práctica.",Viaje de ocio | Familia con niños pequeños | Estudio | Estancia de 2 noches | Enviado por móvil,16 comentarios,España
BilbaoMuseo,Escrito en 30 de diciembre de 2023,"5,0",Maite,"*Terrible el check in.. 3 h mas tarde No trabajan el checking s traves de apo de booking El personal de ls central pasota más bien *digitalmente no está preparado , aunque es lo q te venden*Demasiado sostenible… te quedas sin luz si no t mueves antes de 4 minutos… lo cronometramos,.. hasta en la ducha(,, te quedas con el acondicionador sin aclarar con la luz apagada),,,… imposible oensar en leer un libro relajadamente… ni jns luz d mesa se mantiene .*El parking tampoco está tal y como t dicen,,, tuenes q hacer mas de 1,5 km para entrar en coche*limpieza un 6… horno y baño muy mejorable","Creo q nada ,.. el paseo mañanero por la ria??,,",Viaje de ocio | Familia con niños pequeños | Apartamento de 1 dormitorio | Estancia de 1 noche | Enviado por móvil,62 comentarios,España
BilbaoMuseo,Escrito en 28 de diciembre de 2023,"5,0",Ines,"Éramos  4 y pusieron dos aguas y dos cápsulas café
No había mantas para echar encima
La calefacción no funcionaba y pasamos frio por la noche
Para hacer cheki-in te tiras un rato",Es precioso muy elegante y buena situacion,Viaje de ocio | Grupo | Apartamento de 1 dormitorio | Estancia de 1 noche | Enviado por móvil,34 comentarios,España
BilbaoMuseo,Escrito en 18 de octubre de 2023,"4,0",Daniela,"No me gusto el sofá cama se sentían todos los resortes y hacía muchísimo ruido al querer intentar moverse.
Lo peor fue el olor que arroja el baño , no se si tienen problemas de tuberías pero era espantoso . Mi madre no ha podido dormir del olor ya que estaba en la cama al lado del baño. 
El precio me parece elevado para lo que es más teniendo en cuenta que con ese aroma tampoco era viable comer ahí y aprovechar que tienen cocina.",Me gusto la ubicación,Viaje de ocio | Familia con niños pequeños | Estudio | Estancia de 2 noches | Enviado por móvil,6 comentarios,Argentina
BilbaoMuseo,Escrito en 11 de octubre de 2023,"6,0",Maria,"Contraté dos apartamentos. Uno tenía la amplitud necesaria para cuatro personas, pero el otro (el 103), era mucho más pequeño (el apartamento parecía que era para dos personas, pues solo disponía de dos sillas y el espacio era insuficiente), aún así, el precio que pagué por ambos fue el mismo.",Ubicación,Viaje de ocio | Familia con niños pequeños | Estudio | Estancia de 4 noches | Enviado por móvil,7 comentarios,España
BilbaoMuseo,Escrito en 15 de agosto de 2023,"6,0",Esther,La limpieza y las camas,La ubicación,Viaje de ocio | Familia con niños pequeños | Estudio | Estancia de 1 noche | Enviado por móvil,5 comentarios,España
BilbaoMuseo,Escrito en 5 de agosto de 2023,"5,0",Mónica,No pudimos dormir del calor qué hacía. No funcionaba el aire acondicionado y al abrir la ventana entraba mucho ruido.,Muy limpio y muy cómodo y bien situado.,Viaje de ocio | Familia con niños pequeños | Estudio | Estancia de 1 noche | Enviado por móvil,12 comentarios,España
BilbaoMuseo,Escrito en 2 de abril de 2023,"1,0",Daria,"1)viajamos con un perro y nos dieron una habitación absolutamente muerta, rayada y con moho.  nuestros padres, para quienes también reservé una habitación, la recibieron en perfectas condiciones.  esto es una falta de respeto para los dueños de perros, ¡es mejor no permitir animales en absoluto!  entonces habríamos encontrado un lugar mejor para vivir que esta pesadilla.  No entiendo por qué pagué tanto por una habitación destrozada sin cama en la esquina sin ventanas.  es terrible, vergüenza.  
2)en el sitio nos cobraron 200 euros más que en Booking.com.  Pasé mucho tiempo averiguando que era una fianza que regresaría.
3)el desayuno también es terrible, solo una lonchera con comida seca, encontraremos mejor en el supermercado cercano.  
Nunca voy a volver allí de nuevo.",-,Viaje de ocio | Familia con niños pequeños | Estudio | Estancia de 2 noches | Enviado por móvil,13 comentarios,España
BilbaoMuseo,Escrito en 20 de octubre de 2025,"8,0",Anónimo,"Hechamos en falta algunos utensilios de cocina, como unas tijeras o un cuchillo para poder cocinar en la cocina. En el baño, no teníamos jabón de cuerpo.","La ubicación era perfecta, las instalaciones limpias y muy comodo.",Viaje de ocio | Grupo | Estudio | Estancia de 2 noches | Enviado por móvil,2 comentarios,España
BilbaoMuseo,Escrito en 24 de diciembre de 2025,"8,0",Clara,,,Viaje de ocio | Familia con niños pequeños | Estudio | Estancia de 3 noches | Enviado por móvil,,
BilbaoMuseo,Escrito en 20 de diciembre de 2025,"9,0",Cecilia,,,Viaje de ocio | Familia con niños pequeños | Estudio | Estancia de 2 noches | Enviado por móvil,,
BilbaoMuseo,Escrito en 12 de diciembre de 2025,10,Alberto,,,Viaje de ocio | Persona que viaja sola | Apartamento de 1 dormitorio | Estancia de 3 noches | Enviado por móvil,,
BilbaoMuseo,Escrito en 15 de diciembre de 2023,"9,0",Ana,,,Viaje de negocios | Grupo | Estudio | Estancia de 1 noche,,
BilbaoMuseo,Escrito en 5 de octubre de 2023,10,Ana,,,Viaje de negocios | Grupo | Apartamento de 1 dormitorio | Estancia de 1 noche | Enviado por móvil,,
BilbaoMuseo,Escrito en 20 de septiembre de 2023,10,Santceloni,,,Familia con niños pequeños | Estudio | Estancia de 1 noche | Enviado por móvil,,
BilbaoMuseo,Escrito en 17 de septiembre de 2023,10,Edita,,,Viaje de ocio | Familia con niños pequeños | Estudio | Estancia de 1 noche | Enviado por móvil,,
BilbaoMuseo,Escrito en 7 de septiembre de 2023,"9,0",Manolo,,,Viaje de ocio | Familia con niños pequeños | Estudio | Estancia de 1 noche,,
BilbaoMuseo,Escrito en 5 de septiembre de 2023,"8,0",Tomás,,,Viaje de ocio | Grupo | Estudio | Estancia de 2 noches,,
BilbaoMuseo,Escrito en 30 de agosto de 2023,"9,0",Nicolás,,,Viaje de ocio | Familia con niños pequeños | Estudio | Estancia de 2 noches | Enviado por móvil,,
BilbaoMuseo,Escrito en 28 de agosto de 2023,"9,0",Beatriz,,,Viaje de ocio | Grupo | Estudio | Estancia de 3 noches,,
BilbaoMuseo,Escrito en 31 de julio de 2023,10,Estefania,,,Viaje de ocio | Familia con niños pequeños | Estudio | Estancia de 1 noche | Enviado por móvil,,
BilbaoMuseo,Escrito en 21 de julio de 2023,"8,0",Maria,,,Viaje de ocio | Familia con niños pequeños | Estudio | Estancia de 2 noches | Enviado por móvil,,
BilbaoMuseo,Escrito en 7 de julio de 2023,"9,0",Paula,,,Viaje de ocio | Familia con niños pequeños | Estudio | Estancia de 2 noches,,
BilbaoMuseo,Escrito en 6 de julio de 2023,10,Victoria,,,Viaje de ocio | Familia con niños pequeños | Estudio | Estancia de 1 noche | Enviado por móvil,,
BilbaoMuseo,Escrito en 29 de junio de 2023,"8,0",Joaquina,,,Viaje de ocio | Familia con niños pequeños | Apartamento de 1 dormitorio | Estancia de 1 noche | Enviado por móvil,,
BilbaoMuseo,Escrito en 28 de junio de 2023,10,Alba,,,Viaje de ocio | Pareja | Estudio | Estancia de 1 noche | Enviado por móvil,,
BilbaoMuseo,Escrito en 25 de junio de 2023,"9,0",Ines,,,Viaje de ocio | Grupo de amigos | Estudio | Estancia de 1 noche | Enviado por móvil,,
BilbaoMuseo,Escrito en 23 de junio de 2023,10,Teresa,,,Viaje de ocio | Familia con niños pequeños | Estudio | Estancia de 1 noche | Enviado por móvil,,
BilbaoMuseo,Escrito en 23 de junio de 2023,"8,0",Lidia,,,Viaje de ocio | Familia con niños pequeños | Estudio | Estancia de 1 noche,,
BilbaoMuseo,Escrito en 20 de junio de 2023,"7,0",Franxiscote,,,Viaje de ocio | Grupo de amigos | Estudio | Estancia de 1 noche | Enviado por móvil,,
BilbaoMuseo,Escrito en 17 de junio de 2023,10,Mar,,,Viaje de ocio | Grupo | Estudio | Estancia de 1 noche | Enviado por móvil,,
BilbaoMuseo,Escrito en 4 de junio de 2023,"9,0",Arantxa,,,Viaje de ocio | Familia con niños pequeños | Estudio | Estancia de 2 noches | Enviado por móvil,,
BilbaoMuseo,Escrito en 1 de junio de 2023,10,García,,,Viaje de ocio | Familia con niños pequeños | Estudio | Estancia de 1 noche | Enviado por móvil,,
BilbaoMuseo,Escrito en 31 de mayo de 2023,"8,0",Gaspar,,,Viaje de ocio | Familia con niños pequeños | Estudio | Estancia de 2 noches | Enviado por móvil,,
BilbaoMuseo,Escrito en 30 de mayo de 2023,10,Lyuben,,,Familia con niños pequeños | Estudio | Estancia de 1 noche | Enviado por móvil,,
BilbaoMuseo,Escrito en 24 de mayo de 2023,"8,0",Conde,,,Viaje de ocio | Familia con niños pequeños | Apartamento de 1 dormitorio | Estancia de 2 noches | Enviado por móvil,,
BilbaoMuseo,Escrito en 15 de mayo de 2023,"8,0",Baena,,,Viaje de ocio | Familia con niños pequeños | Estudio | Estancia de 3 noches | Enviado por móvil,,
BilbaoLaVieja,Escrito en 2 de enero de 2026,"8,0",Julia,Lo malo que es para aparcar,La cama y los muebles  y la ducha,Familia con niños pequeños | Apartamento de 2 dormitorios | Estancia de 1 noche | Enviado por móvil,12 comentarios,Brasil
BilbaoLaVieja,Escrito en 29 de diciembre de 2025,"9,0",Margarita,,Está muy cerca andando de la zona de la ría y la atención es inmediata a las consultas y dudas vía email o teléfono. Estuvimos cómodos y bien en los apartamentos que cogimos.,Viaje de ocio | Familia con niños pequeños | Apartamento con terraza | Estancia de 2 noches | Enviado por móvil,,
BilbaoLaVieja,Escrito en 25 de diciembre de 2025,"9,0",Londoño,"No me gustó el vecindario en el que estaba ubicado, parecía un poco peligroso de noche","La habitación era excepcional, con una buena vista desde la terraza y completa.",Viaje de ocio | Grupo | Apartamento con terraza | Estancia de 1 noche | Enviado por móvil,2 comentarios,España
BilbaoLaVieja,Escrito en 19 de diciembre de 2025,"8,0",Jon,La ubicación es un poco chunga. Me dió por ir andando hasta el centro y en esas calles vi peleas y policías. No es una buena zona,Sencilla y cómoda para pasar una noche,Familia con niños pequeños | Estudio | Estancia de 1 noche | Enviado por móvil,9 comentarios,España
BilbaoLaVieja,Escrito en 11 de diciembre de 2025,"9,0",Jaime,No hay zona gratuita para aparcar cerca pero no sale muy caro el estacionamiento.,"El apartamento estaba muy limpio y nuevo. Se encuentra en buena zona, cerca del centro.",Viaje de ocio | Grupo | Apartamento de 2 dormitorios | Estancia de 1 noche,1 comentario,España
BilbaoLaVieja,Escrito en 8 de diciembre de 2025,"8,0",Selva,Las subidas ( de las calles y escaleras) para poder llegar caminando,Tiene en 20 m cuadrados todo lo necesario para estar confortable,Viaje de ocio | Pareja | Estudio | Estancia de 2 noches | Enviado por móvil,25 comentarios,España
BilbaoLaVieja,Escrito en 19 de noviembre de 2025,"9,0",Anna,,"La ubicación es perfecta, estabamoa a 10 minutos andando del centro del casco viejo de Bilbao y al igual del rio Nervion, una maravilla.
Dentro del estudio fue todo perfecto, esta bien equipado para cocinar, lavar... sin necesidad de moverse del estudio",Viaje de ocio | Pareja | Estudio | Estancia de 5 noches | Enviado por móvil,,
BilbaoLaVieja,Escrito en 27 de octubre de 2025,"8,0",Lorena,"El sofá cama muy incómodo. Y se fue la luz unas cuantas veces por la tarde noche al igual que a los vecinos de al lado. 
Además no nos dejaron papel higiénico en ningún baño, por lo demás bien estaba muy limpio y cuidado todo.",Estaba muy limpio todo y nuevas las instalaciones. Fuimos 6 personas y la perrita y el apartamento era amplio.,Viaje de ocio | Grupo | Apartamento de 2 dormitorios | Estancia de 1 noche | Enviado por móvil,5 comentarios,España
BilbaoLaVieja,Escrito en 5 de octubre de 2025,"7,0",Maria,Sofá cama no es cómodo para dormir,"Muy buena ubicación y servicios, muy limpio , todo muy completo , el sofá cama no es cómodo , las camas de las habitaciones muy bien",Viaje de ocio | Familia con niños pequeños | Apartamento de 2 dormitorios | Estancia de 1 noche | Enviado por móvil,9 comentarios,España
BilbaoLaVieja,Escrito en 25 de agosto de 2025,"8,0",Cristina,"Para llegar con maletas andando, la zona está en cuesta. Pero el apartamento tiene ascensor y es cómodo.",Es cómodo y muy limpio.,Viaje de ocio | Grupo de amigos | Apartamento de 2 dormitorios | Estancia de 1 noche | Enviado por móvil,10 comentarios,España
BilbaoLaVieja,Escrito en 13 de agosto de 2025,"9,0",Alberto,Al ser un estudio se quedaba un poco pequeño para dos personas y una mascota.,"Limpio,bien aprovechado el espacio y bien ubicado",Viaje de ocio | Familia con niños pequeños | Estudio | Estancia de 2 noches | Enviado por móvil,25 comentarios,España
BilbaoLaVieja,Escrito en 20 de julio de 2025,"8,0",M,El sofá cama es horrible como sofá. Como cama no lo probamos. Está en el borde de una zona un poco regular con mucha inmigración.,"Tiene un par de supermercados alrededor, en pocos minutos a pie tienes el Mercado de la Ribera y el casco viejo, y también al otro lado el Bilbao Arena.",Viaje de ocio | Familia con niños pequeños | Apartamento de 2 dormitorios | Estancia de 6 noches | Enviado por móvil,11 comentarios,España
BilbaoLaVieja,Escrito en 14 de julio de 2025,"7,0",Isabel,"El sofá cama era horrible, imposible dormir en él. La localización es buena pero no el barrio en el q se encuentra. Vimos una pelea con barra de metal, gritos, vecinos tirando basura a la calle.....hay q tener cuidado por la zona","Apartamento limpio y cerca del centro,bien equipado",Viaje de ocio | Familia con niños pequeños | Apartamento de 2 dormitorios | Estancia de 4 noches | Enviado por móvil,12 comentarios,España
BilbaoLaVieja,Escrito en 29 de junio de 2025,"7,0",Marta,El sofá-cama es un poco incómodo,,Viaje de ocio | Grupo de amigos | Apartamento de 2 dormitorios | Estancia de 1 noche | Enviado por móvil,19 comentarios,España
BilbaoLaVieja,Escrito en 24 de junio de 2025,"9,0",Alejandro,Lo complicado de aparcar si vienes con coche,Todo correcto buena ubicación,Familia con niños pequeños | Estudio | Estancia de 2 noches | Enviado por móvil,20 comentarios,España
BilbaoLaVieja,Escrito en 11 de junio de 2025,"7,0",Francisca,No tenía platos para poder comer y las instalaciones estaban sucias.,Comodidad,Viaje de ocio | Pareja | Estudio | Estancia de 1 noche | Enviado por móvil,7 comentarios,España
BilbaoLaVieja,Escrito en 9 de junio de 2025,"7,0",Pablo,"el sofa cama muy malo, siendo 4 personas solo nos dejaron 2 capsulas de cafe",me gusto que hayan considerado los perritos que al final no los lleve.pero habian preparado todo,Viaje de ocio | Grupo | Apartamento de 2 dormitorios | Estancia de 1 noche,9 comentarios,Panamá
BilbaoLaVieja,Escrito en 22 de mayo de 2025,"8,0",Almudena,Las sartenes que tenían no eran aptas para la vitro y no pudimos cocinar,La limpieza y la ubicación,Viaje de ocio | Grupo | Apartamento de 2 dormitorios | Estancia de 2 noches,19 comentarios,España
BilbaoLaVieja,Escrito en 18 de mayo de 2025,"7,0",Mónica,Ubicación y poco sitio para aparcar,"Limpieza del apartamento.
Habitaciones amplias y 2 baños",Viaje de ocio | Familia con niños pequeños | Apartamento de 2 dormitorios | Estancia de 1 noche | Enviado por móvil,13 comentarios,España
BilbaoLaVieja,Escrito en 1 de mayo de 2025,"9,0",Marina,Las almohadas,"La limpieza 
La localización 
Los detalles de regalo
La gestión de check in y check out",Viaje de ocio | Familia con niños pequeños | Apartamento de 2 dormitorios | Estancia de 1 noche | Enviado por móvil,4 comentarios,España
BilbaoLaVieja,Escrito en 30 de marzo de 2025,"7,0",Marina,"El sofá cama era MUY incomodo, y las camas no tanto pero tambien",,Viaje de ocio | Grupo | Apartamento con terraza | Estancia de 2 noches | Enviado por móvil,8 comentarios,España
BilbaoLaVieja,Escrito en 17 de marzo de 2025,"8,0",José,Sofá cama no lo recomiendo.,"Es un piso funcional para hacer turismo de ciudad y la entrada es autónoma.
Habitaciones cómodas pero el sofá cama no lo recomiendo",Viaje de ocio | Grupo de amigos | Apartamento de 2 dormitorios | Estancia de 1 noche | Enviado por móvil,57 comentarios,España
BilbaoLaVieja,Escrito en 6 de marzo de 2025,"9,0",Esmeralda,,"Apartamento cómodo, camas muy cómodas. Estaba todo limpio y está ubicado muy cerca del casco viejo.",Viaje de ocio | Familia con niños pequeños | Apartamento de 2 dormitorios | Estancia de 1 noche | Enviado por móvil,,
BilbaoLaVieja,Escrito en 1 de marzo de 2025,"9,0",Francisco,Todo nos gustó.,Su limpieza y comodidad.,Viaje de ocio | Familia con niños pequeños | Apartamento de 2 dormitorios | Estancia de 6 noches | Enviado por móvil,8 comentarios,España
BilbaoLaVieja,Escrito en 15 de febrero de 2024,"9,0",Esther,"El colchón por ser un sofá cama, se hundía un poco por el centro. Con respecto a la ubicación, no está mal pero mejor ir acompañado.",La limpieza y la funcionalidad.,Viaje de ocio | Grupo de amigos | Estudio | Estancia de 3 noches | Enviado por móvil,9 comentarios,España
BilbaoLaVieja,Escrito en 14 de febrero de 2024,"9,0",Gemma,,"La ubicación del piso, la limpieza,",Viaje de ocio | Familia con niños pequeños | Apartamento de 2 dormitorios | Estancia de 3 noches | Enviado por móvil,,
BilbaoLaVieja,Escrito en 26 de enero de 2024,"7,0",Martín,"No está preparado para una tercera persona, el sillón cama  me ha dejado una lumbalgia ya que no es adecuado para dormir, parecía una hamaca, ni hay enchufes para la cafetera aunque ofrecen café de cortesía, no hay azúcar ni básicos en absoluto. De resto todo correcto, por favor no ofrezcan a una tercera persona este apartamento, dormir fue un sufrimiento.",Es espacioso y limpio,Viaje de ocio | Familia con niños pequeños | Apartamento con terraza | Estancia de 1 noche | Enviado por móvil,14 comentarios,España
BilbaoLaVieja,Escrito en 14 de enero de 2024,"7,0",Rebeca,,"El personal genial, tuvieron un problema en el edificio y nos reubicaron con bastante rapidez y con las necesidades que solicitabamos. Volveremos seguro!",Pareja | Estudio | Estancia de 2 noches | Enviado por móvil,,
BilbaoLaVieja,Escrito en 13 de enero de 2024,"9,0",Elba,En esta época de invierno creo que no necesitaba aire acondicionado.,"Muy acogedor, limpio, cálido.",Viaje de ocio | Familia con niños pequeños | Apartamento de 2 dormitorios | Estancia de 1 noche | Enviado por móvil,1 comentario,España
BilbaoLaVieja,Escrito en 8 de enero de 2024,"8,0",Fuster,,"La ubicación, la limpieza, la decoración y el detalle de bienvenida",Viaje de ocio | Familia con niños pequeños | Apartamento de 2 dormitorios | Estancia de 1 noche | Enviado por móvil,,
BilbaoLaVieja,Escrito en 7 de enero de 2024,"7,0",Anna,"El sofa cama muy incomodo, y pedimos que nos arreglaran la calefaccion i no vino nadie.
Ubicacion buena porque esta al lado del centro, pero la calle era el limite entre un barrio bien y un barrio muy xungo. Si ibas para la calle de atras, ningun problema, pero una calle abajo habia unos bares dedicados a prostitucion, calles muy dejadas...","Muy acojedor, facil de llegar, comodo el no llevar llave y llevarla en el movil. Atentos",Viaje de ocio | Pareja | Estudio | Estancia de 4 noches | Enviado por móvil,18 comentarios,España
BilbaoLaVieja,Escrito en 17 de diciembre de 2023,"9,0",Cristina,Sofa cama algo Incomodo,"Localización
Decoración 
No ruidos
Bien climatizado
Cuartos grandes",Viaje de ocio | Familia con niños pequeños | Apartamento de 2 dormitorios | Estancia de 1 noche | Enviado por móvil,63 comentarios,España
BilbaoLaVieja,Escrito en 14 de diciembre de 2023,"7,0",Natalia,"Aparcar es complicado. El colchón del sofá cama era blandito y fino, te tumbabas y tocabas el fondo.. Sin embargo, sin duda lo peor fue el personal de limpieza, concretamente una de ellas, no hubo educación ni respeto a la hora del check-out, sintiéndonos muy violentos al irnos de allí..","Está cerca de la zona de bares, aunque en un barrio un poco complicado.. Las instalaciones y el detalle de bienvenida también estaban bien.",Viaje de ocio | Grupo de amigos | Apartamento con terraza | Estancia de 1 noche | Enviado por móvil,33 comentarios,España
BilbaoLaVieja,Escrito en 13 de diciembre de 2023,"9,0",Esther,"La primera noche recibimos un correo electrónico del hotel a través de Booking en el que se nos pedía pagar mediante la compra de criptomonedas, cuando la reserva ya estaba pagada. Tuve que comprobarlo. ¡Cuidado!",Tenía todo aquello necesario para una estancia corta.,Viaje de ocio | Familia con niños pequeños | Apartamento de 2 dormitorios | Estancia de 2 noches | Enviado por móvil,109 comentarios,España
BilbaoLaVieja,Escrito en 11 de diciembre de 2023,"8,0",Maria,El sofá cama un poco incómodo y el barrio no parecía muy seguro aunque no tuvimos problemas,"La limpieza, que tuviera dos baños, la comodidad y la cercanía al centro.",Viaje de ocio | Familia con niños pequeños | Apartamento de 2 dormitorios | Estancia de 3 noches,5 comentarios,España
BilbaoLaVieja,Escrito en 5 de diciembre de 2023,"8,0",Pamela,Que no habían suficientes mantas para los 4 que éramos pero a pesar de este percance me puse en contacto con el propietario y me soluciono el problema asi que nada perfecto todo,Que estaba limpio,Viaje de ocio | Grupo de amigos | Apartamento de 2 dormitorios | Estancia de 1 noche | Enviado por móvil,12 comentarios,España
BilbaoLaVieja,Escrito en 5 de diciembre de 2023,"9,0",Guillem,"Por decir algo, el sofacama un poco incomodi. Marmara y alcachofa ducha deterioradas","Apartaments muy moderno, buenas instalaciones, muy limpio",Viaje de ocio | Grupo de amigos | Apartamento de 2 dormitorios | Estancia de 1 noche | Enviado por móvil,35 comentarios,España
BilbaoLaVieja,Escrito en 2 de diciembre de 2023,"7,0",Ly,"La ubicación, barrio raro 
El sofá estaba roto el relleno",Las habitaciones,Viaje de ocio | Familia con niños pequeños | Apartamento de 2 dormitorios | Estancia de 3 noches | Enviado por móvil,8 comentarios,España
BilbaoLaVieja,Escrito en 2 de noviembre de 2023,"8,0",Bea,,Muy recomendable,Viaje de ocio | Grupo | Apartamento de 2 dormitorios | Estancia de 1 noche | Enviado por móvil,,
BilbaoLaVieja,Escrito en 29 de octubre de 2023,"9,0",Adjelevi,Me gusto todo,"Limpio, acogedor, tranquilidad y muy cómodo",Viaje de ocio | Pareja | Estudio | Estancia de 2 noches | Enviado por móvil,9 comentarios,España
BilbaoLaVieja,Escrito en 15 de octubre de 2023,"8,0",Lizz,"No habían escobas para barrer ni suficientes utensilios de limpieza como para trapear los pisos, estuvimos 5 días y fuimos con un bebé de 2 años por lo que los pisos se ensuciaban mucho. Las tazas de café con muy pequeñas",La decoración y el espacio,Viaje de ocio | Familia con niños pequeños | Apartamento de 2 dormitorios | Estancia de 4 noches | Enviado por móvil,3 comentarios,Panamá
BilbaoLaVieja,Escrito en 13 de octubre de 2023,"8,0",Monte,"La ubicación, el barrio es un poco peligroso , y me falto un recepcionista en la entrada .","El apartamento está muy bien las instalaciones , muy moderno y acogedor",Viaje de ocio | Grupo | Apartamento de 2 dormitorios | Estancia de 1 noche | Enviado por móvil,7 comentarios,España
BilbaoLaVieja,Escrito en 1 de octubre de 2023,"7,0",Maria,"Lo peor el sofá cama que  era incomodísimo.
El barrio tampoco me gustó mucho, difícil aparcar.","Estaba limpio y buen tamaño para 4 personas. Pagamos mascota y tuvieron el detalle de dejarle premios, cuencos y cama.",Viaje de ocio | Familia con niños pequeños | Apartamento con terraza | Estancia de 1 noche | Enviado por móvil,31 comentarios,España
BilbaoLaVieja,Escrito en 1 de octubre de 2023,"8,0",Jtr,La alcachofa de la ducha,,Viaje de ocio | Grupo de amigos | Apartamento de 2 dormitorios | Estancia de 3 noches | Enviado por móvil,2 comentarios,España
BilbaoLaVieja,Escrito en 13 de septiembre de 2023,"9,0",Iker,El sofá cama y la ubicación,La tecnología que tenia,Viaje de ocio | Familia con niños pequeños | Apartamento con terraza | Estancia de 1 noche | Enviado por móvil,2 comentarios,España
BilbaoLaVieja,Escrito en 28 de agosto de 2023,"7,0",Julio,"Aunque es un apartamento que se ofrece hasta para 6 personas, el espacio es muy reducido. El sofá cama y colchones no eran muy cómodos. La ubicación, aunque cercana al centro, es un barrio con pinta peligrosa.",Apartamento nuevo y moderno. El sistema de llaves. La ubicación cercana al centro y zona de ocio.,Viaje de ocio | Grupo de amigos | Apartamento de 2 dormitorios | Estancia de 3 noches | Enviado por móvil,37 comentarios,España
BilbaoLaVieja,Escrito en 27 de agosto de 2023,"8,0",Mari,No funcionaba el aire acondicionado y nos pillaron días de mucho calor,Ampliar apartamentos para los 5.,Viaje de ocio | Familia con niños pequeños | Apartamento de 2 dormitorios | Estancia de 1 noche | Enviado por móvil,10 comentarios,España
BilbaoLaVieja,Escrito en 20 de agosto de 2023,"7,0",Ignacio,El ambiente del barrio por la noche no nos ha agradado,"Apartamento moderno, muy completo y cómodo",Viaje de ocio | Familia con niños pequeños | Apartamento de 2 dormitorios | Estancia de 2 noches,44 comentarios,España
BilbaoLaVieja,Escrito en 16 de agosto de 2023,"9,0",Jose,La ubicación.,Estaba limpio y era muy bonito.,Viaje de ocio | Pareja | Estudio | Estancia de 2 noches | Enviado por móvil,4 comentarios,España
BilbaoLaVieja,Escrito en 18 de marzo de 2025,10,Maria,"Inmejorable, no puedo poner ninguna pega a nada.","Inmejorable, no puedo poner ninguna pega a nada.",Viaje de ocio | Grupo | Apartamento de 2 dormitorios | Estancia de 1 noche,17 comentarios,España
BilbaoLaVieja,Escrito en 18 de marzo de 2025,10,Maria,"Inmejorable, no puedo poner ninguna pega a nada.","Inmejorable, no puedo poner ninguna pega a nada.",Viaje de ocio | Grupo | Apartamento de 2 dormitorios | Estancia de 1 noche,17 comentarios,España
BilbaoLaVieja,Escrito en 8 de marzo de 2025,10,Déborah,"Lo más complicado fue aparcar, hay un parking grande cercano pero muy concurrido.","Calidad-precio muy bien.
Mobiliario y estancia muy buena, limpieza óptima, comodidad excelente y todo tipo de servicios en el alojamiento. 
Cercano a bares, supermercados, parques...",Viaje de ocio | Pareja | Apartamento de 2 dormitorios | Estancia de 1 noche | Enviado por móvil,6 comentarios,España
BilbaoLaVieja,Escrito en 26 de febrero de 2025,10,Alberto,Lo más problemático es el aparcamiento.,"Apartamento muy limpio y completo. Baños,dormitorios,etc, todo fenomenal. Está cerca del casco viejo.
Muy buenos detalles para nuestra perra. Muy cerca hay un parque para sacarla.",Viaje de ocio | Familia con niños pequeños | Apartamento de 2 dormitorios | Estancia de 2 noches | Enviado por móvil,25 comentarios,España
BilbaoLaVieja,Escrito en 11 de febrero de 2025,10,Ines,"Estuvimos muy a gusto pero el precio por mascota es excesivo, pagan prácticamente como las personas (20€)","El apartamento está muy bien situado, es super fácil acceder a él y muy cómodo.",Viaje de ocio | Grupo de amigos | Apartamento de 2 dormitorios | Estancia de 2 noches | Enviado por móvil,4 comentarios,España
BilbaoLaVieja,Escrito en 21 de enero de 2025,"4,0",Gabriel,La ubicación del apartamento,,Viaje de ocio | Familia con niños pequeños | Estudio | Estancia de 4 noches | Enviado por móvil,2 comentarios,España
BilbaoLaVieja,Escrito en 8 de enero de 2025,10,Duplat,No hubo ningún problema,"Muy limpio, detalles cuidados, moderno hermoso",Viaje de ocio | Grupo | Apartamento de 2 dormitorios | Estancia de 1 noche | Enviado por móvil,5 comentarios,España
BilbaoLaVieja,Escrito en 27 de diciembre de 2024,"5,0",Marian,"Ubicación cerca del centro pero en una zona un poco marginal. 
Escasez de utensilios de cocina.
Había una cucaracha en la habitación.","Dos baños con ducha, en buen estado aunque una mampara no cierra del todo.",Viaje de ocio | Familia con niños pequeños | Apartamento de 2 dormitorios | Estancia de 3 noches | Enviado por móvil,10 comentarios,España
BilbaoLaVieja,Escrito en 17 de diciembre de 2024,10,García,Nos dejaron un paquete de bienvenida con cosas para 2 personas y eramos 4,"La comodidad (dos baños), la limpieza, la ubicación cerca del casco viejo",Viaje de ocio | Grupo | Apartamento de 2 dormitorios | Estancia de 1 noche | Enviado por móvil,3 comentarios,España
BilbaoLaVieja,Escrito en 8 de diciembre de 2024,"3,0",Fidel,"El apartamento estaba viejo, tuvimos un problema toda la estancia con la puerta del apartamento que no abría, y había que llamar todas las veces a un número, que no siempre contestaba rápido. Decían que lo iban a arreglar cada día y nunca lo hicieron.","Está céntrico pudiendo caminar a cualquier lado desde allí, para grupos no está mal.",Viaje de ocio | Grupo | Apartamento de 2 dormitorios | Estancia de 3 noches | Enviado por móvil,2 comentarios,España
BilbaoLaVieja,Escrito en 29 de octubre de 2024,"1,0",Javier,Un sofá cama en donde es imposible dormir,,Viaje de negocios | Familia con niños pequeños | Estudio | Estancia de 1 noche | Enviado por móvil,2 comentarios,España
BilbaoLaVieja,Escrito en 13 de octubre de 2024,10,Buttervoth,No encuentro nada que no me haga gustado,Que estaba todo cerca,Viaje de ocio | Familia con niños pequeños | Apartamento de 2 dormitorios | Estancia de 1 noche | Enviado por móvil,9 comentarios,España
BilbaoLaVieja,Escrito en 11 de octubre de 2024,"4,0",Antonia,La limpieza pesima,Ubicación barrio regular,Viaje de ocio | Grupo | Apartamento de 2 dormitorios | Estancia de 3 noches | Enviado por móvil,1 comentario,España
BilbaoLaVieja,Escrito en 2 de octubre de 2024,"1,0",Vanesa,la cama. y la ubicación,pues estaba bihnlo malo k tenía er. el sofá. cama. k nos clavamos. los hierros. y. además son poder descansar pork los hierros k se nos llevaban,Viaje de ocio | Pareja | Estudio | Estancia de 3 noches | Enviado por móvil,5 comentarios,España
BilbaoLaVieja,Escrito en 30 de septiembre de 2024,"3,0",De,"El sofá cama era incomodísimo, imposible el descanso",,Viaje de negocios | Pareja | Estudio | Estancia de 2 noches | Enviado por móvil,3 comentarios,España
BilbaoLaVieja,Escrito en 22 de septiembre de 2024,"2,0",Rosa,"Mal ventilado, olía a inquilinos anteriores pese a hacer el chekin a las 15… no funcionaba el aire acondicionado y la solución fue que nos llamasen para venir a repararlo. Después de 3 días y dos noches nos hemos ido y sigue sin funcionar. Creo que si vamos de vacaciones, las reparaciones deberían hacerla entre cliente y cliente y no pretender que perdamos el tiempo los demás. Cobran hasta por entrar antes o salir más tarde pero no bonifican los contratiempos como el mencionado. El apartamento es un sofá cama con un colchón más fino que la almohada… nos llevamos tatuados los hierros del sofá. El barrio de lo peor que nos aconsejaban, nos equivocamos al reservarlo, una pena todo.","En general nada, o únicamente que la finca no es antigua.",Viaje de ocio | Pareja | Estudio | Estancia de 2 noches | Enviado por móvil,55 comentarios,España
BilbaoLaVieja,Escrito en 18 de septiembre de 2024,"6,0",Rodriguez,"No estaba limpia la habitaicon principal, un sobre de preservativo esta aun presenteny muchos defectos de desgaste en el apartamento, desde daños en la mesa de comer cocina y en ambos baños, me reconocieron 10% de la estancia pero estaba con niños y no me parece presentable para la ocasión. Creo que deben revisar los defectos para garantizar una estancia agradable sin inconvenientes",La facilidad para el check in y las llaves,Viaje de ocio | Familia con niños pequeños | Apartamento de 2 dormitorios | Estancia de 3 noches | Enviado por móvil,10 comentarios,España
BilbaoLaVieja,Escrito en 17 de septiembre de 2024,"5,0",Lara,"El barrio inquietante no, lo siguiente, presencia policial constante. Como dicen en otros comentarios usar escaleras de la derecha.
El piso en sí, así asa... se agradece la caja de bienvenida con cápsula de café y agua pero dejaron una (traen 2 capsulas y 2 aguas) y éramos 6 (osea el resto ya se queda sin café haha), el picaporte del baño común esta suelto y del baño sale un olor terrible, aparte de las toallas para los huespedes (peq +grande) podrian dejar tambien toallas para las manos sin tener que usar una pequeña de alguno de los huesped. En el espacio abierto cocina comedor había 5 sillas para la mesa y estaba todo lleno de moscas pequeñas de la comida, ademas, las sartenes están en muy mal estado.
Creo que por la zona en la que está situado es una buena opción aunque el ambiente externo no sea del todo ""comodo"" pero para ello creo que deberían esforzarse más en las comodidades del interior.","Pues la ubicación está bastante bien y el sistema de check in con código se hace muy fácil, las camas también son cómodas.",Viaje de ocio | Grupo de amigos | Apartamento de 2 dormitorios | Estancia de 2 noches | Enviado por móvil,9 comentarios,España
BilbaoLaVieja,Escrito en 6 de septiembre de 2024,"4,0",Tamara,"Menaje cocina muy sucio, muchos mosquitos y moscas, sin toallas suficientes para todos, ubicación pésima (barrio marginal)",Camas comodas,Viaje de ocio | Familia con niños pequeños | Apartamento de 2 dormitorios | Estancia de 2 noches | Enviado por móvil,2 comentarios,España
BilbaoLaVieja,Escrito en 5 de septiembre de 2024,"2,0",Ghalli,"La ubicación es pésima en una de las peores zonas de Bilbao,el sofá cama incómodisimo,las ollas estaban sucias tenían arroz seco,la lavadora ni siquiera estaba enchufada y el cable no llegaba al enchufe,no cambiaron las toallas dos días con las mismas toallas y sábanas",Nada,Viaje de ocio | Familia con niños pequeños | Estudio | Estancia de 2 noches | Enviado por móvil,15 comentarios,España
BilbaoLaVieja,Escrito en 30 de agosto de 2024,"6,0",Jorge,"No hay cama, solo sofá -cama muy incómodo (chirría, te hundes hacia el centro de la cama, mucha facilidad para chocar con los metales que conforman el sofá. Tampoco había escoba. Barrio muy sucio aunque rápidamente llegas al centro.","En general todo se veía bastante moderno, con varios electrodomésticos y bastante bien insonorizado del exterior. Buena potencia de aire acondicionado. Hay un supermercado justo delante del edificio.",Viaje de ocio | Familia con niños pequeños | Estudio | Estancia de 5 noches | Enviado por móvil,12 comentarios,España
BilbaoLaVieja,Escrito en 25 de agosto de 2024,"2,0",Teresa,"La ubicación es la peor zona, no está especificado y creo que es importante. Éramos un grupo de chicas y no se puede andar después del anochecer solas por ahí. La puerta está sucísima. Había una pila de toallas y ropa interior a escasos metros de la calle.","Parece limpio y amplio pero cuando hay 6 personas ahí viviendo, te quedas sin espacio vital para poder pasar un rato agradable.",Viaje de ocio | Grupo | Apartamento de 2 dormitorios | Estancia de 2 noches | Enviado por móvil,19 comentarios,España
BilbaoLaVieja,Escrito en 25 de agosto de 2024,"1,0",Victoria,"la zona es lo peor de Bilbao
peligroso, drogas, gentuza",,Viaje de ocio | Grupo | Apartamento de 2 dormitorios | Estancia de 2 noches | Enviado por móvil,2 comentarios,España
BilbaoLaVieja,Escrito en 21 de agosto de 2024,"5,0",Serna,"Un barrio muy marginal, pocos utensilios de cocina, las sartenes inutilizables y el sofá cama muy incomodo",Cercanía al centro,Viaje de ocio | Familia con niños pequeños | Estudio | Estancia de 5 noches | Enviado por móvil,6 comentarios,España
BilbaoLaVieja,Escrito en 27 de julio de 2023,10,Cristina,La ubicación.,"Era muy bonito, moderno y tecnológico, teníamos una terraza privada, nos encantó la usabilidad del espacio.",Viaje de negocios | Pareja | Apartamento con terraza | Estancia de 1 noche | Enviado por móvil,2 comentarios,España
BilbaoLaVieja,Escrito en 24 de julio de 2023,10,Elena,,Muy buen apartamento y check in y check out comodísimo. Muy atentos a las necesidades de los viajeros.,Viaje de ocio | Grupo | Apartamento de 2 dormitorios | Estancia de 1 noche | Enviado por móvil,,
BilbaoLaVieja,Escrito en 11 de julio de 2023,"4,0",Jose,,"la ubicación horrible, me intentaron atracar 2 veces y hay muy mal ambiente",Viaje de ocio | Grupo | Apartamento de 2 dormitorios | Estancia de 4 noches | Enviado por móvil,,
BilbaoLaVieja,Escrito en 5 de julio de 2023,"1,0",Victoria,La cama es tremendamente incomoda,,Viaje de ocio | Pareja | Estudio | Estancia de 1 noche | Enviado por móvil,11 comentarios,España
BilbaoLaVieja,Escrito en 2 de julio de 2023,"6,0",Maria,Viajábamos en grupo y había un sofá-cama para dos de los viajeros y era incómodo,Me gustó que estaba todo muy limpio y unas instalaciones nuevas,Viaje de ocio | Grupo | Apartamento con terraza | Estancia de 1 noche | Enviado por móvil,20 comentarios,España
BilbaoLaVieja,Escrito en 26 de junio de 2023,10,Elflioui,"El personal por el móvil 📵 muy mal 
Quiero mi dinero ya",,Viaje de ocio | Familia con niños pequeños | Apartamento de 2 dormitorios | Estancia de 1 noche | Enviado por móvil,1 comentario,España
BilbaoLaVieja,Escrito en 26 de junio de 2023,"2,0",Christian,"El piso está ubicado en una zona muy peligrosa. 
La policía nos paró de vuelta a casa por la noche para advertirnos de ello.
Varias personas también lo hicieron.
En las calles de la zona había personas de dudosa reputación que te perseguían.
Además, el sofá cama es extremadamente incómodo y el piso muy pequeño.
El checkout era a las 11, pagamos 15€ más para ampliarlo hasta las 2, y entró hasta en 2 ocasiones el personal de limpieza a las 12...
El aire acondicionado tampoco funciona correctamente.
No lo recomendamos.",,Viaje de ocio | Grupo de amigos | Apartamento de 2 dormitorios | Estancia de 2 noches | Enviado por móvil,11 comentarios,España
BilbaoLaVieja,Escrito en 19 de junio de 2023,10,Javiera,"El apartamento estaba un poco caluroso y el aire acondicionado no refrescaba mucho.
El parking está lejos del piso y el acceso no es directo.",Todo muy limpio y cómodo.,Viaje de ocio | Familia con niños pequeños | Apartamento de 2 dormitorios | Estancia de 1 noche | Enviado por móvil,15 comentarios,España
BilbaoLaVieja,Escrito en 13 de junio de 2023,10,Jon,La cama al ser sofá cama no es del todo cómoda,Las facilidades que tenia,Viaje de ocio | Pareja | Estudio | Estancia de 1 noche | Enviado por móvil,3 comentarios,España
BilbaoLaVieja,Escrito en 11 de junio de 2023,"5,0",Ignacio,"Los sofascamas son muy incómodos porque los colchones están hundidos. Cerca de un barrio muy inseguro.",Buena limpieza e instalaciones. Muy cerca del centro andando.,Viaje de ocio | Grupo | Apartamento con terraza | Estancia de 2 noches | Enviado por móvil,2 comentarios,España
BilbaoLaVieja,Escrito en 5 de junio de 2023,"4,0",Haritz,El sofá cama era muy incomodo. Pasamos mala noche.,Íbamos a un concierto en Miribilla y esta muy cerca. El apartamento esta muy nuevo,Viaje de ocio | Pareja | Estudio | Estancia de 1 noche,8 comentarios,España
BilbaoLaVieja,Escrito en 25 de mayo de 2023,"6,0",Maria,La cama. Un sofá cama muy muy incómodo. Totalmente doblado. Horroroso para alguien con problemas de espalda como yo.,La ubicación. Muy cerca del centro y al lado del Bilbao arena.,Viaje de ocio | Grupo | Estudio | Estancia de 1 noche | Enviado por móvil,34 comentarios,España
BilbaoLaVieja,Escrito en 11 de mayo de 2023,10,Ismael,de hecho todo estaba bien solo cambiar el colchón del sofá cama de resto muy bien,me pareció todo muy ordenado y limpio,Viaje de negocios | Familia con niños pequeños | Apartamento de 2 dormitorios | Estancia de 2 noches | Enviado por móvil,4 comentarios,España
BilbaoLaVieja,Escrito en 6 de mayo de 2023,10,Victor,Faltaban vasos y tasas para las personas que eramos y faltaba algo para tender la ropa que se lavaba,La ubicación y el piso muy moderno,Viaje de ocio | Familia con niños pequeños | Apartamento de 2 dormitorios | Estancia de 3 noches | Enviado por móvil,13 comentarios,España
BilbaoLaVieja,Escrito en 10 de abril de 2023,10,Oscarabad,el colchón el sofá cama,el apartamento y la ubicación,Viaje de ocio | Familia con niños pequeños | Apartamento de 2 dormitorios | Estancia de 3 noches | Enviado por móvil,22 comentarios,España
BilbaoLaVieja,Escrito en 6 de abril de 2023,10,Santos,,Situación céntrica y alta tecnología,Viaje de ocio | Grupo de amigos | Apartamento con terraza | Estancia de 1 noche | Enviado por móvil,,
BilbaoLaVieja,Escrito en 7 de marzo de 2023,"1,0",Wendy,no me gusto la ubicación pésima en un lugar muy mal en varias ocasiones en la salida no me sentía segura .,,Viaje de ocio | Pareja | Estudio | Estancia de 7 noches | Enviado por móvil,2 comentarios,España
BilbaoLaVieja,Escrito en 22 de febrero de 2023,10,Marisel,La zona hacia abajo dd noche se rnrsrece,La amplitud y limpieza,Viaje de ocio | Familia con niños pequeños | Apartamento con terraza | Estancia de 1 noche | Enviado por móvil,15 comentarios,España
BilbaoLaVieja,Escrito en 9 de febrero de 2023,"2,0",Pau,"El trato pésimo y denunciable, por empezar en la reserva anterior (2-6 feb), cuando hicimos el check-in en ningún momento nos preguntaron si íbamos con mascota, lo que supusimos que ya estaba todo incluido.Cuando el empleado de limpieza nos repuso papel higiénico, vio las cosas de la mascota y nos aplicaron un cargo de 60€ que debería haberse concretado en el chek-in o anteriormente, puesto que hubiésemos valorado otras opciones.La cosa no acaba ahí cuando al no contestar y aún estando alojados nos dejaron en la calle, anulando el código de acceso al portal/habitación.Para acabar, el día 8 de febrero al hacer el chek-out estipulado a las 11am eran las 11:02 y pedí 5 minutos y recibí una contestación con actitud desagradable por parte de la empleada de la limpieza.En conclusión, mala experiencia, no volvería.",,Con una mascota | Viaje de ocio | Grupo | Estudio | Estancia de 2 noches | Enviado por móvil,22 comentarios,España
BilbaoLaVieja,Escrito en 8 de febrero de 2023,"3,0",Melvin,"El sofá cama era muy incómodo y pequeño.Faltaban muchos utensilios de cocina.La smart TV no funcionaba.",Limpieza y comodidad de acceso,Viaje de ocio | Pareja | Estudio | Estancia de 3 noches | Enviado por móvil,5 comentarios,España
BilbaoLaVieja,Escrito en 20 de enero de 2023,10,González,Nada todo muy 👍,Todo muy limpio . .me pusieron cama para el perro y 2 comederos todo un detalle,Familia con niños pequeños | Apartamento con terraza | Estancia de 3 noches | Enviado por móvil,2 comentarios,España
BilbaoLaVieja,Escrito en 15 de enero de 2023,"6,0",Gema,la zona en la que está ubicada es peligrosa y no se aconseja ir de noche,"esta bastante nuevo, es pequeño pero tiene todo y muy limpio",Viaje de ocio | Grupo | Apartamento de 2 dormitorios | Estancia de 2 noches | Enviado por móvil,33 comentarios,España
BilbaoLaVieja,Escrito en 15 de enero de 2023,10,Irene,"El sofá cama estaba un poco vencido, causando que estuviese muy hundido por la parte central.",La ubicación y lo nuevo y limpio que estaba.,Viaje de ocio | Familia con niños pequeños | Apartamento con terraza | Estancia de 2 noches | Enviado por móvil,4 comentarios,España
BilbaoLaVieja,Escrito en 5 de enero de 2023,"4,0",Fernandez,"La apertura de llave en la aplicacion no funciono nunca, no habia toallas para todos, no habia donde tender la ropa, set de limpieza de la cocina muy justo",,Viaje de ocio | Grupo | Apartamento de 2 dormitorios | Estancia de 3 noches | Enviado por móvil,4 comentarios,España
BilbaoLaVieja,Escrito en 4 de enero de 2023,"6,0",Patricia,"Muchas escaleras para llegar a los apartamentos desde el centro, no avisan de eso, y además en las fotos viene terraza y no hay, el salón es muy pequeño.","Las camas cómodas, tranquilo y cerca del centro",Viaje de ocio | Familia con niños pequeños | Apartamento de 2 dormitorios | Estancia de 2 noches | Enviado por móvil,4 comentarios,España
BilbaoLaVieja,Escrito en 28 de junio de 2024,"8,0",Jéssica,,,Viaje de ocio | Grupo | Apartamento de 2 dormitorios | Estancia de 1 noche | Enviado por móvil,,
BilbaoLaVieja,Escrito en 26 de junio de 2024,"8,0",Laura,,,Viaje de ocio | Familia con niños pequeños | Apartamento de 2 dormitorios | Estancia de 2 noches | Enviado por móvil,,
BilbaoLaVieja,Escrito en 23 de junio de 2024,"9,0",Isolina,,,Grupo de amigos | Apartamento de 2 dormitorios | Estancia de 2 noches | Enviado por móvil,,
BilbaoLaVieja,Escrito en 13 de mayo de 2024,"8,0",María,,,Viaje de ocio | Grupo | Apartamento con terraza | Estancia de 2 noches,,
BilbaoLaVieja,Escrito en 14 de abril de 2024,"9,0",Maria,,,Viaje de ocio | Grupo de amigos | Apartamento de 2 dormitorios | Estancia de 3 noches | Enviado por móvil,,
BilbaoLaVieja,Escrito en 14 de abril de 2024,"9,0",David,,,Viaje de negocios | Grupo | Apartamento de 2 dormitorios | Estancia de 1 noche | Enviado por móvil,,
BilbaoLaVieja,Escrito en 11 de abril de 2024,"8,0",Raul,,,Viaje de ocio | Familia con niños pequeños | Estudio | Estancia de 4 noches | Enviado por móvil,,
BilbaoLaVieja,Escrito en 31 de marzo de 2024,"9,0",Antonio,,,Viaje de ocio | Familia con niños pequeños | Apartamento con terraza | Estancia de 3 noches | Enviado por móvil,,
BilbaoLaVieja,Escrito en 17 de marzo de 2024,"7,0",Irune,,,Familia con niños pequeños | Estudio | Estancia de 1 noche | Enviado por móvil,,
BilbaoLaVieja,Escrito en 17 de marzo de 2024,"7,0",Adriana,,,Viaje de negocios | Pareja | Estudio | Estancia de 1 noche | Enviado por móvil,,
BilbaoLaVieja,Escrito en 5 de marzo de 2024,"9,0",Carles,,,Viaje de ocio | Familia con niños pequeños | Apartamento de 2 dormitorios | Estancia de 2 noches | Enviado por móvil,,
BilbaoLaVieja,Escrito en 2 de marzo de 2024,"9,0",María,,,Viaje de ocio | Grupo | Apartamento de 2 dormitorios | Estancia de 2 noches,,
BilbaoLaVieja,Escrito en 2 de marzo de 2024,"9,0",Nuria,,,Viaje de ocio | Familia con niños pequeños | Apartamento de 2 dormitorios | Estancia de 1 noche | Enviado por móvil,,
BilbaoLaVieja,Escrito en 1 de marzo de 2024,"8,0",Elena,,,Viaje de ocio | Pareja | Estudio | Estancia de 3 noches,,
BilbaoLaVieja,Escrito en 25 de febrero de 2024,"7,0",Raquel,,,Viaje de ocio | Grupo | Apartamento de 2 dormitorios | Estancia de 3 noches | Enviado por móvil,,
BilbaoLaVieja,Escrito en 23 de febrero de 2024,"8,0",Nathalie,,,Viaje de ocio | Grupo | Apartamento de 2 dormitorios | Estancia de 1 noche | Enviado por móvil,,
BilbaoLaVieja,Escrito en 14 de febrero de 2024,"8,0",Marina,,,Viaje de ocio | Grupo | Apartamento de 2 dormitorios | Estancia de 1 noche | Enviado por móvil,,
BilbaoLaVieja,Escrito en 4 de febrero de 2024,"7,0",Jaimeavila14,,,Viaje de ocio | Grupo de amigos | Apartamento de 2 dormitorios | Estancia de 1 noche | Enviado por móvil,,
BilbaoLaVieja,Escrito en 29 de enero de 2024,"8,0",Isabel,,,Viaje de negocios | Grupo | Apartamento de 2 dormitorios | Estancia de 3 noches,,
BilbaoLaVieja,Escrito en 7 de enero de 2024,"9,0",Juan,,,Viaje de ocio | Pareja | Estudio | Estancia de 1 noche | Enviado por móvil,,
BilbaoLaVieja,Escrito en 2 de enero de 2024,"8,0",Sara,,,Viaje de ocio | Grupo de amigos | Apartamento de 2 dormitorios | Estancia de 1 noche | Enviado por móvil,,
BilbaoLaVieja,Escrito en 23 de diciembre de 2023,"9,0",Juan,,,Viaje de ocio | Grupo | Apartamento con terraza | Estancia de 2 noches | Enviado por móvil,,
BilbaoLaVieja,Escrito en 5 de diciembre de 2023,"8,0",Jose,,,Viaje de negocios | Familia con niños pequeños | Apartamento de 2 dormitorios | Estancia de 1 noche | Enviado por móvil,,
BilbaoLaVieja,Escrito en 27 de noviembre de 2023,"9,0",Daniel,,,Viaje de ocio | Grupo de amigos | Apartamento de 2 dormitorios | Estancia de 1 noche | Enviado por móvil,,
BilbaoLaVieja,Escrito en 23 de noviembre de 2023,"7,0",Anabel,,,Viaje de ocio | Familia con niños pequeños | Apartamento con terraza | Estancia de 1 noche | Enviado por móvil,,
BilbaoLaVieja,Escrito en 11 de enero de 2025,10,Raquel,,,Viaje de ocio | Grupo | Apartamento de 2 dormitorios | Estancia de 1 noche | Enviado por móvil,,
BilbaoLaVieja,Escrito en 8 de enero de 2025,10,Gerard,,,Viaje de negocios | Familia con niños pequeños | Apartamento de 2 dormitorios | Estancia de 1 noche | Enviado por móvil,,
BilbaoLaVieja,Escrito en 5 de enero de 2025,10,Antonio,,,Viaje de ocio | Grupo | Apartamento con terraza | Estancia de 1 noche | Enviado por móvil,,
BilbaoLaVieja,Escrito en 4 de enero de 2025,10,Alexander,,,Viaje de negocios | Familia con niños pequeños | Apartamento de 2 dormitorios | Estancia de 1 noche | Enviado por móvil,,
BilbaoLaVieja,Escrito en 29 de noviembre de 2024,10,Imma,,,Viaje de ocio | Pareja | Estudio | Estancia de 4 noches | Enviado por móvil,,
BilbaoLaVieja,Escrito en 10 de noviembre de 2024,10,Obl,,,Viaje de ocio | Grupo | Apartamento de 2 dormitorios | Estancia de 1 noche | Enviado por móvil,,
BilbaoLaVieja,Escrito en 1 de noviembre de 2024,10,Jennifer,,,Viaje de ocio | Grupo de amigos | Apartamento de 2 dormitorios | Estancia de 1 noche | Enviado por móvil,,
BilbaoLaVieja,Escrito en 27 de octubre de 2024,10,Alvaro,,,Viaje de ocio | Familia con niños pequeños | Estudio | Estancia de 2 noches | Enviado por móvil,,
BilbaoLaVieja,Escrito en 9 de octubre de 2024,"5,0",Madalen,,,Familia con niños pequeños | Estudio | Estancia de 2 noches | Enviado por móvil,,
BilbaoLaVieja,Escrito en 4 de octubre de 2024,10,Sergiu,,,Viaje de negocios | Grupo | Apartamento de 2 dormitorios | Estancia de 3 noches | Enviado por móvil,,
BilbaoLaVieja,Escrito en 6 de septiembre de 2024,10,Ramirez,,,Viaje de ocio | Familia con niños pequeños | Estudio | Estancia de 4 noches | Enviado por móvil,,
BilbaoLaVieja,Escrito en 29 de agosto de 2024,"1,0",Melloul,,,Familia con niños pequeños | Estudio | Estancia de 1 noche | Enviado por móvil,,
BilbaoLaVieja,Escrito en 6 de agosto de 2024,10,Carmen,,,Viaje de ocio | Grupo de amigos | Estudio | Estancia de 3 noches | Enviado por móvil,,
BilbaoLaVieja,Escrito en 16 de junio de 2024,10,Lopez,,,Viaje de ocio | Grupo de amigos | Estudio | Estancia de 1 noche | Enviado por móvil,,
BilbaoLaVieja,Escrito en 4 de mayo de 2024,10,Andrea,,,Viaje de ocio | Grupo | Apartamento de 2 dormitorios | Estancia de 1 noche | Enviado por móvil,,
BilbaoLaVieja,Escrito en 26 de abril de 2024,10,Paula,,,Viaje de ocio | Grupo de amigos | Estudio | Estancia de 1 noche | Enviado por móvil,,
BilbaoLaVieja,Escrito en 10 de abril de 2024,"4,0",Castro,,,Viaje de ocio | Grupo de amigos | Estudio | Estancia de 3 noches | Enviado por móvil,,
BilbaoLaVieja,Escrito en 12 de marzo de 2024,"5,0",Victoria,,,Viaje de ocio | Pareja | Estudio | Estancia de 3 noches | Enviado por móvil,,
BilbaoLaVieja,Escrito en 9 de marzo de 2024,10,Rubén,,,Familia con niños pequeños | Apartamento de 2 dormitorios | Estancia de 1 noche | Enviado por móvil,,
BilbaoLaVieja,Escrito en 3 de marzo de 2024,"6,0",Garcia,,,Viaje de ocio | Grupo de amigos | Apartamento de 2 dormitorios | Estancia de 1 noche | Enviado por móvil,,
BilbaoLaVieja,Escrito en 18 de febrero de 2024,10,Jorge,,,Viaje de ocio | Familia con niños pequeños | Estudio | Estancia de 2 noches | Enviado por móvil,,
BilbaoLaVieja,Escrito en 23 de diciembre de 2023,10,Marina,,,Viaje de ocio | Familia con niños pequeños | Apartamento de 2 dormitorios | Estancia de 2 noches | Enviado por móvil,,
BilbaoLaVieja,Escrito en 9 de diciembre de 2023,10,Cristina,,,Viaje de ocio | Grupo | Apartamento de 2 dormitorios | Estancia de 3 noches | Enviado por móvil,,
BilbaoLaVieja,Escrito en 19 de octubre de 2023,10,Oanca,,,Viaje de ocio | Pareja | Estudio | Estancia de 4 noches | Enviado por móvil,,
BilbaoLaVieja,Escrito en 18 de septiembre de 2023,"5,0",Ana,,,Viaje de ocio | Grupo | Apartamento de 2 dormitorios | Estancia de 2 noches | Enviado por móvil,,
ValenciaAbastos,Escrito en 17 de diciembre de 2025,"8,0",Ana,Capsulas para la cafetera,,Viaje de negocios | Grupo | Apartamento de 2 dormitorios con balcón | Estancia de 1 noche | Enviado por móvil,1 comentario,España
ValenciaAbastos,Escrito en 14 de diciembre de 2025,"8,0",Claudia,El colchón del sofá cama y que no había jabón en la ducha,La limpieza.,Viaje de ocio | Grupo de amigos | Apartamento de 2 dormitorios con balcón | Estancia de 1 noche | Enviado por móvil,9 comentarios,España
ValenciaAbastos,Escrito en 4 de diciembre de 2025,"9,0",Juanjo62,,"La ubicación, la cama y la limpieza",Pareja | Estudio | Estancia de 1 noche | Enviado por móvil,,
ValenciaAbastos,Escrito en 4 de noviembre de 2025,"8,0",Fuentes,Para aparcar está bastante mal y los parking cercanos son muy caros,Todo muy bien,Viaje de ocio | Persona que viaja sola | Estudio | Estancia de 1 noche | Enviado por móvil,2 comentarios,España
ValenciaAbastos,Escrito en 20 de octubre de 2025,"8,0",Karla,,La decoración,Viaje de ocio | Grupo | Apartamento de 2 dormitorios con terraza | Estancia de 1 noche | Enviado por móvil,,
ValenciaAbastos,Escrito en 9 de octubre de 2025,"8,0",María,,la ubicación me encantó,Viaje de ocio | Familia con niños pequeños | Estudio | Estancia de 1 noche,,
ValenciaAbastos,Escrito en 25 de septiembre de 2025,"9,0",Genoveva,"No me gusta tener que hacer todo tan impersonal(entrada y salida),solo a través de una pantalla.","Situación buena,cerca del centro tanto andando como en autobús.El apartamento fenomenal.",Familia con niños pequeños | Estudio | Estancia de 1 noche | Enviado por móvil,10 comentarios,España
ValenciaAbastos,Escrito en 24 de septiembre de 2025,"8,0",Nuria,"Había algunos bichitos, pero supongo por la estación del año. 
El sofá si está algo sucio.","El alojamiento está muy bien en general, cómodo, con buena ubicación. 
Esta última vez que nos hemos quedado nos dieron un kit de bienvenida con cosas básicas como estropajo, balletas  y cosas de limpieza que se agradecen, ya que cogemos un apartamento.",Pareja | Apartamento de 1 dormitorio con terraza | Estancia de 2 noches | Enviado por móvil,16 comentarios,España
ValenciaAbastos,Escrito en 19 de septiembre de 2025,"8,0",Victoria,,Que es pet friendly,Viaje de ocio | Pareja | Estudio | Estancia de 1 noche | Enviado por móvil,,
ValenciaAbastos,Escrito en 9 de septiembre de 2025,"8,0",Carmen,,"Salón/Cocina
Colchon",Viaje de ocio | Grupo de amigos | Apartamento de 2 dormitorios con balcón | Estancia de 2 noches | Enviado por móvil,,
ValenciaAbastos,Escrito en 28 de agosto de 2025,"7,0",Sol,"El aire acondicionado estaba sucio por dentro, tenia moho, al menos por la noche pasamos hasta frio teniendo todo cerrado. 
Se escuchaba mucho el ruido de una habitación a otra
En la habitación habia varias moscas pequeñas y las mesitas de noche estaban sucias. 
Pero el resto bien",La ubicación,Viaje de ocio | Pareja | Estudio | Estancia de 2 noches | Enviado por móvil,2 comentarios,España
ValenciaAbastos,Escrito en 13 de agosto de 2025,"9,0",Maria,,Esta muy bien situado y fue una estancia muy agradable.,Viaje de ocio | Familia con niños pequeños | Apartamento de 2 dormitorios con balcón | Estancia de 1 noche | Enviado por móvil,,
ValenciaAbastos,Escrito en 31 de julio de 2025,"9,0",Ignacio,El sofá cama era un poco incómodo porque se hundía.,Estaba limpio y estaba bien equipado con respecto a lencería de cuartos y baños y equipos de cocina,Viaje de ocio | Familia con niños pequeños | Apartamento de 2 dormitorios con terraza | Estancia de 1 noche | Enviado por móvil,1 comentario,Venezuela
ValenciaAbastos,Escrito en 20 de julio de 2025,"8,0",Iris,El sofá cama para dos personas es incómodo,La llegada autónoma es fácil y respondieron rápido,Viaje de ocio | Grupo | Apartamento de 2 dormitorios con terraza | Estancia de 1 noche | Enviado por móvil,36 comentarios,España
ValenciaAbastos,Escrito en 20 de julio de 2025,"9,0",Gertrudis,"Los alrededores: el personal de las cafeterías cercanas fue muy antipático, al final fui a comprar un refresco y desayuno al supermercado cercano. No recomiendo ir con coche, yo fui en taxi.","La atención del personal, la limpieza y el regalo de agua, café y snack de bienvenida.No llegué a utilizar la ocina, porque la estancia fue muy corta, pero estaba muy completa y limpia. El colchón perfecto también. Hay un alquiler de bicicletas cerca. (Viajo muchísimo y llevo sin dar una puntuación tan alta desde hace siglos...).",Viaje de ocio | Persona que viaja sola | Estudio | Estancia de 1 noche | Enviado por móvil,56 comentarios,Italia
ValenciaAbastos,Escrito en 3 de julio de 2025,"8,0",Pablo,"la posibilidad de entrar antes de la hora,que no estaba disponible...","El desayuno normalito en un bar cercano.No fué lo mejor del mundo..La ubicación está bastante bien. Hay una parada de autobus cerca de la puerta",Viaje de ocio | Grupo | Apartamento de 2 dormitorios con terraza | Estancia de 1 noche,23 comentarios,España
ValenciaAbastos,Escrito en 27 de junio de 2025,"7,0",Alicia,"Ruidoso. El personal del apartamento recoge la ropa sucia a las 12 de la noche arrastrando  unos carros que hacen  un ruido espantoso. Nos despertaron todas las nochesEl colchon  no era muy comodo.",Limpieza,Viaje de ocio | Familia con niños pequeños | Estudio | Estancia de 4 noches | Enviado por móvil,8 comentarios,España
ValenciaAbastos,Escrito en 23 de junio de 2025,"9,0",Javier,El check in fue un poco complicado aunque nos ayudaron por teléfono.,"La estancia era agradable y limpia, amplia y cómoda.",Viaje de ocio | Grupo | Apartamento de 2 dormitorios con balcón | Estancia de 3 noches | Enviado por móvil,9 comentarios,España
ValenciaAbastos,Escrito en 10 de junio de 2025,"7,0",Sebastian,Solicite en dos oportunidades las toallas porque éramos 5 personas y solo dejaron para tres.,La ubicación,Viaje de ocio | Pareja | Apartamento de 2 dormitorios con balcón | Estancia de 1 noche | Enviado por móvil,12 comentarios,Argentina
ValenciaAbastos,Escrito en 1 de junio de 2025,"9,0",Maria,No me parece bien no poder entrar hasta las 15h y q luego tengas q dejarlo a las 11h. Podias entrar antes pero eran 15€ más,"El apartamento estaba muy bien y el sitio tambien. Limpio, cama cómoda.  Al final por una noche me parece caro pero en comparación de otros este era el que estaba mejor de todos.",Pareja | Apartamento de 1 dormitorio con terraza | Estancia de 1 noche | Enviado por móvil,18 comentarios,España
ValenciaAbastos,Escrito en 22 de mayo de 2025,"9,0",Nuria,Solo podría poner una pega y es que había un par de luces fundidas.,"El apartamento estaba muy limpio y bien ubicado, además te dejan un detalle y los productos de lavavajillas son individuales por alojamiento lo cual está muy bien. Además el personal es muy atento a cualquier problema que surja y responden rápido a las dudas.",Grupo de amigos | Apartamento de 2 dormitorios con balcón | Estancia de 1 noche | Enviado por móvil,13 comentarios,España
ValenciaAbastos,Escrito en 28 de abril de 2025,"8,0",Natividad,"Nos dejaron entrar a las 15.00h, sin embargo para salir fue a las 11.00h. Desde mi punto fueron exigentes en este punto, les dijimos de entrar sobre las 13.30 y nos dijeron que teníamos que pagar 15 euros más, lo que me pareció excesivo, teniendo en cuenta el precio que tenía el alojamiento. Las camas no eran muy cómodas. El kit de limpieza me pareció escaso, podrían incluir más pastillas del lavavajillas.","La ubicación es muy buena, el barrio tranquilo y con comercios alrededor. El alojamiento está muy limpio y bien equipado. Las estancias son amplias y con mucha iluminación. Tuvieron el detalle de darnos un pack de bienvenida con patatas, cápsulas de café y agua.",Viaje de ocio | Grupo | Apartamento de 2 dormitorios con terraza | Estancia de 2 noches | Enviado por móvil,9 comentarios,España
ValenciaAbastos,Escrito en 8 de abril de 2025,"9,0",Lucia,,Sitio muy cerca del centro con todas las comodidades y todo el menaje necesario para una muy buena estancia,Viaje de ocio | Pareja | Estudio | Estancia de 2 noches | Enviado por móvil,,
ValenciaAbastos,Escrito en 2 de abril de 2025,"8,0",Alicia,"El sofá cama, éramos dos parejas y nos tocó dormir en un sofá cama muy incómodo","Las habitaciones, todo nuevo",Viaje de ocio | Grupo | Apartamento de 2 dormitorios con balcón | Estancia de 1 noche | Enviado por móvil,19 comentarios,España
ValenciaAbastos,Escrito en 4 de septiembre de 2023,"7,0",Silvia,Lo único que no me gustó es el olor a tuberías que salía del baño. Entiendo que será un problema de instalación pero el olor era muy desagradable y es la única pega que pondría al alojamiento.,"El apartamento que reservé era superior con terraza y la verdad es que era más amplio de lo que imaginaba. Los muebles y en general todas las instalaciones están nuevos y la estancia fue muy práctica. Admiten mascotas y pusieron a mi perro una camita con platos y chuches, cosa que valoramos mucho. La ubicación no es súper céntrica pero el barrio es tranquilo. El proceso de check in/out fue muy sencillo y sin problemas.",Con una mascota | Viaje de ocio | Familia con niños pequeños | Apartamento de 1 dormitorio con terraza | Estancia de 1 noche,31 comentarios,España
ValenciaAbastos,Escrito en 26 de agosto de 2023,"8,0",Cardoso,"Para 2 noches de verano bien, de invierno puede que sea frio y oscuro.","La atención al detalle, aunque no lo pedí me dejaron 2 cunas y la posibilidad de extender la estancia por 3 horas me vino bastante bien.",Viaje de ocio | Familia con niños pequeños | Estudio | Estancia de 2 noches | Enviado por móvil,3 comentarios,España
ValenciaAbastos,Escrito en 20 de julio de 2023,"8,0",Sara,Era un bajo,El apartamento estaba muy bien equipado,Viaje de ocio | Grupo | Estudio | Estancia de 2 noches | Enviado por móvil,11 comentarios,España
ValenciaAbastos,Escrito en 10 de julio de 2023,"7,0",Martha,"Que todo es online, a través de una plataforma, y que si necesitas consultar cualquier cosa hablas con un bot. En la oferta decía que se pagaba en el establecimiento, pero nos cargaron todo a la tarjeta que pusimos al reservar, no vino nadie a cobrarnos. Nos faltó un poco de contacto personal. El hecho que eramos varios, nos obligó a depender que cada uno metiera sus datos en la aplicación y hasta que no lo hiceran todos, no podías obtener la llave, un poco engorroso ese proceso, al igual que la reserva del parking que era extra pero sin embargo no nos dejaba generar código hasta pagarlo.",La ubicación y la limpieza. El precio bastante bueno para ser una reserva de último minuto.,Viaje de ocio | Familia con niños pequeños | Apartamento de 2 dormitorios con terraza | Estancia de 1 noche,29 comentarios,España
ValenciaAbastos,Escrito en 16 de junio de 2023,"8,0",Piedrahita,en los baños se levanta mucho olor a  alcantarillado había que cerrar las puertas de los baños para  no oler,el apartamento muy cómodo y limpio,Viaje de ocio | Familia con niños pequeños | Estudio | Estancia de 1 noche | Enviado por móvil,1 comentario,Estados Unidos
ValenciaAbastos,Escrito en 6 de junio de 2023,"8,0",Linda,Sólo teníamos una llave digital entre los 4.....a lo mejor una explicación más de cómo usar el sistema de interfono...estamos tan acostumbrados a usar una llave normal o una tarjeta😬,Muy cómodo y decorado de muy buen gusto. Todo muy limpio y no nos faltaba nada en la cocina. Detalles para la perrita 👍,Viaje de ocio | Grupo de amigos | Apartamento de 2 dormitorios con terraza | Estancia de 2 noches | Enviado por móvil,65 comentarios,España
ValenciaAbastos,Escrito en 2 de junio de 2023,"9,0",Jonathan,"Ir a coche es complicado ya que aparcar es una odisea. Es una zona céntrica y el tráfico es horrible al igual que aparcar. Aunque de esto no tiene la culpa el alojamiento, volvería en trasporte, está bien comunicado.","La llegada fue bastante simple, el código que te envían por correo dos días antes y fuera. Tuvimos un problema con el código de acceso el segundo día aunque el servicio de Atencion al cliente nos lo resolvió bastante rápido. Viajamos con mascota y nos recibieron con una cama para el perro, dos cuencos para comida y agua y dos bolsas de chuches para el cachorro, todo magnífico. Volvería sin dudarlo",Con una mascota | Viaje de ocio | Pareja | Estudio | Estancia de 2 noches | Enviado por móvil,6 comentarios,España
ValenciaAbastos,Escrito en 6 de mayo de 2023,"8,0",Viviana,falto lavarropa,la ubicación,Viaje de ocio | Pareja | Estudio | Estancia de 3 noches | Enviado por móvil,22 comentarios,Argentina
ValenciaAbastos,Escrito en 12 de abril de 2023,"7,0",Albert,poca ventilacions y ventanas,nuevos y limpios,Viaje de ocio | Pareja | Estudio | Estancia de 3 noches | Enviado por móvil,4 comentarios,España
ValenciaAbastos,Escrito en 9 de abril de 2023,"8,0",Ana,No ver personal,El detalle para la perrita,Viaje de ocio | Pareja | Estudio | Estancia de 1 noche | Enviado por móvil,4 comentarios,España
ValenciaAbastos,Escrito en 1 de abril de 2023,"9,0",Beatriz,"Hay que dejar el apartamento muy temprano, se debería ampliar el horario hasta las 12 o un poquito más si los huespedades lo necesitases. Las 11 es muy temprano.","La accesibilidad al apartamento, te mandan un codigo y accedes sin tener que esperar a los dueños.
Está muy limpio y cuenta con todos los accesorios necesarios tanto de cocina como baño.",Viaje de ocio | Grupo de amigos | Apartamento de 2 dormitorios con balcón | Estancia de 2 noches | Enviado por móvil,13 comentarios,España
ValenciaAbastos,Escrito en 21 de marzo de 2023,"8,0",Mayramoreira,Podría haber café y azúcar sin tener que pagarlos en un kit extra. Creo que vale la pena para mejor experiencia de cliente.,El barrio y la comodidad de acceso al apartamento.,Viaje de ocio | Pareja | Apartamento de 1 dormitorio con terraza | Estancia de 2 noches,66 comentarios,España
ValenciaAbastos,Escrito en 20 de marzo de 2023,"9,0",Gemma,,La ubicación era perfecta,Viaje de ocio | Persona que viaja sola | Estudio | Estancia de 4 noches | Enviado por móvil,,
ValenciaAbastos,Escrito en 19 de marzo de 2023,"8,0",Jaime,,si mucho es ideal,Viaje de ocio | Pareja | Estudio | Estancia de 2 noches | Enviado por móvil,,
ValenciaAbastos,Escrito en 21 de febrero de 2023,"9,0",Яна,Nos dejaron muy poco jabón en la ducha. Se nos acabó en 2 días y no pudimos contactar a nadie para q nos lo resuelven ya q en la página no había esa opción.,Me encantó q el estudio estaba súper limpio y cuidado. Tb la ubicación 😍,Viaje de ocio | Pareja | Estudio | Estancia de 3 noches | Enviado por móvil,12 comentarios,España
ValenciaAbastos,Escrito en 18 de febrero de 2023,"7,0",Alexandra,No iba el agua caliente.,"Limpio, funcional, tal como descrito, fácilmente accesible.",Viaje de negocios | Persona que viaja sola | Estudio | Estancia de 1 noche | Enviado por móvil,18 comentarios,España
ValenciaAbastos,Escrito en 16 de febrero de 2023,"8,0",Cecilia,"El televisor en un lateral de la cama. Muy incómodo de mirar, era uno de los estudios, supongo que en otros espacios puede ser diferente 
La falta de cualquier cajón o mesilla para poder dejar algún efecto personal","Para lo que buscábamos, todo bien",Viaje de ocio | Pareja | Estudio | Estancia de 2 noches | Enviado por móvil,27 comentarios,España
ValenciaAbastos,Escrito en 8 de febrero de 2023,"9,0",Melvin,Que un momento no me cogia el pin de acceso y me lo tuvieron que cambiar,"Instalaciones muy cómodas, limpias y acogedoras, muy buena ubicación.",Viaje de ocio | Familia con niños pequeños | Apartamento de 2 dormitorios con balcón | Estancia de 1 noche | Enviado por móvil,2 comentarios,España
ValenciaAbastos,Escrito en 24 de enero de 2023,"9,0",Margarita,Esperaba que hubiera 2 camas en una de las habitaciones para que mis hijas durmieran juntas. Una durmió en el sofá.,"La ubicación es excelente, bien comunicado y se llega dando un paseo al centro. La decoración del apartamento y la luz natural que entra por los ventanales .lo hace muy agradable.",Viaje de ocio | Grupo de amigos | Apartamento de 2 dormitorios con balcón | Estancia de 2 noches | Enviado por móvil,11 comentarios,España
ValenciaAbastos,Escrito en 22 de enero de 2023,"7,0",Nurihache,No funcionaba el sistema de apertura de la puerta principal y teníamos que llamar por teléfono cada vez que queríamos entrar  para que nos abrieran la puerta.,La cama era muy cómoda y el cuarto de baño muy amplio,Viaje de ocio | Pareja | Estudio | Estancia de 2 noches | Enviado por móvil,3 comentarios,España
ValenciaAbastos,Escrito en 16 de enero de 2023,"7,0",Juana,el sofá cama incomodo,ubicación,Viaje de ocio | Grupo | Apartamento de 2 dormitorios con terraza | Estancia de 1 noche | Enviado por móvil,1 comentario,España
ValenciaAbastos,Escrito en 2 de enero de 2023,"7,0",Beatriz,"que te dejen una cafetera de cápsulas y no lo avisen, nosotros llevábamos un paquete de café y no pudimos tomar café. además poner una TV en por lo menos una de las habitaciones no estaría mal",estaba nuevo y muy limpio,Viaje de ocio | Familia con niños pequeños | Apartamento de 2 dormitorios con terraza | Estancia de 1 noche | Enviado por móvil,10 comentarios,España
ValenciaAbastos,Escrito en 2 de enero de 2026,"6,0",Rebeca,"Lo peor la puerta del balcón de habitación de las niñas no cerraba y no tenía persianas por lo que era muy insegura.
Faltaba mobiliario, demasiado minimalista, resultando incomodo.. Solo unas perchas en cada habitación sin ninguna estantería y yodo quedaba a la vista e insuficiente para más de una noche. En la habitación grande Mesitas pequeñas que no cabe ni cargador y botella de agua. Y la de las niñas no tenía ni una mesa de apoyo.
En la cocina ningún armario o leña para guardar cosas.",Espacioso y ubicación. Es moderno y las camas cómodas. Te dejan 2 almohadas por persona.,Viaje de ocio | Grupo de amigos | Apartamento de 2 dormitorios con terraza | Estancia de 2 noches | Enviado por móvil,4 comentarios,España
ValenciaAbastos,Escrito en 28 de diciembre de 2025,"4,0",Monserrat,"Muy mal olor. Un baño enorme, pero con muy poca luz y sin ninguna estantería para dejar las cosas. El dormitorio muy pequeño, la tele en un lado de la cama no es el mejor sitio....",,Viaje de ocio | Pareja | Estudio | Estancia de 2 noches | Enviado por móvil,3 comentarios,España
ValenciaAbastos,Escrito en 20 de diciembre de 2025,"5,0",Monica,Que me dijieron que tenía aparcamiento u es mentira,Sí muy bonito,Viaje de ocio | Grupo | Apartamento de 2 dormitorios con balcón | Estancia de 2 noches | Enviado por móvil,1 comentario,España
ValenciaAbastos,Escrito en 27 de julio de 2024,10,Miguel,Nada.,El detalle de tener aire acondicionado tanto como en el salón como en habitaciones.,Viaje de ocio | Familia con niños pequeños | Apartamento de 2 dormitorios con balcón | Estancia de 1 noche | Enviado por móvil,11 comentarios,España
ValenciaAbastos,Escrito en 15 de julio de 2024,10,Isis,El sofa y la cama algo incomodos.,la ubicación es lo que mas nos gustó.,Viaje de ocio | Pareja | Apartamento de 1 dormitorio con terraza | Estancia de 1 noche,3 comentarios,España
ValenciaAbastos,Escrito en 30 de junio de 2024,10,Miriam,"Faltaban espejos, ibamos un grupo de 6 personas y una cama de matrimonio en el colchon tenia un hueco y era incomodo a la hora de dormir","Inmueble bonito y moderno, comodo",Viaje de ocio | Grupo | Apartamento de 2 dormitorios con terraza | Estancia de 2 noches | Enviado por móvil,1 comentario,España
ValenciaAbastos,Escrito en 20 de junio de 2024,"1,0",Sonia,"Absolutamente NADA!!!..el apartamento en el que nos instalaron no sé correspondía con ninguna de las fotos que se muestran en Booking. Es engañosa la forma de alquiler, suponía haber alquilado un apartamento de 2 habitaciones y nos instalaron en un estudio que, por supuesto, no sale en ninguna de las fotos de publicidad, si lo hubiese visto desde luego no lo hubiera alquilado. Reclamamos y nadie se responsabilizó por lo que decidimos irnos. También reclamos que nos reembolsaran parte de lo abonado y tampoco lo gestionaron.",,Viaje de ocio | Pareja | Estudio | Estancia de 1 noche | Enviado por móvil,14 comentarios,España
ValenciaAbastos,Escrito en 17 de junio de 2024,10,Aguiar,No hay quejas!,"La habitación muy cómoda y muy limpia!
Muy cerca de todo en Valencia.
Colchón super confortable, la mini cocina es estupenda si quieres comer algo rápido y salir.
Los detalles de ambientador en el baño, botellas de agua, las papas y las cápsulas de café de bienvenida sin duda marcan la diferencia!
Volveremos seguro!!!",Viaje de ocio | Pareja | Estudio | Estancia de 1 noche | Enviado por móvil,3 comentarios,España
ValenciaAbastos,Escrito en 31 de mayo de 2024,"6,0",Ferran,En la reserva decía que era un apartamento con terraza y en nuestro caso había un balcon de una habitación trasera. En las fotos de booking unicamente se observaba una unica foto de una terraza que daba a suponer que era esa y resulta ser que no.,,Viaje de ocio | Familia con niños pequeños | Apartamento de 2 dormitorios con terraza | Estancia de 2 noches,2 comentarios,España
ValenciaAbastos,Escrito en 30 de mayo de 2024,"2,0",Carla,No se correspondía a la foto anunciada. Habían manchas de regla en la cama.En ningún momento se dice que hay que pagar extra por una llave .Caro y malo en definitiva,Nada,Viaje de ocio | Pareja | Estudio | Estancia de 1 noche | Enviado por móvil,7 comentarios,España
ValenciaAbastos,Escrito en 25 de mayo de 2024,"6,0",Ceballos,El colchón estaba muy vencido y usado. Pedí el cambio pero no tuve respuesta,"Buenas ubicación, lindo y seguro el barrio",Viaje de ocio | Pareja | Estudio | Estancia de 5 noches | Enviado por móvil,1 comentario,Argentina
ValenciaAbastos,Escrito en 21 de mayo de 2024,"4,0",Yesika,"No era un apartamento, era una habitación  con una mini cocina, lo q daba al exterior era la puerta y una mini ventana que estaba pegada a la puerta y tanto la puerta como la ventana dan a un patio interior. Las fotos no se corresponden con el apartamento que me tocó. No había limpieza supongo que tendría que pedirla no lo sé, el cambio de toallas tuve que solicitarlo.",El personal era rápido ayudando y contestando a las dudas.,Viaje de ocio | Pareja | Estudio | Estancia de 4 noches | Enviado por móvil,17 comentarios,España
ValenciaAbastos,Escrito en 19 de mayo de 2024,10,Araceli,,"Ubicación y limpieza, muy cómodo y amplio el apartamento, muy atentos y siempre al pendiente. La entrada con el móvil muy cómodo, seguro repetiremos en nuestra próxima visita a Valencia. Calidad precio muy buena",Viaje de ocio | Familia con niños pequeños | Apartamento de 2 dormitorios con balcón | Estancia de 5 noches,,
ValenciaAbastos,Escrito en 16 de mayo de 2024,10,Scarlet,Todo excelente,"El piso está exactamente 
Muy bonito y cómodo 
Impecable",Viaje de ocio | Familia con niños pequeños | Apartamento de 2 dormitorios con balcón | Estancia de 1 noche | Enviado por móvil,6 comentarios,España
ValenciaAbastos,Escrito en 19 de abril de 2024,10,Ricardo,"Por las noches hay mal olor que sube por las tuberías de la ducha, dejamos correr el agua por unos instantes y así se aplacó el olor.",Muy buena atención y la ubicación.,Viaje de ocio | Familia con niños pequeños | Apartamento de 2 dormitorios con terraza | Estancia de 3 noches | Enviado por móvil,3 comentarios,Costa Rica
ValenciaAbastos,Escrito en 4 de abril de 2024,10,Monica,,"Muy limpio, amplio y cerca del centro",Viaje de ocio | Familia con niños pequeños | Apartamento de 2 dormitorios con balcón | Estancia de 1 noche | Enviado por móvil,,
ValenciaAbastos,Escrito en 2 de abril de 2024,10,Leire,La ducha...se salía bastante agua para afuera.,Lo espacioso y cómodo que era.,Viaje de ocio | Familia con niños pequeños | Apartamento de 2 dormitorios con terraza | Estancia de 1 noche | Enviado por móvil,6 comentarios,España
ValenciaAbastos,Escrito en 2 de abril de 2024,"2,0",Maria,No me gusto la habitación con ventanas al patio interior. En las fotos sale muy luminosa y bonita. En realidad es oscura y pequeña. Como 10metros habitación y 10 para baño. Al abrir ventana me pareció inseguro en la planta 0. Sin abrir -falta el aire.,"Me ha gustado el baño limpio y un pac de bienvenida,",Viaje de ocio | Persona que viaja sola | Estudio | Estancia de 3 noches | Enviado por móvil,3 comentarios,España
ValenciaAbastos,Escrito en 29 de marzo de 2024,10,Silvia,,"La facilidad de acceso, la limpieza y la ubicación",Viaje de ocio | Familia con niños pequeños | Apartamento de 2 dormitorios con balcón | Estancia de 1 noche | Enviado por móvil,,
ValenciaAbastos,Escrito en 23 de marzo de 2024,"4,0",Jhoselin,"Que solicitamos una mejora en cuanto a seguridad y no llegó nadie en todo el fin de semana.Estuvimos con la puerta de la terraza abierta todo el fin de semana y la persiana no bajaba, terraza que era compartida con el piso de al lado y se accedía desde una de las habitaciones y si pasaba algo nadie se responsabilizaba, perdimos muchas hora en esperar a que llegara alguien a arreglarlo para que el último día nos dijeran que no llegaría nadie y no ofrecieran cambio ni solución Eso sin contar que tú no sabes quién está en el piso de al lado y que era un primer piso",La ubicación,Viaje de ocio | Grupo | Apartamento de 2 dormitorios con terraza | Estancia de 2 noches | Enviado por móvil,9 comentarios,España
ValenciaAbastos,Escrito en 22 de marzo de 2024,10,Victor,,"Muy buena ubicación, limpieza excelente. Personal muy amable. Totalmente equipado",Viaje de ocio | Grupo de amigos | Apartamento de 2 dormitorios con terraza | Estancia de 2 noches | Enviado por móvil,,
ValenciaAbastos,Escrito en 15 de marzo de 2024,10,Lucía,,"Bien ubicado, limpio y cómodo",Viaje de ocio | Grupo de amigos | Estudio | Estancia de 2 noches | Enviado por móvil,,
ValenciaAbastos,Escrito en 11 de marzo de 2024,10,Marta,"Sólo una pequeña pega, al no haber armarios, sólo se puede colgar la ropa; falta alguna cajonera para poder poner ropa y no tener que dejarla dentro de la metala.","La ubicación es excelente. Está todo nuevo y muy limpio. La única pega es la dificultad para aparcar, aunque hay un parking a 200 metros.",Viaje de ocio | Familia con niños pequeños | Apartamento de 2 dormitorios con balcón | Estancia de 2 noches,21 comentarios,España
ValenciaAbastos,Escrito en 7 de marzo de 2024,"5,0",Sara,"Es la tercera vez que escribo mi opinión en todas las consultas quee habéis hecho y veo que es en balde.
Una noche se fue la luz, había una avería en la bomba de presión, nos tocó esperar media hora en la calle a las 00:00 y se nos atendió bien. Una vez dentro volvió suceder lo mismo y mi pareja que es electricista lo arregló.
Ni unas gracias, ni un detalle, ni nada ..pero ya de antes pagamos por llevar perro y cuando pedí la cama de perro que por previo pago dejáis se me denegó. Gracias a que alguien de personal nos dió.",....,Viaje de negocios | Pareja | Estudio | Estancia de 4 noches | Enviado por móvil,2 comentarios,España
ValenciaAbastos,Escrito en 4 de marzo de 2024,10,Olivia,,"Muy buena zona, apartamento amplio y comodo",Viaje de negocios | Grupo | Apartamento de 2 dormitorios con balcón | Estancia de 1 noche,,
ValenciaAbastos,Escrito en 28 de febrero de 2024,10,Javier,,Apartamento espacioso,Viaje de ocio | Familia con niños pequeños | Apartamento de 2 dormitorios con balcón | Estancia de 2 noches,,
ValenciaAbastos,Escrito en 27 de febrero de 2024,"5,0",Veronica,"Pack de bienvenida solo para 2 personas cuando la reserva se hizo para  4 personas (la verdad esto es un plus que ponen , solo comentarlo).Lo que si tuvimos que llamar mucho, contratamos el parking con ellos, tanto para saber donde estaba el parking, como para dejarlo, pues nos dijeron que dejaban una tarjeta para salir y no fue así, tuvimos que volver a llamar para saber como salir del parking.Por otro lado en la noche se escucha un ruido que molesta, descubrimos que era el calentador que al estar en una pequeña habitación cerrada hace eco y se oye un zumbido.No estaría de más que dejaran unas mantas por si alguien necesita, solo estaba el edredón.La habitación de 2 camas si las abres no hay espacio para salir la persona que duerme dentro, muy pequeña esa habitación para usar las 2 camas individuales.","La ubicación perfecta, zona de muchos bares y restauración, cerca del centro. Apartamentos limpios y con todo lo necesario.",Viaje de ocio | Grupo | Apartamento de 2 dormitorios con balcón | Estancia de 1 noche,10 comentarios,España
ValenciaAbastos,Escrito en 19 de julio de 2025,"8,0",Mireia,,,Viaje de negocios | Persona que viaja sola | Estudio | Estancia de 2 noches | Enviado por móvil,,
ValenciaAbastos,Escrito en 10 de julio de 2025,"8,0",Francisco,,,Familia con niños pequeños | Estudio | Estancia de 2 noches | Enviado por móvil,,
ValenciaAbastos,Escrito en 8 de julio de 2025,"8,0",Cristina,,,Pareja | Estudio | Estancia de 2 noches | Enviado por móvil,,
ValenciaAbastos,Escrito en 3 de julio de 2025,"7,0",Rosa,,,Viaje de ocio | Pareja | Estudio | Estancia de 1 noche | Enviado por móvil,,
ValenciaAbastos,Escrito en 23 de junio de 2025,"9,0",Paula,,,Viaje de ocio | Grupo | Apartamento de 2 dormitorios con balcón | Estancia de 1 noche | Enviado por móvil,,
ValenciaAbastos,Escrito en 16 de junio de 2025,"9,0",Paulino,,,Viaje de ocio | Pareja | Estudio | Estancia de 1 noche | Enviado por móvil,,
ValenciaAbastos,Escrito en 2 de junio de 2025,"8,0",Maria,,,Viaje de ocio | Familia con niños pequeños | Apartamento de 2 dormitorios con balcón | Estancia de 1 noche | Enviado por móvil,,
ValenciaAbastos,Escrito en 29 de mayo de 2025,"8,0",José,,,Viaje de ocio | Pareja | Estudio | Estancia de 1 noche | Enviado por móvil,,
ValenciaAbastos,Escrito en 11 de mayo de 2025,"9,0",Sabina,,,Pareja | Apartamento de 2 dormitorios con balcón | Estancia de 1 noche | Enviado por móvil,,
ValenciaAbastos,Escrito en 30 de marzo de 2025,"9,0",Montserrat,,,Viaje de ocio | Pareja | Estudio | Estancia de 2 noches | Enviado por móvil,,
ValenciaAbastos,Escrito en 13 de marzo de 2025,"9,0",Olga,,,Viaje de ocio | Pareja | Estudio | Estancia de 1 noche | Enviado por móvil,,
ValenciaAbastos,Escrito en 13 de marzo de 2025,"9,0",Iria,,,Viaje de negocios | Grupo | Apartamento de 2 dormitorios con balcón | Estancia de 2 noches | Enviado por móvil,,
ValenciaAbastos,Escrito en 9 de marzo de 2025,"9,0",Maria,,,Viaje de ocio | Grupo | Apartamento de 2 dormitorios con balcón | Estancia de 1 noche | Enviado por móvil,,
ValenciaAbastos,Escrito en 15 de febrero de 2025,"8,0",Maria,,,Viaje de negocios | Pareja | Estudio | Estancia de 1 noche | Enviado por móvil,,
ValenciaAbastos,Escrito en 10 de febrero de 2025,"8,0",Carrizo,,,Viaje de ocio | Pareja | Estudio | Estancia de 1 noche | Enviado por móvil,,
ValenciaAbastos,Escrito en 8 de febrero de 2025,"8,0",Lorena,,,Viaje de ocio | Familia con niños pequeños | Apartamento de 2 dormitorios con balcón | Estancia de 1 noche | Enviado por móvil,,
ValenciaAbastos,Escrito en 27 de enero de 2025,"9,0",Sánchez,,,Viaje de negocios | Persona que viaja sola | Estudio | Estancia de 1 noche,,
ValenciaAbastos,Escrito en 26 de diciembre de 2024,"9,0",Ibertrasa,,,Viaje de negocios | Grupo | Apartamento de 2 dormitorios con terraza | Estancia de 4 noches,,
ValenciaAbastos,Escrito en 18 de diciembre de 2024,"9,0",Montserrat,,,Viaje de negocios | Familia con niños pequeños | Apartamento de 2 dormitorios con balcón | Estancia de 1 noche,,
ValenciaAbastos,Escrito en 1 de noviembre de 2024,"8,0",Samuel,,,Familia con niños pequeños | Estudio | Estancia de 2 noches | Enviado por móvil,,
ValenciaAbastos,Escrito en 25 de octubre de 2024,"9,0",Patricia,,,Pareja | Estudio | Estancia de 4 noches | Enviado por móvil,,
ValenciaAbastos,Escrito en 2 de octubre de 2024,"9,0",Jose,,,Viaje de ocio | Pareja | Estudio | Estancia de 1 noche | Enviado por móvil,,
ValenciaAbastos,Escrito en 16 de septiembre de 2024,"9,0",Fernando,,,Viaje de ocio | Pareja | Estudio | Estancia de 1 noche | Enviado por móvil,,
ValenciaAbastos,Escrito en 9 de septiembre de 2024,"8,0",Ahmed,,,Viaje de negocios | Grupo de amigos | Apartamento de 2 dormitorios con balcón | Estancia de 1 noche | Enviado por móvil,,
ValenciaAbastos,Escrito en 5 de septiembre de 2024,"8,0",Vallcanera,,,Grupo de amigos | Apartamento de 2 dormitorios con balcón | Estancia de 1 noche | Enviado por móvil,,
ValenciaAbastos,Escrito en 8 de septiembre de 2025,10,Roxana,,,Viaje de ocio | Pareja | Estudio | Estancia de 2 noches | Enviado por móvil,,
ValenciaAbastos,Escrito en 4 de septiembre de 2025,10,Eliecer,,,Viaje de ocio | Familia con niños pequeños | Apartamento de 2 dormitorios con balcón | Estancia de 1 noche | Enviado por móvil,,
ValenciaAbastos,Escrito en 7 de agosto de 2025,10,Desi,,,Viaje de ocio | Familia con niños pequeños | Apartamento de 2 dormitorios con balcón | Estancia de 3 noches | Enviado por móvil,,
ValenciaAbastos,Escrito en 8 de julio de 2025,10,Chelo,,,Viaje de ocio | Grupo | Apartamento de 2 dormitorios con balcón | Estancia de 1 noche | Enviado por móvil,,
ValenciaAbastos,Escrito en 16 de junio de 2025,"6,0",José,,,Viaje de ocio | Pareja | Estudio | Estancia de 1 noche | Enviado por móvil,,
ValenciaAbastos,Escrito en 11 de junio de 2025,10,Julia,,,Viaje de negocios | Persona que viaja sola | Estudio | Estancia de 1 noche | Enviado por móvil,,
ValenciaAbastos,Escrito en 6 de junio de 2025,10,Nicolás,,,Viaje de ocio | Familia con niños pequeños | Apartamento de 2 dormitorios con balcón | Estancia de 1 noche | Enviado por móvil,,
ValenciaAbastos,Escrito en 5 de junio de 2025,10,Cristina,,,Viaje de ocio | Familia con niños pequeños | Apartamento de 2 dormitorios con balcón | Estancia de 2 noches | Enviado por móvil,,
ValenciaAbastos,Escrito en 19 de abril de 2025,10,Renato,,,Viaje de negocios | Pareja | Estudio | Estancia de 5 noches | Enviado por móvil,,
ValenciaAbastos,Escrito en 11 de abril de 2025,10,Marta,,,Viaje de negocios | Grupo | Apartamento de 2 dormitorios con balcón | Estancia de 1 noche | Enviado por móvil,,
ValenciaAbastos,Escrito en 5 de abril de 2025,10,Chilli,,,Viaje de ocio | Grupo | Apartamento de 2 dormitorios con balcón | Estancia de 1 noche | Enviado por móvil,,
ValenciaAbastos,Escrito en 23 de marzo de 2025,10,Kattia,,,Viaje de ocio | Familia con niños pequeños | Apartamento de 2 dormitorios con balcón | Estancia de 1 noche | Enviado por móvil,,
ValenciaAbastos,Escrito en 2 de marzo de 2025,10,Juan,,,Viaje de ocio | Grupo de amigos | Apartamento de 2 dormitorios con balcón | Estancia de 2 noches | Enviado por móvil,,
ValenciaAbastos,Escrito en 16 de febrero de 2025,10,Maria,,,Grupo | Apartamento de 2 dormitorios con balcón | Estancia de 1 noche | Enviado por móvil,,
ValenciaAbastos,Escrito en 6 de enero de 2025,10,G,,,Viaje de ocio | Familia con niños pequeños | Apartamento de 2 dormitorios con balcón | Estancia de 3 noches | Enviado por móvil,,
ValenciaAbastos,Escrito en 17 de diciembre de 2024,10,Ortega,,,Viaje de ocio | Pareja | Estudio | Estancia de 1 noche | Enviado por móvil,,
ValenciaAbastos,Escrito en 30 de octubre de 2024,10,Juan,,,Viaje de negocios | Persona que viaja sola | Apartamento de 1 dormitorio con terraza | Estancia de 1 noche | Enviado por móvil,,
ValenciaAbastos,Escrito en 28 de octubre de 2024,10,Smart,,,Viaje de negocios | Grupo | Apartamento de 2 dormitorios con terraza | Estancia de 1 noche,,
ValenciaAbastos,Escrito en 12 de octubre de 2024,10,Guidolin,,,Viaje de ocio | Pareja | Estudio | Estancia de 1 noche | Enviado por móvil,,
ValenciaAbastos,Escrito en 21 de septiembre de 2024,"5,0",Claudia,,,Viaje de ocio | Pareja | Estudio | Estancia de 1 noche | Enviado por móvil,,
ValenciaAbastos,Escrito en 19 de septiembre de 2024,10,Cardona,,,Viaje de ocio | Pareja | Estudio | Estancia de 4 noches | Enviado por móvil,,
ValenciaAbastos,Escrito en 17 de septiembre de 2024,10,Eduardo,,,Viaje de ocio | Pareja | Estudio | Estancia de 1 noche | Enviado por móvil,,
ValenciaAbastos,Escrito en 3 de septiembre de 2024,10,Manufras,,,Viaje de ocio | Pareja | Estudio | Estancia de 1 noche | Enviado por móvil,,
ValenciaAbastos,Escrito en 13 de agosto de 2024,10,Jessica,,,Viaje de ocio | Grupo de amigos | Apartamento de 2 dormitorios con balcón | Estancia de 1 noche | Enviado por móvil,,
ValenciaAbastos,Escrito en 12 de agosto de 2024,10,Edgar,,,Viaje de ocio | Grupo de amigos | Apartamento de 2 dormitorios con balcón | Estancia de 1 noche | Enviado por móvil,,
PamplonaYamaguchi,Escrito en 1 de enero de 2026,"9,0",Ulloa,Nada,Todo nuevo y limpio.,Viaje de ocio | Familia con niños pequeños | Apartamento de 1 dormitorio | Estancia de 4 noches | Enviado por móvil,11 comentarios,España
PamplonaYamaguchi,Escrito en 30 de diciembre de 2025,10,Nora,"El sofá cama, muy incómodo.","Nos alojamos con dos niños muy pequeños, y  fue perfecto. Apartamento nuevo y muy limpio, ubicado al lado de muchos bares, supermercado…apreciamos el silencio por la noche no se oía nada. 
Nosotros reservamos una plaza de parking y un acierto ya que al centro ibamos en coche.",Viaje de ocio | Familia con niños pequeños | Apartamento Deluxe | Estancia de 3 noches | Enviado por móvil,16 comentarios,España
PamplonaYamaguchi,Escrito en 18 de diciembre de 2025,10,Inés,Novtenía escoba ni mantel para comer en la mesa,Muy tranquilo y cómodo.,Viaje de ocio | Pareja | Apartamento de 1 dormitorio | Estancia de 10 noches | Enviado por móvil,8 comentarios,España
PamplonaYamaguchi,Escrito en 15 de diciembre de 2025,"9,0",Jose,La manera de reservar como éramos seis fue algo tediosa pero todo genial,Mucho,Viaje de ocio | Familia con niños pequeños | Apartamento de 2 dormitorios | Estancia de 2 noches | Enviado por móvil,19 comentarios,España
PamplonaYamaguchi,Escrito en 14 de diciembre de 2025,"9,0",Fernando,Un poco apretado el apartamento,Bien ubicado y muy limpio,Viaje de ocio | Familia con niños pequeños | Apartamento de 1 dormitorio | Estancia de 2 noches | Enviado por móvil,16 comentarios,España
PamplonaYamaguchi,Escrito en 14 de diciembre de 2025,"9,0",Gabriel,Pequeño para 4 personas,"La ubicación, el equipamiento y la decoración",Viaje de negocios | Grupo | Apartamento de 1 dormitorio | Estancia de 6 noches,9 comentarios,Argentina
PamplonaYamaguchi,Escrito en 11 de diciembre de 2025,"9,0",Montserrat,Nada,La funcionalidad del apartamento,Pareja | Estudio | Estancia de 1 noche | Enviado por móvil,47 comentarios,España
PamplonaYamaguchi,Escrito en 9 de diciembre de 2025,10,Benja,,Ubicacion muy tranquila y la calidad del apartamento,Viaje de ocio | Pareja | Estudio | Estancia de 5 noches | Enviado por móvil,,
PamplonaYamaguchi,Escrito en 7 de diciembre de 2025,"9,0",Carmen,El sofá cama era incomodo ⁰,"La estética del apartamento, limpio",Grupo de amigos | Apartamento de 2 dormitorios | Estancia de 1 noche | Enviado por móvil,11 comentarios,España
PamplonaYamaguchi,Escrito en 6 de diciembre de 2025,10,Edurne,"Una pequeña pega, el colchón, por lo demás todo de 10.",,Viaje de ocio | Familia con niños pequeños | Apartamento de 1 dormitorio | Estancia de 1 noche | Enviado por móvil,6 comentarios,España
PamplonaYamaguchi,Escrito en 3 de diciembre de 2025,"8,0",Caxarel,hacer todo el check in y check out yo mismo a una perdona mayor es imposible tambien 100%vertual si no lees bien como la hora de salida vence el codigo y te quedas fuera,estudio comodo con habitacion y cama comfort bien equipado,Pareja | Apartamento de 1 dormitorio | Estancia de 1 noche | Enviado por móvil,5 comentarios,España
PamplonaYamaguchi,Escrito en 27 de noviembre de 2025,"9,0",Yanet,"Check in complicado
Falta más utensilios en la cocina",La limpieza y la pulcritud,Viaje de ocio | Pareja | Estudio | Estancia de 1 noche | Enviado por móvil,27 comentarios,España
PamplonaYamaguchi,Escrito en 23 de noviembre de 2025,10,Hernan,Nada,Ubicación y comodidad,Viaje de ocio | Persona que viaja sola | Estudio | Estancia de 8 noches | Enviado por móvil,9 comentarios,Panamá
PamplonaYamaguchi,Escrito en 23 de noviembre de 2025,10,Callupe,Faltaron algunos implementos de cocina como tazones para preparar ensaladas.,Equipamiento.,Viaje de ocio | Pareja | Apartamento de 1 dormitorio | Estancia de 3 noches | Enviado por móvil,1 comentario,Perú
PamplonaYamaguchi,Escrito en 12 de noviembre de 2025,10,Adelina,El sofa cama a mejorar muy incomodo para niño de 13 años.,"Un poco lejos del centro, apartamentl muy bien equipado y nuevo.",Viaje de ocio | Grupo de amigos | Apartamento de 1 dormitorio | Estancia de 4 noches | Enviado por móvil,12 comentarios,España
PamplonaYamaguchi,Escrito en 12 de noviembre de 2025,"9,0",Ivette,"Que no dejaron suficiente papel del baño, 2 rollos a medias para una estancia de 5 dias, no tienen plancha y como concepto de apartamento o apartahotel podrían dejar lo mínimo para cocinar, sal, pimienta y aceite.","Esta super bien ubicada, muy confortable y muy bonitas instalaciones",Viaje de ocio | Persona que viaja sola | Estudio | Estancia de 5 noches | Enviado por móvil,53 comentarios,Estados Unidos
PamplonaYamaguchi,Escrito en 8 de noviembre de 2025,"8,0",Mireia,Que sea todo con tecnología,Todo,Viaje de ocio | Pareja | Estudio | Estancia de 1 noche | Enviado por móvil,2 comentarios,España
PamplonaYamaguchi,Escrito en 5 de noviembre de 2025,"9,0",L,,Todo muy limpio,Viaje de ocio | Pareja | Estudio | Estancia de 7 noches | Enviado por móvil,,
PamplonaYamaguchi,Escrito en 3 de noviembre de 2025,"9,0",Luis,"Las plazas de parking son estrechas, si tu coche es grandes, sufres; pero es verdad que es un problema muy común hoy en día vayas donde vayas al fabricarse hoy en día coches más grandes que antes","El alojamiento en sí y la ubicación, fenomenales",Viaje de ocio | Pareja | Apartamento de 1 dormitorio | Estancia de 2 noches | Enviado por móvil,35 comentarios,España
PamplonaYamaguchi,Escrito en 26 de octubre de 2025,10,Gimena,,"Todo es muy lindo, desde la entrada, no hay recepción. El departamento es muy amplio y comodo, te viene un kit de bienvenida, el lavarropas tiene secadora incluida. Todo muy cómodo y funcionando perfectamente.",Viaje de ocio | Grupo de amigos | Apartamento de 1 dormitorio | Estancia de 1 noche | Enviado por móvil,,
PamplonaYamaguchi,Escrito en 22 de octubre de 2025,10,Maria,,"Perfecto, solo nos alojamos una noche porque fuimos a la clínica universitaria. El apartamento se encuentra a 10 minutos andando.",Pareja | Estudio | Estancia de 1 noche | Enviado por móvil,,
PamplonaYamaguchi,Escrito en 19 de octubre de 2025,"9,0",Ana,Faltaban detergente y trapos de cocina,Comodidad y limpio,Grupo de amigos | Apartamento de 2 dormitorios | Estancia de 1 noche | Enviado por móvil,31 comentarios,España
PamplonaYamaguchi,Escrito en 12 de octubre de 2025,"8,0",Ricardo,Solamente que Se oía ruido por la noche de la calle : coches y gente hablando . Te despertaba . No buena insonorización,"Situación , limpieza , amabilidad del personal",Viaje de ocio | Familia con niños pequeños | Apartamento de 2 dormitorios | Estancia de 1 noche | Enviado por móvil,17 comentarios,España
PamplonaYamaguchi,Escrito en 5 de octubre de 2025,10,Sofía,,"Súper recomendable! Nos encantó, muy cómodo y bien ubicado",Viaje de ocio | Pareja | Estudio | Estancia de 2 noches | Enviado por móvil,,
PamplonaYamaguchi,Escrito en 7 de junio de 2025,"9,0",Gisbert,,.,Viaje de ocio | Pareja | Estudio | Estancia de 3 noches,,
PamplonaYamaguchi,Escrito en 5 de junio de 2025,10,Manuel,,"Las fotos del departamento eran identicas al AirbnbEl departamento estaba impecable, Todo funcionaba bien. Ventanales grandes con mucha luz, y si no te gusta la luz tiene cortina doble.
El baño super limpio, ducha grande con muy buena presión de agua
Como fue el cheking ?:La comunicacion previa con el host fue rapida y siempre fluidaLa entrada fue sin problemas.La Ubicacion espectacular
Volvería a quedarme en este lugar",Viaje de ocio | Grupo | Apartamento de 1 dormitorio | Estancia de 1 noche | Enviado por móvil,,
PamplonaYamaguchi,Escrito en 5 de junio de 2025,"8,0",Pedro,"Poco menaje. Faltan tazas de café y algunos utensilios de cocina, tendedero, escoba, recogedor, mocho y cubo.","Tranquilidad, limpieza y ubicación",Viaje de ocio | Pareja | Estudio | Estancia de 4 noches | Enviado por móvil,8 comentarios,España
PamplonaYamaguchi,Escrito en 31 de mayo de 2025,"8,0",Maria,"Que no tuviese escoba y recogedor.
Y que el sofá- cama no era muy cómodo.","El apartamento tiene todo lo necesario para que una pareja esté cómoda. Tiene lavadora-secadora, lavavajillas lo cual es un punto a favor para pasar varios días.
Aire acondicionado.
La ubicación es perfecta, parada de buses cerca, tiendas, restaurantes y al pie de un parque precioso.
También valoro que la habitación esté separada de la cocina, aunque el espacio sea pequeño.
Tiene parking bajo disponibilidad, 15€ diarios que, aunque parezca caro, sumado al coste del apartamento sigue teniendo un precio razonable.",Viaje de ocio | Pareja | Apartamento de 1 dormitorio | Estancia de 5 noches | Enviado por móvil,6 comentarios,España
PamplonaYamaguchi,Escrito en 29 de mayo de 2025,10,López,Todo perfecto.,El apartamento es acogedor y confortable. Tiene todo lo necesario.,Familia con niños pequeños | Apartamento de 1 dormitorio | Estancia de 1 noche | Enviado por móvil,3 comentarios,España
PamplonaYamaguchi,Escrito en 25 de mayo de 2025,"9,0",Maite,"El sofá cama no era cómodo y menos para dos personas,se hundía en la mitad","La atención del personal tanto vía wathaps,como personal.
Limpieza y estado del apartamento",Viaje de ocio | Grupo de amigos | Apartamento de 1 dormitorio | Estancia de 1 noche | Enviado por móvil,9 comentarios,España
PamplonaYamaguchi,Escrito en 14 de mayo de 2025,10,Manuel,Todo Excelente,Todo Excelente,Viaje de ocio | Familia con niños pequeños | Apartamento de 1 dormitorio | Estancia de 7 noches | Enviado por móvil,15 comentarios,Venezuela
PamplonaYamaguchi,Escrito en 10 de mayo de 2025,"8,0",Ana,El cuarto es limpio y bonito pero no para más de 2 personas a pesar de tener un sillón cama. Los espacios son muy pequeños.,"La ubicación, a 10 minutos caminando de la Universidad de Navarra",Viaje de ocio | Familia con niños pequeños | Apartamento de 1 dormitorio | Estancia de 5 noches | Enviado por móvil,16 comentarios,Perú
PamplonaYamaguchi,Escrito en 6 de mayo de 2025,10,Graziana,El ambientador,Todo,Viaje de ocio | Familia con niños pequeños | Apartamento de 1 dormitorio | Estancia de 1 noche | Enviado por móvil,7 comentarios,España
PamplonaYamaguchi,Escrito en 1 de mayo de 2025,"8,0",Raul,El mando a distancia del TV no tenía pilas. Lo comunique a recepción online y en cuestión de minutos lo arreglaron.,"La ubicación, con vistas al parque. Un apartamento muy moderno. Me tocó el dia del apagón y el personal muy muy atentos a todo. Les felicito.",Grupo de amigos | Apartamento de 1 dormitorio | Estancia de 4 noches | Enviado por móvil,6 comentarios,España
PamplonaYamaguchi,Escrito en 30 de abril de 2025,10,Librada,"Nos liamos un poco con la entrada del aparcamiento, por las indicaciones pero nada con importancia.","Un apartamento muy chulo, nuevo, limpio, sin humo, con todas las comodidades, nos dieron un detalle de bienvenida muy bueno, todo una sorpresa, me encantó el kit de limpieza, todo muy recomendable.",Viaje de ocio | Pareja | Apartamento de 1 dormitorio | Estancia de 2 noches | Enviado por móvil,16 comentarios,España
PamplonaYamaguchi,Escrito en 29 de abril de 2025,10,Ana,"El nuestro no tenía terraza, hubiera sido perfecto con el buen tiempo que tuvimos.","Ubicación perfecta para moverte por toda Pamplona sin vehículo. Ubicado junto a un parque precioso y rodeado de todos los servicios básicos como supermercados y bares, si no quieres mucho jaleo.
Fácil acceso desde el móvil.
Apartamento súper completo, más de lo que esperábamos, moderno y limpio.
Volveremos sin duda!!",Viaje de ocio | Pareja | Apartamento de 1 dormitorio | Estancia de 2 noches | Enviado por móvil,16 comentarios,España
PamplonaYamaguchi,Escrito en 27 de abril de 2025,"9,0",Maria,,"Muy nuevo, limpio, cómodo confortable.
Cafeterías muy cerca para poder desayunar",Viaje de ocio | Familia con niños pequeños | Apartamento de 1 dormitorio | Estancia de 1 noche | Enviado por móvil,,
PamplonaYamaguchi,Escrito en 26 de abril de 2025,10,Pilar,La habitación nos pareció pequeña.,El personal es muy amable. Atendieron rápido lo que pedimos.,Viaje de ocio | Pareja | Apartamento Deluxe | Estancia de 5 noches | Enviado por móvil,14 comentarios,España
PamplonaYamaguchi,Escrito en 24 de abril de 2025,"9,0",Jlzte,No hay consigna para dejar maleta. Check in online muy engorroso. Check out muy pronto. Solo personal presencial por la mañana,Situación. Está nuevo y limpio. Cocina muy equipada,Familia con niños pequeños | Estudio | Estancia de 3 noches | Enviado por móvil,4 comentarios,España
PamplonaYamaguchi,Escrito en 20 de abril de 2025,10,Gustavo,Nada,Todo,Pareja | Apartamento de 1 dormitorio | Estancia de 1 noche | Enviado por móvil,23 comentarios,España
PamplonaYamaguchi,Escrito en 13 de abril de 2025,10,Pilar,"Nada, todo era perfecto","Todo me gustó!!!! La pena es que lo disfrute por o tiempo, pero volveremos para aumentar la experiencia",Viaje de ocio | Grupo | Apartamento de 2 dormitorios | Estancia de 1 noche | Enviado por móvil,9 comentarios,España
PamplonaYamaguchi,Escrito en 9 de abril de 2025,"8,0",Jorge,Poca luz,,Viaje de negocios | Persona que viaja sola | Estudio | Estancia de 3 noches | Enviado por móvil,2 comentarios,España
PamplonaYamaguchi,Escrito en 24 de marzo de 2025,"8,0",Julia,"Para mejorar, en nuestro caso las almohadas, eran muy finas. Y tendrían que cambiar las sartenes.","Alojamiento muy limpio y cómodo. La ubicación perfecta, ubicada en una plaza tranquila y estás cerca de todo. Al lado tienes el parque de Yamaguchi, es precioso y puedes ir con los perretes. Recomendable.",Viaje de ocio | Pareja | Estudio | Estancia de 3 noches | Enviado por móvil,21 comentarios,España
PamplonaYamaguchi,Escrito en 17 de marzo de 2025,10,Paula,"Las almohadas son demasiado bajitas
El gel y champú del baño podría venir por separado","La limpieza, comodidad, luminosidad y ubicación",Viaje de ocio | Pareja | Estudio | Estancia de 2 noches | Enviado por móvil,8 comentarios,España
PamplonaYamaguchi,Escrito en 16 de marzo de 2025,"9,0",Maixa,"Hubo un detalle que nos llamó la atención y no nos gusto. Eramos cinco huéspedes y el kit de bienvenida era únicamente para dos.
2 botellines de agua y 2cápsulas de café....",Apartamento muy luminoso en una zona muy tranquila y bien ubicada.,Viaje de ocio | Grupo de amigos | Apartamento de 2 dormitorios | Estancia de 1 noche | Enviado por móvil,10 comentarios,España
PamplonaYamaguchi,Escrito en 16 de marzo de 2025,"9,0",Donina,,"Lugar cómodo, práctico y nos dejaron un detalle de bienvenida",Con una mascota | Viaje de ocio | Familia con niños pequeños | Apartamento de 1 dormitorio | Estancia de 1 noche | Enviado por móvil,,
PamplonaYamaguchi,Escrito en 11 de marzo de 2025,"9,0",Ruben,El uso de códigos tan largos para la entrada al portal y al parking se hace engorroso y complicado,"Un apartamento amplio, con todo nuevo y bonitas vistas al parque.",Viaje de ocio | Persona que viaja sola | Apartamento de 1 dormitorio | Estancia de 1 noche,22 comentarios,España
PamplonaYamaguchi,Escrito en 10 de marzo de 2025,"9,0",Zuriñe,"No he podido valorar el personal, porque no hay d",,Viaje de ocio | Pareja | Apartamento de 1 dormitorio | Estancia de 1 noche | Enviado por móvil,19 comentarios,España
PamplonaYamaguchi,Escrito en 8 de marzo de 2025,"9,0",Diaz,"Faltaba una escoba y recogedor, en 4 días al final siempre hay que barrer un poco Y alguna pastilla más de lavavajillas","Ubicación. Limpieza Todo muy cómodo y nuevo Vistas a un parque",Viaje de ocio | Familia con niños pequeños | Apartamento de 1 dormitorio | Estancia de 4 noches | Enviado por móvil,5 comentarios,España
PamplonaYamaguchi,Escrito en 10 de octubre de 2024,"9,0",Ito40,"El espacio donde se encuentra la cama un poco reducido, pero más que suficiente.","Para la llegada es posible aparcar en un carga y descarga para dejar las maletas muy próximo a la entrada. El acceso muy cómodo con el código que nos enviaron al correo electrónico. El apartamento está perfectamente equipado y cuenta con todo lo necesario para poder cocinar. Otra opción es acercarse a cualquiera de los establecimientos que se encuentran en la plaza donde se encuentran los apartamentos.El edificio se encuentra rodeado de zonas verdes y comercios. No está próximo al centro. En autobús tardas unos 20 min.El apartamento muy limpio y muy bien cuidado. El baño completo y con buena presión de agua.Bien insonorizados",Viaje de ocio | Pareja | Estudio | Estancia de 1 noche,27 comentarios,España
PamplonaYamaguchi,Escrito en 8 de octubre de 2024,10,Mikel,Faltaba la tele en la habitación y se etxaba de menos,Esta muy bien apañado y todo muy bien y bonito,Pareja | Estudio | Estancia de 1 noche | Enviado por móvil,6 comentarios,España
PamplonaYamaguchi,Escrito en 6 de octubre de 2024,10,Jaime,Nada,Todo la ubicación cerca a todo…,Viaje de negocios | Pareja | Estudio | Estancia de 2 noches | Enviado por móvil,11 comentarios,España
PamplonaYamaguchi,Escrito en 2 de octubre de 2024,10,Judith,El párking cumplió su función pero era ajustado y las plazas muy estrechas,"Me encantó la facilidad de manejarlo todo por la app. En cuanto tuvimos alguna duda, nos atendieron muy amablemente y de manera rápida y eficaz por el chat. Está decorado con mucho gusto y es muy cómodo!",Viaje de ocio | Grupo | Apartamento de 2 dormitorios | Estancia de 2 noches | Enviado por móvil,26 comentarios,España
PamplonaYamaguchi,Escrito en 2 de octubre de 2024,10,Oihane,"Quizá el único aspecto negativo que pudimos notar fue el tema del aparcamiento. Te ofrecen por 15€ la noche uno, pero si eliges no pagarlo, todo el alrededor era zona de OTA y nos fue complicado encontrar sitio.",El apartamento tenía todo lo necesario para pasar una estancia estupenda. Era bastante amplio y las persianas eran automáticas mediante un botón. Las instalaciones estaban muy bien. Relación calidad/precio inmejorable.,Viaje de ocio | Pareja | Apartamento Deluxe | Estancia de 1 noche | Enviado por móvil,12 comentarios,España
PamplonaYamaguchi,Escrito en 1 de octubre de 2024,10,Beatriz,"Todo bien. No está muy cerca del centro, pero se puede llegar dando un paseo.","El apartamento estaba impecable y era muy cómodo. Tenía todo lo necesario, incluido un pequeño kit de limpieza que me pareció muy práctico y que en otros alojamientos del estilo he echado en falta.",Viaje de ocio | Pareja | Estudio | Estancia de 1 noche | Enviado por móvil,38 comentarios,España
PamplonaYamaguchi,Escrito en 30 de septiembre de 2024,"9,0",Alejandro,,Calidad precio,Viaje de ocio | Grupo | Apartamento con terraza | Estancia de 1 noche | Enviado por móvil,,
PamplonaYamaguchi,Escrito en 30 de septiembre de 2024,10,Aintzanejimenez,"En la pared que estaba en frente a la tele del salón estaba llena de bichitos que no sabíamos qué eran, no sabemos si estaban muertos porque no se movían pero era un poco desagradable.","El apartamento era precioso, con el espacio muy bien aprovechado y en una buena ubicación. Te dejan un kit de bienvenida y otro de limpieza que está genial. Tiene muchísima iluminación y está completamente equipado.",Viaje de ocio | Grupo de amigos | Estudio | Estancia de 1 noche | Enviado por móvil,10 comentarios,España
PamplonaYamaguchi,Escrito en 25 de septiembre de 2024,10,Jaime,Todo bien.,La ubicación junto a supermercado bares entre otros.,Viaje de negocios | Persona que viaja sola | Apartamento con terraza | Estancia de 1 noche | Enviado por móvil,11 comentarios,España
PamplonaYamaguchi,Escrito en 23 de septiembre de 2024,10,Alberto,,Todo nuevo y limpio,Viaje de ocio | Grupo | Apartamento de 2 dormitorios | Estancia de 1 noche | Enviado por móvil,,
PamplonaYamaguchi,Escrito en 23 de septiembre de 2024,10,Alejandra,"Me gustó todo pero me equivoqué en la elección del apto porque el apto de una habitación es perfecto  para dos pero éramos cuatro adultos y el espacio  fue justo,deberíamos haber elegido uno más grande.","El edificio,las instalaciones e iluminación, la terraza superior y las vistas,muy buena ubicación. Fácil comunicación con el personal las 24 hrs. El colchón muy cómodo",Grupo de amigos | Apartamento de 1 dormitorio | Estancia de 1 noche | Enviado por móvil,48 comentarios,España
PamplonaYamaguchi,Escrito en 21 de septiembre de 2024,"8,0",Aguilar,"No hay recepción y esto lo hace un poco más complicado, pero es cierto que algún problema que tuvimos con el código de entrada al garaje lo resolvieron rápidamente por teléfono.","La ubicación y todas las comodidades del apartamento, es muy cómodo y práctico y la relación calidad precio está fenomenal. Aire acondicionado muy útil. No conocía esta cadena pero la volveré a buscar.",Viaje de ocio | Grupo | Apartamento con terraza | Estancia de 4 noches,6 comentarios,España
PamplonaYamaguchi,Escrito en 21 de septiembre de 2024,"9,0",Otilia,,"Muy contentos con este alojamiento, tenía todo lo necesario para una estadía cómoda. Bien ubicado, limpio, bonito y moderno. 
Comunicación permanente por wathsapp para recibir ayuda.
Gracias!",Viaje de ocio | Pareja | Estudio | Estancia de 1 noche | Enviado por móvil,,
PamplonaYamaguchi,Escrito en 20 de septiembre de 2024,"8,0",Txeko,"Nuestro apartamento era para 2 personas,no tiene mesa para comer ni sillas,poco menaje de cocina,sofá un poco incomodo.","Apartamento muy limpio,cama cómoda.",Viaje de ocio | Pareja | Estudio | Estancia de 1 noche | Enviado por móvil,2 comentarios,España
PamplonaYamaguchi,Escrito en 17 de septiembre de 2024,"8,0",Josep,"El ruido de coches o no teníamos sillas, i poca información sobre la basura de orgànica y resta, porque los contenedores del ajuntamiento era con tarjeta i no teníamos por lo demás bien",La ubicación sitio perfecto,Viaje de ocio | Familia con niños pequeños | Estudio | Estancia de 6 noches | Enviado por móvil,4 comentarios,España
PamplonaYamaguchi,Escrito en 17 de septiembre de 2024,"9,0",Esther,"La estancia dentro del apartamento fué muy comoda, pero si hubiera algo que cambiar serían las almohadas por unas mas altas, ya que eran como hojas de papel","La ubicación en la zona nueva de Pamplona y a un paseo caminando del casco viejo es genial, ya que te permite conocer no solo la parte turistica de la ciudad.",Viaje de ocio | Pareja | Estudio | Estancia de 3 noches | Enviado por móvil,9 comentarios,España
PamplonaYamaguchi,Escrito en 16 de septiembre de 2024,10,Martinez,"La forma de realizar el Check-In todo atraves del móvil y con código digital.
El horario del Check-out a las 11 , una hora antes de lo habitual.
Los ruidos de los demás apartamentos del edificio","Todo nuevo,  acogedor, el detalle del kit de limpieza con 2 cápsulas de café.
La situación es perfecta para hacer turismo por la ciudad y aceptan mascotas.",Viaje de ocio | Pareja | Estudio | Estancia de 1 noche | Enviado por móvil,4 comentarios,España
PamplonaYamaguchi,Escrito en 16 de septiembre de 2024,"9,0",Miren,"Solo eche de menos azúcar para poder tomar las capsulas de regalo que había.Muchas gracias","me gusto todo mucho.TODO LIMPIO Y NUEVO",Viaje de ocio | Familia con niños pequeños | Apartamento de 1 dormitorio | Estancia de 1 noche,4 comentarios,España
PamplonaYamaguchi,Escrito en 16 de septiembre de 2024,10,Daria,"En nuestro caso viajamos con perro y el precio por animal fue de 20 euros, que es caro.  Pero esto es normal en Pamplona.","Apartamentos limpios y modernos.  Me gustó la cama y los grandes ventanas.  Aparcamiento.  Cerca hay un parque. Se preparó una cama, platos y una bolsa de comida para nuestro perro.  Sí, pagamos por el animal, pero esta atención fue muy linda.",Viaje de ocio | Pareja | Estudio | Estancia de 1 noche | Enviado por móvil,23 comentarios,España
PamplonaYamaguchi,Escrito en 15 de septiembre de 2024,"9,0",Ander,,El apartamento está nuevo y es muy confortable y acogedor. Muy bien equipado y la cama muy cómoda. La ubicación tb muy buena. Nos ha gustado mucho y hemos estado muy a gusto.,Viaje de ocio | Familia con niños pequeños | Apartamento Deluxe | Estancia de 1 noche,,
PamplonaYamaguchi,Escrito en 15 de septiembre de 2024,10,Marta,"El sofá cama era horrible, imposible dormir en el","Todo muy nuevo y muy limpio, súper espacioso y con todo lujo de detalle.",Viaje de ocio | Familia con niños pequeños | Apartamento Deluxe | Estancia de 1 noche | Enviado por móvil,26 comentarios,España
PamplonaYamaguchi,Escrito en 14 de septiembre de 2024,10,Carolina,,"Hermoso apartamento, muy limpio y hermoso decorado. Muy eficiente el check in sino hay nadie",Viaje de ocio | Familia con niños pequeños | Apartamento de 1 dormitorio | Estancia de 1 noche | Enviado por móvil,,
PamplonaYamaguchi,Escrito en 7 de septiembre de 2024,10,Claudia,,"Muy bien ubicado, limpio, moderno y lo mejor el personal que te atiende es muy amable y eficiente !",Viaje de ocio | Grupo | Apartamento de 1 dormitorio | Estancia de 9 noches | Enviado por móvil,,
PamplonaYamaguchi,Escrito en 6 de septiembre de 2024,"9,0",M,Para 4 personas un poco incómodo,Para pocos días bueno,Viaje de ocio | Familia con niños pequeños | Apartamento con terraza | Estancia de 4 noches | Enviado por móvil,12 comentarios,España
PamplonaYamaguchi,Escrito en 6 de septiembre de 2024,10,Martín,,"Muy modernos, decoración fina y ubicación excelente. Con 2 baños. La zona es muy tranquila y estás a 20 minutos paseando del centro. Totalmente recomendable",Viaje de negocios | Grupo | Apartamento Deluxe | Estancia de 1 noche,,
PamplonaYamaguchi,Escrito en 18 de abril de 2024,10,Maria,"El colchón un poco duro.
Un poco caro cobrar 15 € diarios por alojarnos con una perrita de 3,5 kg que ni suelta pelo.","La ducha es una maravilla.
Poder alojarnos con nuestra perrita. Te facilitan una colchoneta para ella, cuencos y una bolsa de chuches.
La ubicación excelente",Viaje de ocio | Pareja | Apartamento Deluxe | Estancia de 7 noches | Enviado por móvil,25 comentarios,España
PamplonaYamaguchi,Escrito en 18 de abril de 2024,10,Lorena,"Escaso menaje, el Justo para comer 1 vez 2 personas, por lo que hay que poner lavavajillas cada vez que comes","Apartamento nuevo, muy cómodo y muy limpio, junto a clínica universad de navarra",Pareja | Estudio | Estancia de 5 noches | Enviado por móvil,3 comentarios,España
PamplonaYamaguchi,Escrito en 10 de abril de 2024,10,Gema,"El sofá cama algo incómodo (un poco delgado), pero perfecto para niños que pesen poco","Limpieza, ubicación y nuevo",Viaje de ocio | Familia con niños pequeños | Apartamento Deluxe | Estancia de 2 noches | Enviado por móvil,31 comentarios,España
PamplonaYamaguchi,Escrito en 8 de abril de 2024,"9,0",Jose,"Aunque ya lo indica en la web, lo que echamos en falta con respecto a otros apartamentos donde hemos estado es ese punto de hospitalidad y de sentirte como en casa cuando incluye (aceite, azúcar, sal, cápsulas de café...) esas pequeñas facilidades que mejoran tu estancia pero que ya en la web lo indica, con lo cual lo sabes de antemano. Lo único que no nos gustó es que hubiera sólo un cubierto o un plato por persona.(Había un tenedor, una cuchara, un cuchillo, una cuchara de postre, un plato de postre, un plato hondo, un plato llano)  Eso te obliga a estar lavando a mano constantemente o poner el lavavajillas al final con pocas cosas, que es poco eficiente con el medioambiente.","Todo correcto.Transparencia en la información y veracidad. 
Limpieza, comodidad de la cama y almohadas.  Todo domotizado, rapidez en respuesta si tienes un problema, con lo cual experiencia de usuario un 10. Espacio no es muy grande pero está muy bien diseñado para que haya todo lo necesario sin agobiarte en el espacio. Buena iluminación. No hay ruido y además hay una plaza y parque maravilloso con bares, restaurantes y mucha naturaleza. Sí viajas con perrete lo valoras enormemente.",Viaje de ocio | Pareja | Estudio | Estancia de 1 noche | Enviado por móvil,24 comentarios,España
PamplonaYamaguchi,Escrito en 6 de abril de 2024,"8,0",Maite,,Bonita decoración minimalista y funcional. Limpieza impecable. Silencioso. Buena ubicación.  Entorno ideal para pasear a nuestra perrita. Parking público en la zona a menos de 5 euros el día. Restaurantes con ambiente y hasta un cine en la plaza donde está ubicado.,Viaje de ocio | Pareja | Estudio | Estancia de 3 noches | Enviado por móvil,,
PamplonaYamaguchi,Escrito en 1 de abril de 2024,10,Aitor,"El baño taza estaba medio rotaNo teníamos escoba ni pala",Desayuno regular,Viaje de ocio | Familia con niños pequeños | Apartamento de 1 dormitorio | Estancia de 1 noche | Enviado por móvil,10 comentarios,España
PamplonaYamaguchi,Escrito en 31 de marzo de 2024,"8,0",Paotero,"Las almohadas no son del todo cómodas. 
Hubo un incidente con las alarmas de incendios de madrugada, que habiendo una persona física en recepción hubiese proporcionado calma.","El apartamento es cómodo y de fácil acceso (entrada autónoma).
A pesar de ser un apartamento con cama y sofá cama para 4 personas, el espacio era correcto. 
Muy fácil encontrar aparcamiento por la zona (importante destacar que si son días laborables, hay que pagar).",Viaje de ocio | Grupo de amigos | Apartamento de 1 dormitorio | Estancia de 4 noches | Enviado por móvil,14 comentarios,España
PamplonaYamaguchi,Escrito en 30 de marzo de 2024,10,Nuria,,"Apartamento bien situado a solo dos minutos en coche del centró. Tranquilo y bien equipado.
La atención on line perfecta.
Salvo un inciso  que se resolvió rápidamente y de forma eficaz.
Volveremos seguro.",Viaje de ocio | Grupo de amigos | Apartamento con terraza | Estancia de 2 noches | Enviado por móvil,,
PamplonaYamaguchi,Escrito en 27 de marzo de 2024,10,Carlos,Falta un juego de escoba y recogedor.,Es un lugar súper acogedor y con unas vistas excelentes.,Viaje de ocio | Familia con niños pequeños | Apartamento con terraza | Estancia de 1 noche | Enviado por móvil,19 comentarios,España
PamplonaYamaguchi,Escrito en 25 de marzo de 2024,"9,0",Marta,"La lavadora estaba estropeada. Sin embargo, cuando avisamos nos atendieron inmediatamente.","El apartamento es muy moderno y luminoso, y tiene todo lo necesario para pasar unos días. A destacar la ubicación, está justo en la plaza Yamaguchi, una muy buena zona.",Viaje de ocio | Pareja | Estudio | Estancia de 4 noches | Enviado por móvil,29 comentarios,España
PamplonaYamaguchi,Escrito en 25 de marzo de 2024,"8,0",Gorka,"Sin trato con empleados ( porque no lo hay)
Haces el cheking y el checkout online. Si no se te da bien lo de internet puedes tener problemas para entrar .","Todo limpio y nuevo 
Y el detalle de bienvenidos.",Viaje de ocio | Familia con niños pequeños | Apartamento con terraza | Estancia de 1 noche | Enviado por móvil,5 comentarios,España
PamplonaYamaguchi,Escrito en 25 de marzo de 2024,10,Irene,Nada,La equipación del apartamento,Viaje de ocio | Grupo de amigos | Apartamento de 2 dormitorios | Estancia de 1 noche | Enviado por móvil,33 comentarios,España
PamplonaYamaguchi,Escrito en 23 de marzo de 2024,"9,0",Jorge,"Dejar 2 o 3 jabones para el lavavajilla, y para la lavandería. También 4 platos y no dos de cada cosa.","Ubicación correcta, y en un sitio muy bonito. El departamento es funcional.",Viaje de ocio | Familia con niños pequeños | Estudio | Estancia de 3 noches,6 comentarios,Perú
PamplonaYamaguchi,Escrito en 21 de marzo de 2024,10,Encarni,La colocación del cubo de basura no me gusta en el mismo armario que los cubiertos,"Limpieza excelente y huele muy bien al entrar, que es algo que resulta muy agradable cuando llegas a un sitio",Pareja | Estudio | Estancia de 1 noche | Enviado por móvil,5 comentarios,España
PamplonaYamaguchi,Escrito en 15 de marzo de 2024,"9,0",Sanae,No me gusto que no haya una escoba y algún producto desinfectante para el baño,La ubicación es perfecta,Viaje de ocio | Familia con niños pequeños | Apartamento de 2 dormitorios | Estancia de 2 noches | Enviado por móvil,12 comentarios,España
PamplonaYamaguchi,Escrito en 15 de marzo de 2024,10,Rizwan,casi todo estaba muy bien,me gusta muy bien este lugar me encantado,Grupo de amigos | Apartamento con terraza | Estancia de 1 noche | Enviado por móvil,1 comentario,España
PamplonaYamaguchi,Escrito en 11 de marzo de 2024,"8,0",Bibiana,El baño era diminuto y la habitación tiene una mesa redonda muy chiquitita que no es nada cómoda para trabajar,Cama cómoda y apartamento limpio,Viaje de negocios | Persona que viaja sola | Estudio | Estancia de 1 noche,28 comentarios,España
PamplonaYamaguchi,Escrito en 9 de marzo de 2024,"8,0",Gonzalez,Cocina pequeña,Moderno,Pareja | Apartamento de 2 dormitorios | Estancia de 1 noche | Enviado por móvil,13 comentarios,España
PamplonaYamaguchi,Escrito en 9 de marzo de 2024,"8,0",Virginia,Por decir algo que éramos 2 personas y solo teníamos una toalla de baño.,"Que estaba todo muy limpio, la ubicación y la rápida atención en caso de improvisto.",Viaje de ocio | Pareja | Estudio | Estancia de 1 noche | Enviado por móvil,8 comentarios,España
PamplonaYamaguchi,Escrito en 5 de marzo de 2024,"8,0",Patricia,La lavadora secadora tarda muchísimo 5 horas y aún asin no te deja la ropa seca,La ubicación era bastante buena por que tenía cerca muchos comercios,Viaje de ocio | Familia con niños pequeños | Apartamento de 1 dormitorio | Estancia de 7 noches | Enviado por móvil,1 comentario,España
PamplonaYamaguchi,Escrito en 4 de marzo de 2024,10,Esteban,Hora de entrada,Instalación,Viaje de ocio | Pareja | Estudio | Estancia de 1 noche | Enviado por móvil,1 comentario,España
PamplonaYamaguchi,Escrito en 3 de marzo de 2024,"9,0",Héctor,,Prácticamente todo. El edificio está totalmente automatizado y es una pasada.,Viaje de ocio | Familia con niños pequeños | Apartamento de 1 dormitorio | Estancia de 2 noches | Enviado por móvil,,
PamplonaYamaguchi,Escrito en 25 de febrero de 2024,"9,0",María,No conseguí que funcionara la elección de canales y el volumen de la tv. Debería haber instrucciones.,El minimalismo de la decoración y a la par completo.,Viaje de negocios | Persona que viaja sola | Apartamento Deluxe | Estancia de 4 noches | Enviado por móvil,13 comentarios,España
PamplonaYamaguchi,Escrito en 23 de febrero de 2024,"9,0",Jose,,Ok,Pareja | Estudio | Estancia de 3 noches | Enviado por móvil,,
PamplonaYamaguchi,Escrito en 23 de febrero de 2024,"9,0",Sergio,No tiene parking,Fácil acceso,Viaje de ocio | Familia con niños pequeños | Apartamento de 1 dormitorio | Estancia de 1 noche | Enviado por móvil,8 comentarios,Perú
PamplonaYamaguchi,Escrito en 15 de septiembre de 2023,"9,0",Juan,"Los utensilios de cocina, muy escasos. Vasos, cuchillos, tenedores....todo. Tienes un lavavajilas enorme y solo dos cubiertos, dos platos....","Ubicación, limpieza, lo nuevos que son. El poder estar con mi perro",Con una mascota | Viaje de ocio | Pareja | Estudio | Estancia de 4 noches,9 comentarios,España
PamplonaYamaguchi,Escrito en 15 de septiembre de 2023,"8,0",Irati,Es la segunda vez que me alojo allí y esta vez la habitación no tenía vistas. Tenía un edifico grande pegado a la ventana,"A cinco minutos andando de la clínica Universitaria. Justo al lado del parque Yamaguchi y con bares y restaurantes de todo tipo en los alrededores. 
El apartamento está muy bien equipado y todo muy nuevo y limpio.",Familia con niños pequeños | Apartamento de 1 dormitorio | Estancia de 1 noche | Enviado por móvil,37 comentarios,España
PamplonaYamaguchi,Escrito en 13 de septiembre de 2023,"8,0",Enrique,,"La confortabilidad, el kit de limpieza y sus vistas al parque",Viaje de ocio | Familia con niños pequeños | Apartamento con terraza | Estancia de 1 noche | Enviado por móvil,,
PamplonaYamaguchi,Escrito en 11 de septiembre de 2023,"9,0",Nadia,El colchón no era cómodo,"Muy funcional y completo. También la limpieza, estaba impecable.",Viaje de ocio | Familia con niños pequeños | Apartamento de 1 dormitorio | Estancia de 7 noches | Enviado por móvil,25 comentarios,Estados Unidos
PamplonaYamaguchi,Escrito en 4 de septiembre de 2023,10,Alfonso,Nada,Comodidad,Viaje de ocio | Familia con niños pequeños | Apartamento de 1 dormitorio | Estancia de 2 noches | Enviado por móvil,8 comentarios,España
PamplonaYamaguchi,Escrito en 4 de septiembre de 2023,"9,0",Carmen,Nada que decir,Mucho,Viaje de negocios | Persona que viaja sola | Estudio | Estancia de 5 noches | Enviado por móvil,19 comentarios,España
PamplonaYamaguchi,Escrito en 4 de septiembre de 2023,"9,0",Carmen,Nada,Ubicación y comodidad.,Viaje de negocios | Persona que viaja sola | Estudio | Estancia de 5 noches | Enviado por móvil,19 comentarios,España
PamplonaYamaguchi,Escrito en 3 de septiembre de 2023,10,Elena,"Por comentar algo, el colchón del sofá cama era un poco incómodo para utilizar varias noches continuas.","Cocina muy bien equipada, apartamento cómodo para familia y bien climatizado. Buena comunicación por bus con el centro de Pamplona. Ubicado en zona buena y tranquila de la ciudad.",Viaje de ocio | Familia con niños pequeños | Apartamento de 1 dormitorio | Estancia de 7 noches | Enviado por móvil,12 comentarios,España
PamplonaYamaguchi,Escrito en 3 de septiembre de 2023,10,Rocio,todo me gusto,todo muy limpio y nuevo. zona tranquila.,Viaje de ocio | Familia con niños pequeños | Apartamento de 1 dormitorio | Estancia de 6 noches | Enviado por móvil,18 comentarios,España
PamplonaYamaguchi,Escrito en 1 de septiembre de 2023,"9,0",Cristina,Nada,La limpieza,Grupo de amigos | Apartamento de 2 dormitorios | Estancia de 1 noche | Enviado por móvil,18 comentarios,España
PamplonaYamaguchi,Escrito en 31 de agosto de 2023,"9,0",Jaime,"El parking, un poco incomodo, ajustado, pero mejor que dejarlo en la calle",Muy limpio,Viaje de ocio | Familia con niños pequeños | Apartamento con terraza | Estancia de 1 noche | Enviado por móvil,8 comentarios,España
PamplonaYamaguchi,Escrito en 29 de agosto de 2023,"9,0",Irati,"Por poner una pega, para mi gusto, las almohadas eran muy finas","Pequeño apartamento, limpio, bien situado con todo lo necesario y unas vistas preciosas al parque",Familia con niños pequeños | Apartamento con terraza | Estancia de 1 noche | Enviado por móvil,37 comentarios,España
PamplonaYamaguchi,Escrito en 27 de agosto de 2023,"8,0",Agustín,Las almohadas eran muy blandas.,Apartamentos bastante nuevos en una situación excelente.,Viaje de ocio | Familia con niños pequeños | Apartamento Deluxe | Estancia de 6 noches,10 comentarios,España
PamplonaYamaguchi,Escrito en 26 de agosto de 2023,"9,0",Tiinita,No sé,La forma del apartamento,Viaje de ocio | Pareja | Estudio | Estancia de 2 noches | Enviado por móvil,16 comentarios,España
PamplonaYamaguchi,Escrito en 25 de agosto de 2023,"9,0",Roberto,Saltaba la alarma de incendios y no sabíamos cómo actuar,Ubicación y moderno,Viaje de ocio | Familia con niños pequeños | Apartamento Deluxe | Estancia de 5 noches | Enviado por móvil,37 comentarios,España
PamplonaYamaguchi,Escrito en 25 de agosto de 2023,"9,0",Ana,A mejorar la comodidad del sofá cama. El resto todo perfecto.,La comodidad.,Viaje de ocio | Familia con niños pequeños | Apartamento con terraza | Estancia de 1 noche | Enviado por móvil,32 comentarios,España
PamplonaYamaguchi,Escrito en 24 de agosto de 2023,10,Carlos,todo me gustó del sitio,me encantó la ubicación tenía acceso a bares supermercado,Viaje de ocio | Pareja | Estudio | Estancia de 6 noches | Enviado por móvil,5 comentarios,España
PamplonaYamaguchi,Escrito en 23 de agosto de 2023,"9,0",Maria,La tv se iba el sonido y solo se veía la imagen,La tranquilidad y estar cerca de un parque muy bonito,Viaje de ocio | Pareja | Apartamento de 1 dormitorio | Estancia de 2 noches | Enviado por móvil,13 comentarios,España
PamplonaYamaguchi,Escrito en 22 de agosto de 2023,10,Ramon,,Todo nuevo y muy limpio. Menaje de cocina con detalle y nuevo. Para repetir.,Viaje de ocio | Familia con niños pequeños | Apartamento de 1 dormitorio | Estancia de 1 noche | Enviado por móvil,,
PamplonaYamaguchi,Escrito en 21 de agosto de 2023,"8,0",De,"El aire acondionado no funcionaba, y con ola de calor hace muy dificil el descanso","El entorno ideal, muy tranquilo",Viaje de ocio | Familia con niños pequeños | Apartamento de 2 dormitorios | Estancia de 3 noches | Enviado por móvil,14 comentarios,España
PamplonaYamaguchi,Escrito en 19 de agosto de 2023,"9,0",Fernando,un poco lejos para ir andando al centro ciudad.,"La tranquilidad del entorno, integrado en un parque.",Viaje de ocio | Pareja | Estudio | Estancia de 3 noches,35 comentarios,España
PamplonaYamaguchi,Escrito en 18 de agosto de 2023,10,Juan,,"Todo, la ubicación, las instalaciones , el apartamento es perfecto, tiene todo lo necesario para una estancia perfecta.",Viaje de ocio | Pareja | Estudio | Estancia de 3 noches | Enviado por móvil,,
PamplonaYamaguchi,Escrito en 16 de agosto de 2023,10,Aroa,No fuimos capaces de saber si teníamos acceso a la terraza o no y al estar cerrada no la pudimos ver,Lo que más nos gustó fue la ubicación al lado de un parque espectacular donde pasear con nuestra perrita y bares cercanos donde cenar y desayunar súper bien,Viaje de ocio | Pareja | Estudio | Estancia de 2 noches | Enviado por móvil,9 comentarios,España
PamplonaYamaguchi,Escrito en 10 de agosto de 2023,"8,0",Laura,,Está todo súper nuevo,Viaje de ocio | Familia con niños pequeños | Apartamento Deluxe | Estancia de 1 noche | Enviado por móvil,,
PamplonaYamaguchi,Escrito en 6 de agosto de 2023,"8,0",Miguel,Carece de congelador.....y escobilla de taza de baño.....,,Pareja | Estudio | Estancia de 3 noches | Enviado por móvil,11 comentarios,España
PamplonaYamaguchi,Escrito en 20 de marzo de 2023,10,Esteban,Deberían engrasar las puertas. Meten un ruido espantoso y si por la noche las abres despiertas a todo el mundo,El piso es nuevo y la ubicación perfecta,Viaje de ocio | Familia con niños pequeños | Apartamento Deluxe | Estancia de 2 noches | Enviado por móvil,5 comentarios,España
PamplonaYamaguchi,Escrito en 14 de marzo de 2023,"8,0",Cristina,"a veces se bloqueo la llave pero se arreglo
muy rapido",ubicacion limpieza personal telefonico amable,Viaje de ocio | Familia con niños pequeños | Estudio | Estancia de 4 noches | Enviado por móvil,3 comentarios,España
PamplonaYamaguchi,Escrito en 8 de marzo de 2023,"8,0",Cristina,solo que a veces fallaban las lleves pero se arreglaba rápido . el precio por mascota me parece un poco caro  en mi caso que es pequeño,la decoración ubicación limpieza y amabilidad del personal al telefono,Viaje de ocio | Familia con niños pequeños | Estudio | Estancia de 2 noches | Enviado por móvil,3 comentarios,España
PamplonaYamaguchi,Escrito en 4 de marzo de 2023,10,Antoniordp,,"Apartamento cómodo y práctico. Cocina completa, incluso lavadora y lavavajillas. Te dejan un kit de limpieza. Camas muy cómodas. Check-in fácil y la llave en el móvil una comodidad.
Recomendable.",Viaje de ocio | Pareja | Estudio | Estancia de 2 noches | Enviado por móvil,,
PamplonaYamaguchi,Escrito en 28 de febrero de 2023,"8,0",Mª,No me gustó que la basura estuviera tan cerca de los cubiertos. Me parece que no tiene nada de higiénico,,Viaje de ocio | Pareja | Apartamento de 2 dormitorios | Estancia de 3 noches | Enviado por móvil,10 comentarios,España
PamplonaYamaguchi,Escrito en 27 de febrero de 2023,10,Domingo,"Nada, todo fue maravilloso","Todo el apartamento es fantástico. La terraza que da al parque es maravillosa. Está muy bien distribuido, todo muy cómodo, desde la cocina, al baño, el dormitorio con su pequeña terraza,…..",Viaje de ocio | Familia con niños pequeños | Apartamento con terraza | Estancia de 2 noches,36 comentarios,España
PamplonaYamaguchi,Escrito en 27 de febrero de 2023,10,Ivan,"Llegué de noche y cerca de las 00:30 salto la alarma de incendios en todo el edificio (alguien estaría fumando) tuvimos que ser los huéspedes los que nos cercionasemos de que no ocurría nada  yendo planta por planta y viendo por los exteriores.
Ni después de la alarma ni al día siguiente apareció nadie, ni ninguna circular, ni ningún mensaje explicado el porqué de la alarma.","El apartamento estaba muy limpio, y calentito cuando llegamos. A mí perra le habían dejado cuencos, chuches y una camita ❤️
Totalmente equipado y a 15 min del centro andando.",Viaje de ocio | Pareja | Estudio | Estancia de 2 noches | Enviado por móvil,2 comentarios,España
PamplonaYamaguchi,Escrito en 27 de febrero de 2023,"8,0",Mayte,"El sofá-cama. Dormir dos noches seguidas me va a costar una sesión de fisioterapia, ¡incomodísimo!
La zona donde está es muy agradable y tiene todos los servicios, no tardas demasiado en llegar al centro. Pero si vas en coche, todo el barrio es de distintos pagos (azul, naranja, rojo). El parking del apartamento sale más caro.","El apartamento es muy amplio (para 4 personas), bonito, moderno y con menaje completo. Me encantó poder hacer el check in/out a través de App. La terraza en el ático es perfecta.",Viaje de ocio | Familia con niños pequeños | Apartamento Deluxe | Estancia de 2 noches | Enviado por móvil,23 comentarios,España
PamplonaYamaguchi,Escrito en 27 de febrero de 2023,"9,0",Sara,los extras como el desayuno hubieran sido un detalle por el precio del alojamiento,estaba limpio y muy bien decorado,Viaje de ocio | Pareja | Estudio | Estancia de 2 noches | Enviado por móvil,21 comentarios,España
PamplonaYamaguchi,Escrito en 26 de febrero de 2023,10,Jose,Me gustó todo.,"Muy acogedor, amplio, limpio y cómodo.",Pareja | Estudio | Estancia de 1 noche | Enviado por móvil,15 comentarios,España
PamplonaYamaguchi,Escrito en 24 de febrero de 2023,"8,0",Sara,"No me gustó, que no tenía ningún paño de cocina por decir algo y luego que saltó una alarma una de las noches y tardaron entre 10/15 minutos en solucionarlo. Pero la verdad que sin duda para futuros viajes contaríamos con el mismo alojamiento",,Viaje de ocio | Familia con niños pequeños | Apartamento de 1 dormitorio | Estancia de 3 noches | Enviado por móvil,2 comentarios,España
PamplonaYamaguchi,Escrito en 23 de febrero de 2023,10,Teresa,"Por decir algo, que no pudimos contratar el check-in temprano, ni había consignas cercanas.","Muy limpio, cómodo,  con todos los servicios  y dos baños.  Muy buena ubicación, en zona tranquila,junto al parque y plaza, muy cerca de la Clínica Universitaria de Navarra y de un Carrefour Express. Sin duda, lo recomiendo.",Familia con niños pequeños | Apartamento Deluxe | Estancia de 3 noches | Enviado por móvil,64 comentarios,España
PamplonaYamaguchi,Escrito en 23 de febrero de 2023,10,Diana,Éramos 4 y solo hubieron toallas para 3.,"Los apartamentos tienen todo lo necesario para tener una buena estancia, es muy moderno y las camas son muy cómodas. La ducha es una maravilla.",Viaje de negocios | Grupo de amigos | Apartamento de 1 dormitorio | Estancia de 1 noche | Enviado por móvil,9 comentarios,España
PamplonaYamaguchi,Escrito en 22 de febrero de 2023,10,Manuel,"Sería bueno disponer de un trapo o papel de cocina.
La tostadora no funcionaba",La decoración y la tranquilidad,Viaje de ocio | Pareja | Estudio | Estancia de 3 noches | Enviado por móvil,7 comentarios,España
PamplonaYamaguchi,Escrito en 21 de febrero de 2023,"8,0",Pablo,"Se estropeó elSistema a las 2 de la mañana regresando al hotelY no podía contactar con nadie de la recepción  on line, meLa tuve que ingeniar para acceder al recinto. Se excusan en caída delSistemaInformático pero nadie responde a losteléfonos de madrugada",,Viaje de ocio | Pareja | Estudio | Estancia de 2 noches | Enviado por móvil,12 comentarios,España
PamplonaYamaguchi,Escrito en 21 de febrero de 2023,"9,0",Gian,el desayuno que no pertenece al apartamento es muy malo…mejor no ofrecerlo.,"limpieza, cercanía..,.estilo minimalista .
contaba con parking propio…hay q reservarlo previamente pues es pequeño .",Viaje de ocio | Familia con niños pequeños | Apartamento de 1 dormitorio | Estancia de 2 noches | Enviado por móvil,41 comentarios,España
PamplonaYamaguchi,Escrito en 21 de febrero de 2023,10,Gema,"Solo comentar que en el apartamento 202 chirría un poquito la.puerta del baño, pero que lo pongo aquí para que  se solucione sin problema. Estaba todo perfecto y cuidado.","Todo. Esta muy nuevo y cuidado hasta el más mínimo detalle. Muy limpio y camas, sabanas, utensilios,etc de calidad. El entorno precioso, con vistas al parque y con restaurantes en la misma plaza. Fácil acceso.",Viaje de ocio | Pareja | Apartamento Deluxe | Estancia de 1 noche | Enviado por móvil,31 comentarios,España
PamplonaYamaguchi,Escrito en 21 de febrero de 2023,10,Gomez,Todo fenomenal,"La comodidad, el diseño y la limpieza",Viaje de ocio | Familia con niños pequeños | Apartamento Deluxe | Estancia de 2 noches,1 comentario,España
PamplonaYamaguchi,Escrito en 20 de febrero de 2023,"9,0",Cristina,"En el apartamento echamos en falta papel o trapo de cocina y lo básico por sí tienes que cocinar, sal y aceite. Y del dormitorio las almohada eran muy bajas, pero eso va en gustos. 
De las instalaciones, que todo el aparcamiento cercano es de pago. Sería un 10 si tuviese parking propio.","En general el apartamento está muy bien, era pequeño pero para una pareja más que suficiente. Muy Moderno y muy cómodo, todo muy limpio. 
La situación muy buena, en una plaza en la que tienes bares y restaurantes, y muy cerca de supermercados.",Viaje de ocio | Pareja | Estudio | Estancia de 4 noches | Enviado por móvil,11 comentarios,España
PamplonaYamaguchi,Escrito en 20 de febrero de 2023,"9,0",Eugenio,Cierre y apertura de terraza comunitaria y a las 11:00 al hacer el check Out la tarjeta del garaje se desactivo y tuvimos que buscar a la persona que estaba allí que rápidamente nos abrió muy amable,"Bien ,desayuno bien tb",Viaje de ocio | Familia con niños pequeños | Estudio | Estancia de 2 noches | Enviado por móvil,23 comentarios,España
PamplonaYamaguchi,Escrito en 18 de febrero de 2023,10,Elisa,,"Es muy acogedor, agradable y tiene todo lo que te puedas imaginar para hacerte la estancia lo más cómoda posible.",Familia con niños pequeños | Apartamento Deluxe | Estancia de 1 noche | Enviado por móvil,,
PamplonaYamaguchi,Escrito en 17 de febrero de 2023,"8,0",Estefania,Las almohadas un horror y no hay amenities de baño ni de cocina.,,Familia con niños pequeños | Apartamento de 1 dormitorio | Estancia de 1 noche | Enviado por móvil,14 comentarios,España
PamplonaYamaguchi,Escrito en 13 de febrero de 2023,"8,0",Elena,"el checking no es cómodo
si llegas a de noche con frío y tienes estar dando numeritos en una puerta, con una persona mayor o niños… no es operativo
Conozco muchos sitios como este y ha sido el más incómodo","todo muy bien
fue rápido pero merece la pena",Pareja | Apartamento de 1 dormitorio | Estancia de 1 noche | Enviado por móvil,22 comentarios,España
PamplonaYamaguchi,Escrito en 13 de febrero de 2023,10,Cristina,no tengo queja,todo,Viaje de negocios | Pareja | Estudio | Estancia de 1 noche | Enviado por móvil,31 comentarios,España
PamplonaYamaguchi,Escrito en 11 de febrero de 2023,10,Andoni,,Muy bien en todo,Viaje de ocio | Persona que viaja sola | Apartamento de 1 dormitorio | Estancia de 1 noche | Enviado por móvil,,
PamplonaYamaguchi,Escrito en 17 de noviembre de 2024,"6,0",Pedro,Encontramos el espacio del apartamento demasiado pequeño para cuatro personas.,El desayuno fue bueno.,Viaje de ocio | Grupo | Apartamento de 1 dormitorio | Estancia de 2 noches,12 comentarios,España
PamplonaYamaguchi,Escrito en 11 de noviembre de 2024,"7,0",Victor,Cama supletoria muy muy incomoda,Limpieza,Viaje de ocio | Grupo | Apartamento de 1 dormitorio | Estancia de 1 noche | Enviado por móvil,13 comentarios,España
PamplonaYamaguchi,Escrito en 5 de noviembre de 2024,"7,0",Caridad,"La cama, era dura y se notaban los muelles. Así como la almohada",,Viaje de ocio | Pareja | Apartamento de 1 dormitorio | Estancia de 1 noche | Enviado por móvil,1 comentario,España
PamplonaYamaguchi,Escrito en 30 de octubre de 2024,"6,0",Alvaro,"Minimo equipamiento de cocina y limpieza (escoba y recogedor como minimoFalta luz en el comedorFalta luz para maquillarse en los cuartos de bañoFalta una estanteria en las duchas",La ubicación,Viaje de ocio | Pareja | Apartamento Deluxe | Estancia de 4 noches,26 comentarios,España
PamplonaYamaguchi,Escrito en 28 de octubre de 2024,"7,0",Alicia,"No me gusto Q no hay recepción, tuvimos un problema con la ducha no tragaba el desagüe y se nos inundó el baño, tuve q secar el suelo con la mitad de las toallas y al ponerme en contacto virtual con la recepción me dieron la solución de coger más toallas.., cuando lo q necesitaba era una fregona y ducharme. No le pongo un diez por esto… una pena, como tengas un problema búscate la vida.","El alojamiento es un 10,
Moderno y funcional, esta súper limpio y huele genial",Familia con niños pequeños | Apartamento de 1 dormitorio | Estancia de 1 noche | Enviado por móvil,15 comentarios,España
PamplonaYamaguchi,Escrito en 24 de octubre de 2024,"1,0",Alfonso,"Pagamos 3 plazas de parking y cuando llegamos por la noche, solo pudimos aparcar dos coches, el resto ocupado, llamamos por telefono y nadie contesta. El sofá cama no pusieron almohadas.El desayuno, si quieres como nosotros que mas de una persona quería tortilla, solo te dan lo que queda, no hacen mas, porque aparte es una cafeteria para la gente que no es del hotel",,Viaje de ocio | Familia con niños pequeños | Apartamento de 2 dormitorios | Estancia de 1 noche,5 comentarios,España
PamplonaYamaguchi,Escrito en 20 de octubre de 2024,"5,0",Francisco,"Apartamento muy muy pequeño para 4 personas y las plazas de parking, también, muy complicado aparcar",Ubicación y sistema de entrada,Viaje de ocio | Familia con niños pequeños | Apartamento de 1 dormitorio | Estancia de 2 noches | Enviado por móvil,18 comentarios,España
PamplonaYamaguchi,Escrito en 10 de octubre de 2024,"7,0",Jose,"Cama estrecha para dos personas
1 cuarto de baño para 4 personas",Ubicación  y equipamiento,Familia con niños pequeños | Apartamento de 2 dormitorios | Estancia de 2 noches | Enviado por móvil,28 comentarios,España
PamplonaYamaguchi,Escrito en 1 de octubre de 2024,"6,0",Naigle,"no me gustó que no había aire acondicionado de verdad que pase un calor INSOPORTABLE, afuera hacia buen clima pero bueno mi estancia requería que estuviera dentro del departamento descansando y el tener que pasar calor porque en Pamplona tenían calefacción por el hecho del clima creo que deberían evaluar ese tema porque de verdad pasamos calor.. del resto todo muy bien. gracias","todo muy práctico cuidan muchos los detalles te dejan agua de cortesía artículos para el aseo de la cocina, unas patatas de bolsa ricas, cápsulas del café de cortesía y de verdad que insuperable excelente ubicación caminando a parques 25,30min centro 25,30min a ritmo normal. son bastante pequeños pero bueno para una estancia corta va bien particularmente lo necesitábamos para ir al hospital clínico universidad de navarra y super cerca.",Viaje de ocio | Grupo de amigos | Apartamento de 1 dormitorio | Estancia de 2 noches | Enviado por móvil,13 comentarios,España
PamplonaYamaguchi,Escrito en 16 de septiembre de 2024,"6,0",Ekaitz,La cama,La ducha,Viaje de ocio | Pareja | Estudio | Estancia de 1 noche | Enviado por móvil,2 comentarios,España
PamplonaYamaguchi,Escrito en 12 de septiembre de 2024,"6,0",Eduardo,La cama era dura muy dura casi imposible descansar. La tele era complicada porque había una voz de i.a...también había polvo en la manta no hay aire acondicionado,La ubicación,Viaje de ocio | Pareja | Apartamento de 1 dormitorio | Estancia de 1 noche | Enviado por móvil,9 comentarios,España
PamplonaYamaguchi,Escrito en 31 de agosto de 2024,"7,0",William,"Las muchas dificultades con registrar on line. Sin la recepcionista, que trabaja de 10.00 a 17.00,  no hubiéramos  podido entrar a pesar de haber pagado la estancia.",,Viaje de ocio | Pareja | Estudio | Estancia de 2 noches | Enviado por móvil,6 comentarios,España
PamplonaYamaguchi,Escrito en 30 de julio de 2024,"7,0",Eva,"Era un espacio muy pequeño para una familia con dos niños (bebes) sin embargo, te recomienda la opción a la hora de reservar. El sofá cama hace mucho ruido. La limpieza regular.","Buena ubicación. El kit de bienvenida con unos cafés, agua y material para limpieza se agradece.",Viaje de ocio | Familia con niños pequeños | Apartamento de 1 dormitorio | Estancia de 2 noches | Enviado por móvil,8 comentarios,España
PamplonaYamaguchi,Escrito en 17 de junio de 2024,"7,0",Enrique,La despersonalización,La ubicación y que era nuevo. El ático,Pareja | Estudio | Estancia de 1 noche | Enviado por móvil,16 comentarios,España
PamplonaYamaguchi,Escrito en 26 de mayo de 2024,"7,0",Aitziber,Que no hubiera una escoba y recogedor,,Grupo de amigos | Apartamento de 1 dormitorio | Estancia de 6 noches | Enviado por móvil,1 comentario,España
PamplonaYamaguchi,Escrito en 16 de mayo de 2024,"7,0",Carmen,Las fotos Dan una idea equivocada del apartamento. No terraza y es mucho más pequeño. El baño es muy pequeño,La ubicacion,Viaje de ocio | Pareja | Estudio | Estancia de 1 noche | Enviado por móvil,13 comentarios,España
PamplonaYamaguchi,Escrito en 21 de abril de 2024,"7,0",Salomé,"Lo que no nos gustó fue sobretodo la comunicación - todo se hace a distancia - tuvimos en algún momento un problema para abrir la puerta de nuestra habitación con el código que nos dieron y el encargado no nos supo ayudar a distancia.El coste del parking es adicional y no figura en ningun lado, tuvimos que llamar varias veces para averiguarlo y reservarlo. Una de las cosas que nos llamó la atención al elegir el hotel era la preciosa terraza que ponen en todas las fotos - en realidad solo está abierta en horarios muy restringidos (cuando está abierta en los horarios que te indican, que una vez más hay que pedir por teléfono). Fue una decepción ya que nos esperábamos poder pasar el rato por la mañana o por la tarde ahí, viendo por ejemplo el atardecer con vistas al Parque Yamaguchi, pero imposible.Si hubiera recepción podríamos haber hecho estos comentarios a la persona física, pero como todo se hace digitalmente los dejamos aquí. Para resumir, el precio me parece elevado para lo que ofrece comparado con otras ofertas en Pamplona. Y merecería la pena invertir una parte de los beneficios en un servicio de conserjería/recepción adecuado.",Habitación agradable con todas las comodidades.,Viaje de negocios | Pareja | Estudio | Estancia de 3 noches | Enviado por móvil,13 comentarios,España
PamplonaYamaguchi,Escrito en 11 de abril de 2024,"5,0",Maria,"La poca limpieza de la habitación.
Desayuno externo a los apartamentos, cerca y bueno , pero no in situ.","Hoy he sido diagnosticada con SARNA .
El.apartamento no estaba muy limpio ( el baño sí), los picores comenzaron la misma noche en que me metí en la cama. Al día siguiente ronchas que se han ido agravando.
Un pésimo recuerdo de nuestra estancia!
No volveremos ni lo recomiendo.",Viaje de ocio | Familia con niños pequeños | Apartamento de 1 dormitorio | Estancia de 2 noches | Enviado por móvil,6 comentarios,España
PamplonaYamaguchi,Escrito en 7 de abril de 2024,"7,0",David,Bn,Bn,Viaje de ocio | Pareja | Estudio | Estancia de 1 noche | Enviado por móvil,17 comentarios,España
PamplonaYamaguchi,Escrito en 6 de abril de 2024,"4,0",Giovanna,"No funcionaba la calefacción de la habitación y teníamos frío.
En plena noche sonó la alarma de incendios.",Buenas instalaciones,Viaje de ocio | Grupo | Apartamento con terraza | Estancia de 1 noche | Enviado por móvil,21 comentarios,España
PamplonaYamaguchi,Escrito en 27 de marzo de 2024,"5,0",Gomez,"Las almohadas súper incómodas, dos utensilios de cocina de cada, al hacer la comida tenías que lavarlos para poder comer, un microondas grill pero no hay bandeja para cocinar, un lavavajillas tan grande pero al no haber loza suficiente no se puede usar, mejor uno mas pequeño y más loza, sin escobilla en el baño y sin repisa para colocar los geles de baño. Poca luz en la zona de comedor, no se podía trabajar con el ordenador ni leer, por lo menos una lámpara. Para estancias de uno o dos días pasable pero para estancias largas insuficiente.","La ubicación , las chicas de limpieza y el personal de recepción.",Familia con niños pequeños | Estudio | Estancia de 31 noches | Enviado por móvil,2 comentarios,España
PamplonaYamaguchi,Escrito en 24 de marzo de 2024,"5,0",Antonio,"La cama supletoria incómodaEra un apartamento Deluxe y no lo parecía",,Viaje de ocio | Grupo | Apartamento Deluxe | Estancia de 1 noche | Enviado por móvil,22 comentarios,España
PamplonaYamaguchi,Escrito en 16 de marzo de 2024,"6,0",Maria,"La ducha, q se inunda el baño","El desayuno, aunque solo 2 de los 4 q estábamos pudimos desayunar, porque hasta último momento no supimos q abrían a las 9",Viaje de ocio | Familia con niños pequeños | Apartamento con terraza | Estancia de 1 noche | Enviado por móvil,7 comentarios,España
PamplonaYamaguchi,Escrito en 28 de febrero de 2024,"7,0",Carlos,"-Por las noches había un sonido al lado de la cama de las cañerías (agua corriendo) algo molesto. 
-Se perdió un juguete de mi hija. me compensaron aunque no por el valor del objeto :(
- Encontré chinches detrás de la cortina de la habitación y en las toallas del baño.
- Poca flexibilidad. Después de dos meses de estar alojada pedí cambiar de habitación a una más grande. En principio me dijeron que no había problema pero luego no me hicieron el cambio aunque en la web se veo que había disponibilidad.",La ubicación y limpieza,Viaje de ocio | Familia con niños pequeños | Estudio | Estancia de 30 noches | Enviado por móvil,1 comentario,España
PamplonaYamaguchi,Escrito en 15 de febrero de 2024,"6,0",Enrique,"Muy incómodo y largo el proceso de registro, no tienen consigna, lo que hace muy complicada la estancia si viajas en avión, a las 11:00 toca. A la puerta para echarte, poca flexibilidad. Se puede comprar early check in, pero bajo desponibilidad, por precio adicional, y solo desde las 13 horas. Se necesita una consigna","Bien situado y bien cuidado, cómodo y silencioso",Viaje de ocio | Familia con niños pequeños | Apartamento Deluxe | Estancia de 2 noches | Enviado por móvil,7 comentarios,España
PamplonaYamaguchi,Escrito en 2 de noviembre de 2025,10,Naigle,,,Familia con niños pequeños | Apartamento de 1 dormitorio | Estancia de 2 noches | Enviado por móvil,,
PamplonaYamaguchi,Escrito en 1 de noviembre de 2025,10,Olatz,,,Viaje de ocio | Grupo de amigos | Apartamento de 1 dormitorio | Estancia de 1 noche | Enviado por móvil,,
PamplonaYamaguchi,Escrito en 30 de octubre de 2025,10,Begoña,,,Viaje de ocio | Pareja | Apartamento de 1 dormitorio | Estancia de 1 noche | Enviado por móvil,,
PamplonaYamaguchi,Escrito en 26 de octubre de 2025,"9,0",Javier,,,Familia con niños pequeños | Apartamento Deluxe | Estancia de 2 noches | Enviado por móvil,,
PamplonaYamaguchi,Escrito en 24 de octubre de 2025,"8,0",Jorge,,,Viaje de ocio | Pareja | Estudio | Estancia de 4 noches,,
PamplonaYamaguchi,Escrito en 20 de octubre de 2025,"8,0",Idoia,,,Viaje de ocio | Grupo | Apartamento de 1 dormitorio | Estancia de 1 noche | Enviado por móvil,,
PamplonaYamaguchi,Escrito en 15 de octubre de 2025,10,Fernandez,,,Viaje de negocios | Pareja | Apartamento de 1 dormitorio | Estancia de 1 noche | Enviado por móvil,,
PamplonaYamaguchi,Escrito en 13 de octubre de 2025,10,Julia,,,Viaje de ocio | Pareja | Estudio | Estancia de 2 noches | Enviado por móvil,,
PamplonaYamaguchi,Escrito en 9 de octubre de 2025,10,Carlos,,,Viaje de ocio | Pareja | Estudio | Estancia de 1 noche | Enviado por móvil,,
PamplonaYamaguchi,Escrito en 6 de octubre de 2025,"8,0",Isidro,,,Persona que viaja sola | Apartamento de 1 dormitorio | Estancia de 13 noches | Enviado por móvil,,
PamplonaYamaguchi,Escrito en 6 de octubre de 2025,"9,0",Elena,,,Viaje de ocio | Pareja | Estudio | Estancia de 2 noches | Enviado por móvil,,
PamplonaYamaguchi,Escrito en 6 de octubre de 2025,10,Rebeca,,,Viaje de ocio | Grupo | Apartamento de 1 dormitorio | Estancia de 1 noche,,
PamplonaYamaguchi,Escrito en 29 de septiembre de 2025,10,Yon,,,Viaje de ocio | Pareja | Apartamento de 1 dormitorio | Estancia de 1 noche | Enviado por móvil,,
PamplonaYamaguchi,Escrito en 20 de septiembre de 2025,"9,0",Feijoo,,,Viaje de ocio | Grupo de amigos | Apartamento de 1 dormitorio | Estancia de 1 noche | Enviado por móvil,,
PamplonaYamaguchi,Escrito en 20 de septiembre de 2025,"8,0",María,,,Viaje de negocios | Pareja | Estudio | Estancia de 5 noches | Enviado por móvil,,
PamplonaYamaguchi,Escrito en 20 de septiembre de 2025,10,Koldobika,,,Viaje de ocio | Grupo | Apartamento de 1 dormitorio | Estancia de 2 noches | Enviado por móvil,,
PamplonaYamaguchi,Escrito en 11 de septiembre de 2025,"9,0",Mª,,,Viaje de ocio | Pareja | Apartamento de 1 dormitorio | Estancia de 1 noche,,
PamplonaYamaguchi,Escrito en 7 de septiembre de 2025,10,Acosta,,,Viaje de ocio | Familia con niños pequeños | Apartamento de 2 dormitorios | Estancia de 14 noches | Enviado por móvil,,
PamplonaYamaguchi,Escrito en 3 de septiembre de 2025,"9,0",Águeda,,,Viaje de ocio | Grupo de amigos | Apartamento con terraza | Estancia de 2 noches | Enviado por móvil,,
PamplonaYamaguchi,Escrito en 31 de agosto de 2025,10,Enia,,,Viaje de ocio | Pareja | Apartamento de 1 dormitorio | Estancia de 4 noches | Enviado por móvil,,
PamplonaYamaguchi,Escrito en 30 de agosto de 2025,"8,0",Marco,,,Viaje de ocio | Familia con niños pequeños | Apartamento Deluxe | Estancia de 2 noches | Enviado por móvil,,
PamplonaYamaguchi,Escrito en 30 de agosto de 2025,"8,0",Horacio,,,Viaje de ocio | Familia con niños pequeños | Apartamento de 2 dormitorios | Estancia de 4 noches | Enviado por móvil,,
PamplonaYamaguchi,Escrito en 29 de agosto de 2025,"9,0",Francisco,,,Viaje de ocio | Familia con niños pequeños | Apartamento de 1 dormitorio | Estancia de 1 noche | Enviado por móvil,,
PamplonaYamaguchi,Escrito en 28 de agosto de 2025,10,Carlos,,,Viaje de ocio | Familia con niños pequeños | Apartamento de 2 dormitorios | Estancia de 1 noche | Enviado por móvil,,
PamplonaYamaguchi,Escrito en 28 de agosto de 2025,"8,0",Julen,,,Viaje de ocio | Pareja | Apartamento Deluxe | Estancia de 1 noche | Enviado por móvil,,
PamplonaYamaguchi,Escrito en 24 de marzo de 2025,"9,0",Rosana,,,Viaje de ocio | Familia con niños pequeños | Apartamento de 1 dormitorio | Estancia de 2 noches | Enviado por móvil,,
PamplonaYamaguchi,Escrito en 23 de marzo de 2025,10,Laura,,,Persona que viaja sola | Apartamento de 1 dormitorio | Estancia de 1 noche | Enviado por móvil,,
PamplonaYamaguchi,Escrito en 14 de marzo de 2025,"9,0",Laura,,,Persona que viaja sola | Estudio | Estancia de 5 noches | Enviado por móvil,,
PamplonaYamaguchi,Escrito en 11 de marzo de 2025,"8,0",Soraya,,,Viaje de ocio | Pareja | Estudio | Estancia de 1 noche | Enviado por móvil,,
PamplonaYamaguchi,Escrito en 8 de marzo de 2025,"9,0",Irma,,,Viaje de ocio | Grupo de amigos | Apartamento de 1 dormitorio | Estancia de 1 noche | Enviado por móvil,,
PamplonaYamaguchi,Escrito en 14 de febrero de 2025,"9,0",Aida,,,Viaje de ocio | Familia con niños pequeños | Apartamento de 2 dormitorios | Estancia de 1 noche | Enviado por móvil,,
PamplonaYamaguchi,Escrito en 14 de febrero de 2025,10,Naigle,,,Viaje de ocio | Grupo de amigos | Apartamento Deluxe | Estancia de 2 noches | Enviado por móvil,,
PamplonaYamaguchi,Escrito en 12 de febrero de 2025,"9,0",Manuel,,,Viaje de ocio | Pareja | Estudio | Estancia de 1 noche | Enviado por móvil,,
PamplonaYamaguchi,Escrito en 27 de enero de 2025,"8,0",Isabel,,,Viaje de ocio | Familia con niños pequeños | Apartamento de 1 dormitorio | Estancia de 1 noche | Enviado por móvil,,
PamplonaYamaguchi,Escrito en 23 de enero de 2025,10,María,,,Viaje de ocio | Familia con niños pequeños | Apartamento Deluxe | Estancia de 1 noche | Enviado por móvil,,
PamplonaYamaguchi,Escrito en 22 de enero de 2025,"8,0",Joselinha,,,Viaje de negocios | Pareja | Estudio | Estancia de 1 noche | Enviado por móvil,,
PamplonaYamaguchi,Escrito en 5 de enero de 2025,10,Amaia,,,Viaje de ocio | Pareja | Apartamento de 1 dormitorio | Estancia de 1 noche | Enviado por móvil,,
PamplonaYamaguchi,Escrito en 5 de enero de 2025,"8,0",Rodriguez,,,Viaje de ocio | Familia con niños pequeños | Apartamento de 1 dormitorio | Estancia de 9 noches | Enviado por móvil,,
PamplonaYamaguchi,Escrito en 3 de enero de 2025,10,Elena,,,Viaje de ocio | Grupo de amigos | Apartamento de 1 dormitorio | Estancia de 1 noche | Enviado por móvil,,
PamplonaYamaguchi,Escrito en 26 de diciembre de 2024,"9,0",Alberto,,,Viaje de ocio | Familia con niños pequeños | Apartamento de 1 dormitorio | Estancia de 10 noches | Enviado por móvil,,
PamplonaYamaguchi,Escrito en 22 de diciembre de 2024,10,Estefanía,,,Viaje de ocio | Grupo | Apartamento de 1 dormitorio | Estancia de 1 noche | Enviado por móvil,,
PamplonaYamaguchi,Escrito en 15 de diciembre de 2024,10,Teresa,,,Viaje de negocios | Persona que viaja sola | Apartamento de 1 dormitorio | Estancia de 1 noche | Enviado por móvil,,
PamplonaYamaguchi,Escrito en 8 de diciembre de 2024,"8,0",Aratz,,,Viaje de ocio | Grupo | Apartamento de 2 dormitorios | Estancia de 1 noche | Enviado por móvil,,
PamplonaYamaguchi,Escrito en 6 de diciembre de 2024,10,Sandra,,,Viaje de negocios | Pareja | Estudio | Estancia de 3 noches | Enviado por móvil,,
PamplonaYamaguchi,Escrito en 2 de diciembre de 2024,"8,0",Angel,,,Viaje de ocio | Pareja | Estudio | Estancia de 5 noches | Enviado por móvil,,
PamplonaYamaguchi,Escrito en 30 de noviembre de 2024,10,Pablo,,,Viaje de negocios | Pareja | Apartamento de 1 dormitorio | Estancia de 1 noche | Enviado por móvil,,
PamplonaYamaguchi,Escrito en 27 de noviembre de 2024,"8,0",Goia,,,Viaje de ocio | Grupo de amigos | Apartamento de 2 dormitorios | Estancia de 1 noche | Enviado por móvil,,
PamplonaYamaguchi,Escrito en 27 de noviembre de 2024,"9,0",Myryam,,,Viaje de ocio | Pareja | Estudio | Estancia de 1 noche | Enviado por móvil,,
PamplonaYamaguchi,Escrito en 24 de noviembre de 2024,"8,0",Alicia,,,Viaje de ocio | Grupo | Apartamento de 1 dormitorio | Estancia de 1 noche | Enviado por móvil,,
PamplonaYamaguchi,Escrito en 18 de noviembre de 2024,"9,0",Marina,,,Pareja | Apartamento de 1 dormitorio | Estancia de 2 noches | Enviado por móvil,,
PamplonaYamaguchi,Escrito en 18 de julio de 2024,"8,0",Eneko,,,Viaje de ocio | Pareja | Estudio | Estancia de 1 noche | Enviado por móvil,,
PamplonaYamaguchi,Escrito en 12 de julio de 2024,10,Isabel,,,Viaje de ocio | Pareja | Estudio | Estancia de 2 noches,,
PamplonaYamaguchi,Escrito en 12 de julio de 2024,10,Carolina,,,Viaje de ocio | Pareja | Estudio | Estancia de 5 noches | Enviado por móvil,,
PamplonaYamaguchi,Escrito en 12 de julio de 2024,10,Telmo,,,Viaje de ocio | Grupo de amigos | Apartamento de 1 dormitorio | Estancia de 3 noches | Enviado por móvil,,
PamplonaYamaguchi,Escrito en 9 de julio de 2024,"8,0",Lucia,,,Viaje de ocio | Grupo de amigos | Estudio | Estancia de 2 noches | Enviado por móvil,,
PamplonaYamaguchi,Escrito en 4 de julio de 2024,10,Araceli,,,Viaje de ocio | Pareja | Estudio | Estancia de 2 noches | Enviado por móvil,,
PamplonaYamaguchi,Escrito en 2 de julio de 2024,"8,0",Beatriz,,,Viaje de ocio | Pareja | Apartamento con terraza | Estancia de 3 noches | Enviado por móvil,,
PamplonaYamaguchi,Escrito en 28 de junio de 2024,"9,0",José,,,Viaje de ocio | Grupo de amigos | Apartamento de 1 dormitorio | Estancia de 2 noches | Enviado por móvil,,
PamplonaYamaguchi,Escrito en 26 de junio de 2024,10,Alejandro,,,Familia con niños pequeños | Apartamento Deluxe | Estancia de 3 noches | Enviado por móvil,,
PamplonaYamaguchi,Escrito en 20 de junio de 2024,"9,0",Carmen,,,Viaje de negocios | Pareja | Estudio | Estancia de 13 noches | Enviado por móvil,,
PamplonaYamaguchi,Escrito en 20 de junio de 2024,10,Silvestre,,,Pareja | Estudio | Estancia de 1 noche | Enviado por móvil,,
PamplonaYamaguchi,Escrito en 17 de junio de 2024,"9,0",Jaione,,,Viaje de ocio | Pareja | Estudio | Estancia de 1 noche | Enviado por móvil,,
PamplonaYamaguchi,Escrito en 14 de junio de 2024,10,Gabriela,,,Pareja | Estudio | Estancia de 3 noches | Enviado por móvil,,
PamplonaYamaguchi,Escrito en 9 de junio de 2024,"9,0",Roi,,,Viaje de negocios | Persona que viaja sola | Estudio | Estancia de 5 noches | Enviado por móvil,,
PamplonaYamaguchi,Escrito en 5 de junio de 2024,"8,0",Gotzon,,,Viaje de ocio | Familia con niños pequeños | Apartamento con terraza | Estancia de 1 noche | Enviado por móvil,,
PamplonaYamaguchi,Escrito en 1 de junio de 2024,10,Francia,,,Viaje de ocio | Pareja | Estudio | Estancia de 1 noche | Enviado por móvil,,
PamplonaYamaguchi,Escrito en 15 de mayo de 2024,10,Jorge,,,Pareja | Apartamento de 1 dormitorio | Estancia de 4 noches | Enviado por móvil,,
PamplonaYamaguchi,Escrito en 14 de mayo de 2024,"9,0",M,,,Pareja | Estudio | Estancia de 4 noches | Enviado por móvil,,
PamplonaYamaguchi,Escrito en 13 de mayo de 2024,"8,0",María,,,Persona que viaja sola | Apartamento de 1 dormitorio | Estancia de 2 noches | Enviado por móvil,,
PamplonaYamaguchi,Escrito en 9 de mayo de 2024,10,María,,,Viaje de ocio | Familia con niños pequeños | Apartamento de 1 dormitorio | Estancia de 8 noches,,
PamplonaYamaguchi,Escrito en 4 de mayo de 2024,"9,0",Jose,,,Viaje de negocios | Grupo | Apartamento con terraza | Estancia de 1 noche | Enviado por móvil,,
PamplonaYamaguchi,Escrito en 3 de mayo de 2024,10,Maider,,,Pareja | Apartamento de 1 dormitorio | Estancia de 4 noches | Enviado por móvil,,
PamplonaYamaguchi,Escrito en 27 de abril de 2024,10,Maria,,,Viaje de ocio | Pareja | Estudio | Estancia de 3 noches | Enviado por móvil,,
PamplonaYamaguchi,Escrito en 23 de abril de 2024,"9,0",Lvb,,,Viaje de negocios | Grupo | Estudio | Estancia de 1 noche,,
PamplonaYamaguchi,Escrito en 19 de abril de 2024,"8,0",Maria,,,Viaje de ocio | Pareja | Apartamento de 1 dormitorio | Estancia de 2 noches | Enviado por móvil,,
PamplonaYamaguchi,Escrito en 19 de octubre de 2023,"9,0",Olga,,,Viaje de negocios | Pareja | Apartamento de 1 dormitorio | Estancia de 1 noche | Enviado por móvil,,
PamplonaYamaguchi,Escrito en 18 de octubre de 2023,10,Jorge,,,Viaje de negocios | Persona que viaja sola | Apartamento de 1 dormitorio | Estancia de 1 noche | Enviado por móvil,,
PamplonaYamaguchi,Escrito en 17 de octubre de 2023,10,Iván,,,Viaje de ocio | Pareja | Estudio | Estancia de 4 noches | Enviado por móvil,,
PamplonaYamaguchi,Escrito en 1 de octubre de 2023,"9,0",Isabel,,,Viaje de negocios | Persona que viaja sola | Estudio | Estancia de 6 noches,,
PamplonaYamaguchi,Escrito en 28 de septiembre de 2023,"8,0",Agustin,,,Persona que viaja sola | Apartamento Deluxe | Estancia de 1 noche | Enviado por móvil,,
PamplonaYamaguchi,Escrito en 26 de septiembre de 2023,10,Alba,,,Viaje de ocio | Grupo de amigos | Apartamento de 2 dormitorios | Estancia de 1 noche | Enviado por móvil,,
PamplonaYamaguchi,Escrito en 25 de septiembre de 2023,"9,0",Laura,,,Viaje de ocio | Pareja | Apartamento de 1 dormitorio | Estancia de 1 noche | Enviado por móvil,,
PamplonaYamaguchi,Escrito en 24 de septiembre de 2023,10,Joaquin,,,Familia con niños pequeños | Apartamento Deluxe | Estancia de 2 noches | Enviado por móvil,,
PamplonaYamaguchi,Escrito en 22 de septiembre de 2023,"8,0",Dovale,,,Viaje de negocios | Pareja | Estudio | Estancia de 2 noches | Enviado por móvil,,
PamplonaYamaguchi,Escrito en 20 de septiembre de 2023,10,Marta,,,Viaje de ocio | Pareja | Apartamento de 1 dormitorio | Estancia de 4 noches | Enviado por móvil,,
PamplonaYamaguchi,Escrito en 17 de septiembre de 2023,10,Juanjosem_,,,Viaje de ocio | Pareja | Estudio | Estancia de 1 noche | Enviado por móvil,,
PamplonaYamaguchi,Escrito en 17 de septiembre de 2023,"9,0",Pablo,,,Viaje de ocio | Pareja | Apartamento con terraza | Estancia de 1 noche | Enviado por móvil,,
PamplonaYamaguchi,Escrito en 16 de septiembre de 2023,10,Maria,,,Viaje de ocio | Persona que viaja sola | Estudio | Estancia de 12 noches | Enviado por móvil,,
PamplonaYamaguchi,Escrito en 9 de septiembre de 2023,10,Javier,,,Viaje de ocio | Pareja | Estudio | Estancia de 1 noche | Enviado por móvil,,
PamplonaYamaguchi,Escrito en 8 de septiembre de 2023,"8,0",Adrián,,,Viaje de ocio | Familia con niños pequeños | Apartamento de 2 dormitorios | Estancia de 3 noches | Enviado por móvil,,
PamplonaYamaguchi,Escrito en 7 de septiembre de 2023,"9,0",Laura,,,Viaje de ocio | Pareja | Estudio | Estancia de 6 noches,,
PamplonaYamaguchi,Escrito en 5 de septiembre de 2023,"9,0",Susana,,,Viaje de ocio | Pareja | Estudio | Estancia de 4 noches | Enviado por móvil,,
PamplonaYamaguchi,Escrito en 4 de septiembre de 2023,"8,0",Anita,,,Viaje de ocio | Pareja | Estudio | Estancia de 2 noches | Enviado por móvil,,
PamplonaYamaguchi,Escrito en 3 de septiembre de 2023,10,Rocio,,,Viaje de ocio | Familia con niños pequeños | Apartamento de 2 dormitorios | Estancia de 1 noche | Enviado por móvil,,
PamplonaYamaguchi,Escrito en 2 de septiembre de 2023,10,Sonia,,,Pareja | Estudio | Estancia de 4 noches | Enviado por móvil,,
PamplonaYamaguchi,Escrito en 2 de septiembre de 2023,"8,0",Diaz,,,Viaje de ocio | Familia con niños pequeños | Apartamento de 1 dormitorio | Estancia de 3 noches | Enviado por móvil,,
PamplonaYamaguchi,Escrito en 1 de septiembre de 2023,10,Gema,,,Viaje de ocio | Pareja | Estudio | Estancia de 1 noche | Enviado por móvil,,
PamplonaYamaguchi,Escrito en 31 de agosto de 2023,"8,0",Barbara,,,Viaje de ocio | Grupo de amigos | Apartamento de 2 dormitorios | Estancia de 2 noches | Enviado por móvil,,
PamplonaYamaguchi,Escrito en 31 de agosto de 2023,10,María,,,Familia con niños pequeños | Estudio | Estancia de 2 noches | Enviado por móvil,,
PamplonaYamaguchi,Escrito en 31 de agosto de 2023,10,Susana,,,Viaje de ocio | Pareja | Estudio | Estancia de 3 noches | Enviado por móvil,,
PamplonaYamaguchi,Escrito en 21 de abril de 2023,"9,0",Cristina,,,Viaje de ocio | Familia con niños pequeños | Apartamento con terraza | Estancia de 4 noches | Enviado por móvil,,
PamplonaYamaguchi,Escrito en 17 de abril de 2023,10,Sergio,,,Viaje de ocio | Pareja | Estudio | Estancia de 1 noche | Enviado por móvil,,
PamplonaYamaguchi,Escrito en 16 de abril de 2023,10,Isabel,,,Viaje de ocio | Grupo | Apartamento Deluxe | Estancia de 1 noche | Enviado por móvil,,
PamplonaYamaguchi,Escrito en 15 de abril de 2023,10,Ivan,,,Viaje de ocio | Persona que viaja sola | Apartamento de 1 dormitorio | Estancia de 1 noche | Enviado por móvil,,
PamplonaYamaguchi,Escrito en 14 de abril de 2023,10,David,,,Viaje de negocios | Persona que viaja sola | Estudio | Estancia de 3 noches | Enviado por móvil,,
PamplonaYamaguchi,Escrito en 12 de abril de 2023,10,Ana,,,Viaje de ocio | Familia con niños pequeños | Estudio | Estancia de 2 noches,,
PamplonaYamaguchi,Escrito en 11 de abril de 2023,"8,0",Andrea,,,Viaje de ocio | Familia con niños pequeños | Apartamento de 1 dormitorio | Estancia de 1 noche,,
PamplonaYamaguchi,Escrito en 7 de abril de 2023,"9,0",Sonia,,,Viaje de ocio | Persona que viaja sola | Estudio | Estancia de 6 noches | Enviado por móvil,,
PamplonaYamaguchi,Escrito en 16 de marzo de 2023,"9,0",Panamos,,,Viaje de ocio | Pareja | Estudio | Estancia de 2 noches,,
PamplonaYamaguchi,Escrito en 12 de marzo de 2023,"8,0",Antonio,,,Viaje de ocio | Familia con niños pequeños | Apartamento de 1 dormitorio | Estancia de 1 noche | Enviado por móvil,,
PamplonaYamaguchi,Escrito en 12 de marzo de 2023,10,David,,,Viaje de ocio | Pareja | Estudio | Estancia de 1 noche | Enviado por móvil,,
PamplonaYamaguchi,Escrito en 12 de marzo de 2023,"8,0",Mª,,,Viaje de ocio | Familia con niños pequeños | Apartamento con terraza | Estancia de 3 noches | Enviado por móvil,,
PamplonaYamaguchi,Escrito en 8 de marzo de 2023,"9,0",Judith,,,Viaje de ocio | Grupo de amigos | Estudio | Estancia de 1 noche | Enviado por móvil,,
PamplonaYamaguchi,Escrito en 1 de marzo de 2023,"8,0",Ana,,,Viaje de ocio | Pareja | Apartamento de 1 dormitorio | Estancia de 3 noches | Enviado por móvil,,
PamplonaYamaguchi,Escrito en 27 de febrero de 2023,"9,0",Francisco,,,Viaje de negocios | Familia con niños pequeños | Apartamento con terraza | Estancia de 1 noche,,
PamplonaYamaguchi,Escrito en 27 de febrero de 2023,10,Sergio,,,Viaje de ocio | Pareja | Estudio | Estancia de 1 noche | Enviado por móvil,,
PamplonaYamaguchi,Escrito en 27 de febrero de 2023,"9,0",Julio,,,Viaje de ocio | Grupo | Apartamento Deluxe | Estancia de 3 noches | Enviado por móvil,,
PamplonaYamaguchi,Escrito en 26 de febrero de 2023,"9,0",Leticia,,,Viaje de ocio | Familia con niños pequeños | Apartamento con terraza | Estancia de 1 noche | Enviado por móvil,,
PamplonaYamaguchi,Escrito en 22 de febrero de 2023,10,Evaperiquin,,,Viaje de ocio | Pareja | Estudio | Estancia de 1 noche | Enviado por móvil,,
PamplonaYamaguchi,Escrito en 22 de febrero de 2023,10,Shivaroff,,,Viaje de negocios | Grupo | Apartamento con terraza | Estancia de 2 noches | Enviado por móvil,,
PamplonaYamaguchi,Escrito en 20 de febrero de 2023,"8,0",Miguel,,,Viaje de ocio | Pareja | Estudio | Estancia de 2 noches | Enviado por móvil,,
PamplonaYamaguchi,Escrito en 19 de febrero de 2023,"8,0",Paula,,,Viaje de ocio | Familia con niños pequeños | Apartamento de 1 dormitorio | Estancia de 1 noche | Enviado por móvil,,
PamplonaYamaguchi,Escrito en 18 de febrero de 2023,"8,0",Santiago,,,Pareja | Estudio | Estancia de 1 noche | Enviado por móvil,,
PamplonaYamaguchi,Escrito en 16 de febrero de 2023,"8,0",Natalia,,,Persona que viaja sola | Estudio | Estancia de 2 noches | Enviado por móvil,,
PamplonaYamaguchi,Escrito en 10 de febrero de 2023,10,Julia,,,Viaje de ocio | Pareja | Apartamento con terraza | Estancia de 9 noches | Enviado por móvil,,
PamplonaYamaguchi,Escrito en 6 de marzo de 2024,"1,0",Iker,,,Viaje de ocio | Grupo de amigos | Apartamento de 1 dormitorio | Estancia de 2 noches | Enviado por móvil,,
PamplonaYamaguchi,Escrito en 1 de marzo de 2024,"6,0",María,,,Viaje de ocio | Familia con niños pequeños | Apartamento de 1 dormitorio | Estancia de 3 noches | Enviado por móvil,,
PamplonaYamaguchi,Escrito en 4 de febrero de 2024,"7,0",Ariadna,,,Grupo de amigos | Apartamento de 2 dormitorios | Estancia de 2 noches | Enviado por móvil,,
PamplonaYamaguchi,Escrito en 13 de octubre de 2023,"7,0",Nuria,,,Viaje de ocio | Pareja | Apartamento de 1 dormitorio | Estancia de 2 noches | Enviado por móvil,,
PamplonaYamaguchi,Escrito en 27 de agosto de 2023,"7,0",Matilde,,,Viaje de ocio | Familia con niños pequeños | Apartamento con terraza | Estancia de 2 noches | Enviado por móvil,,
PamplonaYamaguchi,Escrito en 19 de agosto de 2023,"7,0",Sonia,,,Viaje de ocio | Grupo de amigos | Apartamento Deluxe | Estancia de 1 noche | Enviado por móvil,,
PamplonaYamaguchi,Escrito en 20 de julio de 2023,"7,0",Ximo,,,Viaje de ocio | Grupo | Apartamento Deluxe | Estancia de 2 noches,,
PamplonaYamaguchi,Escrito en 8 de julio de 2023,"6,0",Gil,,,Viaje de ocio | Pareja | Apartamento con terraza | Estancia de 1 noche | Enviado por móvil,,
PamplonaYamaguchi,Escrito en 3 de julio de 2023,"7,0",Fernando,,,Viaje de ocio | Grupo de amigos | Apartamento con terraza | Estancia de 1 noche | Enviado por móvil,,
PamplonaYamaguchi,Escrito en 15 de mayo de 2023,"6,0",David,,,Viaje de negocios | Persona que viaja sola | Apartamento de 1 dormitorio | Estancia de 3 noches | Enviado por móvil,,
PamplonaYamaguchi,Escrito en 7 de mayo de 2023,"7,0",Elena,,,Viaje de ocio | Pareja | Estudio | Estancia de 1 noche | Enviado por móvil,,
PamplonaYamaguchi,Escrito en 24 de abril de 2023,"7,0",Mikel,,,Viaje de ocio | Pareja | Estudio | Estancia de 4 noches | Enviado por móvil,,
PamplonaYamaguchi,Escrito en 16 de abril de 2023,"5,0",Coralia,,,Viaje de ocio | Grupo | Apartamento Deluxe | Estancia de 1 noche | Enviado por móvil,,
PamplonaYamaguchi,Escrito en 26 de marzo de 2023,"2,0",Manuel,,,Viaje de ocio | Pareja | Estudio | Estancia de 1 noche | Enviado por móvil,,
PamplonaYamaguchi,Escrito en 21 de marzo de 2023,"7,0",Lucia,,,Viaje de ocio | Grupo de amigos | Apartamento de 2 dormitorios | Estancia de 1 noche | Enviado por móvil,,
PamplonaYamaguchi,Escrito en 20 de febrero de 2023,"7,0",Molina,,,Grupo de amigos | Apartamento de 2 dormitorios | Estancia de 1 noche | Enviado por móvil,,
PamplonaYamaguchi,Escrito en 4 de septiembre de 2025,10,Anónimo,,,Viaje de ocio | Familia con niños pequeños | Apartamento de 1 dormitorio | Estancia de 4 noches | Enviado por móvil,,
PamplonaYamaguchi,Escrito en 17 de julio de 2025,10,Anónimo,,,Viaje de ocio | Pareja | Estudio | Estancia de 1 noche | Enviado por móvil,,
PamplonaYamaguchi,Escrito en 20 de julio de 2023,"9,0",Anónimo,,,Viaje de ocio | Pareja | Apartamento con terraza | Estancia de 2 noches | Enviado por móvil,,
PamplonaYamaguchi,Escrito en 18 de junio de 2023,10,Anónimo,,,Pareja | Estudio | Estancia de 1 noche | Enviado por móvil,,
PamplonaYamaguchi,Escrito en 16 de febrero de 2023,10,Anónimo,,,Viaje de ocio | Pareja | Estudio | Estancia de 1 noche | Enviado por móvil,,
PamplonaYamaguchi,Escrito en 21 de enero de 2023,10,Anónimo,,,Viaje de ocio | Pareja | Estudio | Estancia de 1 noche | Enviado por móvil,,
PamplonaYamaguchi,Escrito en 18 de enero de 2023,10,Anónimo,,,Viaje de ocio | Pareja | Apartamento de 2 dormitorios | Estancia de 1 noche | Enviado por móvil,,
PamplonaYamaguchi,Escrito en 9 de junio de 2023,"6,0",Anónimo,,,Viaje de ocio | Pareja | Estudio | Estancia de 3 noches | Enviado por móvil,,
ValenciaJardinBotanico,Escrito en 9 de diciembre de 2025,"8,0",Alejandro,"La tapa del baño no se mantenía arriba, necesitaba un ajuste. Pero todo estaba perfecto.","El personal muy amable, se bloqueó la puerta por un descuido y llamamos por teléfono y lo solucionaron al momento.",Viaje de ocio | Pareja | Estudio Familiar | Estancia de 1 noche | Enviado por móvil,16 comentarios,España
ValenciaJardinBotanico,Escrito en 3 de diciembre de 2025,"8,0",Ana,,La amplitud y la buena comunicación con los sitios a los que teníamos que ir.,Viaje de ocio | Grupo de amigos | Apartamento de 2 dormitorios | Estancia de 2 noches | Enviado por móvil,,
ValenciaJardinBotanico,Escrito en 28 de noviembre de 2025,"8,0",Jairo,El no tener una recepción personal,Era bastante amplio,Viaje de ocio | Familia con niños pequeños | Apartamento de 2 dormitorios | Estancia de 1 noche | Enviado por móvil,2 comentarios,España
ValenciaJardinBotanico,Escrito en 12 de noviembre de 2025,"8,0",Silvia,Ruidoso por ser planta baja con ventana a la calle,La ubicación y la facilidad para acceder,Viaje de ocio | Familia con niños pequeños | Estudio Familiar | Estancia de 2 noches | Enviado por móvil,59 comentarios,España
ValenciaJardinBotanico,Escrito en 29 de septiembre de 2025,"9,0",Sylvia,Un poco lejos del centro,"La limpieza 
Es muy confortable",Viaje de ocio | Familia con niños pequeños | Apartamento de 2 dormitorios | Estancia de 2 noches | Enviado por móvil,34 comentarios,Chile
ValenciaJardinBotanico,Escrito en 22 de septiembre de 2025,"7,0",Jesús,"En un apartamento para 6 personas hay, en el salón, una mesa con 4 sillas y un sofá de 2 plazas (o 3 muy apretados). El inmueble, escalera, está deteriorado.Mucho jaleo nocturno en los apartamentos contiguos.",,Viaje de ocio | Grupo | Apartamento de 3 dormitorios con terraza | Estancia de 2 noches,25 comentarios,España
ValenciaJardinBotanico,Escrito en 12 de septiembre de 2025,"8,0",Miguel,,Cómodo y super limpio todo! Céntrico !!Muy recomendable!,Viaje de ocio | Grupo de amigos | Estudio Familiar | Estancia de 1 noche | Enviado por móvil,,
ValenciaJardinBotanico,Escrito en 7 de septiembre de 2025,"8,0",Aida,"Que había hormigas el segundo día en la terraza y después entraron en el apartamento,tuve que comprar spray para que se acabasen",La ubicación,Viaje de ocio | Persona que viaja sola | Estudio con terraza | Estancia de 6 noches | Enviado por móvil,19 comentarios,España
ValenciaJardinBotanico,Escrito en 29 de agosto de 2025,"9,0",Manuel,,"Si me gusta y cómodo, lo recomiendo 100%",Viaje de ocio | Pareja | Estudio Familiar | Estancia de 2 noches | Enviado por móvil,,
ValenciaJardinBotanico,Escrito en 6 de agosto de 2025,"7,0",Elena,Me pareció abusivo pagar 20 euros por mi mascota. Dicen que te dan una cama y los comederos y unas chuches y no le habían dejado nada. Se lo pedimos y solo nos dieron un comedero y la cama.cuebtas con lo que pone en la página y al final no cumplen con ello. Si no lo tienen disponible al menos que te lo digan para llevarlo tú de tu casa,Las instalaciones y la limpieza,Viaje de ocio | Familia con niños pequeños | Apartamento de 2 dormitorios | Estancia de 1 noche | Enviado por móvil,7 comentarios,España
ValenciaJardinBotanico,Escrito en 1 de agosto de 2025,"9,0",Nadia,"El sillón cama es más bien para niños, muy fino el colchón.","Estaba muy limpio. Nos resultó cómodo en cuanto a su ubicación (con un super enfrente) y el apartamento está muy lindo. Los baños están muy bien, las sábanas y toallas impecables.",Viaje de ocio | Familia con niños pequeños | Apartamento de 2 dormitorios | Estancia de 3 noches | Enviado por móvil,10 comentarios,Uruguay
ValenciaJardinBotanico,Escrito en 30 de mayo de 2025,"7,0",Oscar,,Bien ubicado y cómodo para estancia corta,Viaje de ocio | Grupo | Apartamento de 2 dormitorios | Estancia de 1 noche | Enviado por móvil,,
ValenciaJardinBotanico,Escrito en 16 de abril de 2025,"9,0",Mari,"Era una planta baja y se escuchan los ruidos de la calle. Y un aparato que había encima de la puerta de entrada, (como un router) cada x tiempo destellaba una luz verde, que a mí para dormir me molestaba.","Todo estaba muy bien, pequeño pero con todo lo necesario. Moderno, bonito,muy limpio, olía muy bien. Una zona tranquila, a unos 10-12 minutos del centro caminando.",Viaje de ocio | Familia con niños pequeños | Estudio Familiar | Estancia de 1 noche | Enviado por móvil,19 comentarios,España
ValenciaJardinBotanico,Escrito en 6 de abril de 2025,"7,0",Lourdes,"Los vecino muy ruidosos y escandalosos , estuvimos en el 201 , y justo los de arriba empezaron a chillar y berrear a altas horas d ela madrugada, incluso movieron muebles , parecía que rompían cosas . Muy escandalosos. Descansamos poco","Muy bien situado , limpio, acogedor, en general todo fue genial a no ser por el inconveniente de los vecinos de arriba",Viaje de ocio | Grupo | Apartamento de 2 dormitorios | Estancia de 1 noche | Enviado por móvil,6 comentarios,España
ValenciaJardinBotanico,Escrito en 3 de abril de 2025,"7,0",Esperanza,,"El apartamento estaba muy bien, pero el colchón no era nada cómodo. Por todo lo demás bien.",Familia con niños pequeños | Estudio Familiar | Estancia de 1 noche | Enviado por móvil,,
ValenciaJardinBotanico,Escrito en 23 de febrero de 2025,"8,0",Miguel,"No había baño arriba.
El agua dura poco caliente.
Menaje escaso.
No había horno.
Escasez de productos de limpieza.
Faltan mantas.
No persianas.",,Viaje de ocio | Familia con niños pequeños | Apartamento de 3 dormitorios con terraza | Estancia de 2 noches | Enviado por móvil,13 comentarios,España
ValenciaJardinBotanico,Escrito en 10 de febrero de 2025,"9,0",Sanchez,Al día siguiente encontramos una cucaracha muerta en la encimera de la cocina.,"Cama cómoda, habitación con terraza, precio.",Viaje de ocio | Familia con niños pequeños | Estudio Familiar | Estancia de 1 noche | Enviado por móvil,8 comentarios,España
ValenciaJardinBotanico,Escrito en 6 de febrero de 2025,"9,0",Manuel,Cama un poco estrecha,Comunicaciones efectivas y regalo bienvenida,Viaje de ocio | Persona que viaja sola | Estudio con terraza | Estancia de 2 noches | Enviado por móvil,3 comentarios,España
ValenciaJardinBotanico,Escrito en 28 de enero de 2025,"9,0",Ana,,"Nuevo, bien ubicado para ir al centro",Viaje de ocio | Grupo | Apartamento de 2 dormitorios | Estancia de 1 noche | Enviado por móvil,,
ValenciaJardinBotanico,Escrito en 26 de enero de 2025,"9,0",Douglas,Faltó ropa de abrigo para las camas,"Espectacular!!!
Era justo lo que necesitábamos",Viaje de ocio | Familia con niños pequeños | Apartamento de 2 dormitorios | Estancia de 1 noche | Enviado por móvil,9 comentarios,Chile
ValenciaJardinBotanico,Escrito en 15 de enero de 2025,"9,0",Carolina,,Los detalles y la limpieza,Pareja | Estudio Familiar | Estancia de 1 noche | Enviado por móvil,,
ValenciaJardinBotanico,Escrito en 6 de enero de 2025,"8,0",Damian,El colchon era muy malo para la calidad de las instalaciones. Termine con dolor de espalda.,"Las instalaciones, que permita mascotas, y la ubicación céntrica.",Viaje de ocio | Pareja | Estudio Familiar | Estancia de 3 noches | Enviado por móvil,11 comentarios,España
ValenciaJardinBotanico,Escrito en 5 de enero de 2025,"8,0",Juan,Nada,"La habitacion estaba como nueva y muy limpia
La cama muy comoda .
Muy cerca del centro y con aparcamiento al lado del edificio a unos minutos andando ,",Pareja | Estudio Familiar | Estancia de 2 noches | Enviado por móvil,23 comentarios,España
ValenciaJardinBotanico,Escrito en 27 de diciembre de 2024,"8,0",Javier,"Por decir algo,  el sofá cama  no era muy cómodo.  Pero las camas de las  habitaciones si.",El apartamento es amplio y cómodo. Muy limpio. Con todo lo necesario para una estancia como en casa.  El acceso al edificio y al apartamento es electrónico con pin,Viaje de ocio | Familia con niños pequeños | Apartamento de 2 dormitorios | Estancia de 2 noches | Enviado por móvil,27 comentarios,España
ValenciaJardinBotanico,Escrito en 30 de diciembre de 2025,"1,0",Paqui,"Hemos pasado una noche en un apartamento para 8 personas y el calentador del agua se había desconfigurado, así que no hemos tenido agua caliente en toda la estancia y no nos han dado ninguna solución, más que enviar a dos chicas, que no tenían ni idea  a revisarlo. 
Solo había una manta para 4 camas, así que nos hemos tapado con las toallas.
Todavía nadie ha contactado con nosotras para darnos alguna explicación.",,Viaje de ocio | Familia con niños pequeños | Apartamento de 3 dormitorios con terraza | Estancia de 1 noche | Enviado por móvil,8 comentarios,España
ValenciaJardinBotanico,Escrito en 14 de diciembre de 2025,10,Carmen,,"Muy cómodo y limpio. Todo muy bien organizado. Detalle de bienvenida. 
Desayuno en un horno cafetería cercano.",Pareja | Estudio Familiar | Estancia de 1 noche | Enviado por móvil,,
ValenciaJardinBotanico,Escrito en 5 de diciembre de 2025,10,Jose,,La ubicación.,Familia con niños pequeños | Apartamento de 2 dormitorios | Estancia de 3 noches | Enviado por móvil,,
ValenciaJardinBotanico,Escrito en 3 de diciembre de 2025,"6,0",Emanuele,Está a pie de calle con la ventana que no permite nada de intimidad,La posición,Viaje de negocios | Persona que viaja sola | Estudio Familiar | Estancia de 1 noche | Enviado por móvil,78 comentarios,España
ValenciaJardinBotanico,Escrito en 3 de diciembre de 2025,"4,0",Alejandro,A las 6.30 de la mañana sono la alarma de incendios que nos desperto a todos..un horror,Ubicacion,Persona que viaja sola | Estudio con terraza | Estancia de 1 noche | Enviado por móvil,10 comentarios,España
ValenciaJardinBotanico,Escrito en 24 de noviembre de 2025,"6,0",Poggi,"Pedí el parking cuando hice la reserva, y de todas maneras no me lo gestionaron. Dijeron que necesitaba avisar con 24 horas de anticipación y ese proceso no lo explican en ningún sitio, sino hubiese reiterado mi pedido. Los baños están super limpios pero hay un olor a cloaca que es realmente insoportable. Debe ser por un defecto en la remodelación, pero es realmente asqueroso.","El piso está bien. Es un edificio reformado con todos apartamentos de alquiler temporal, es grande, y está bien decorado. Las toallas y las sábanas impecables, las camas cómodas.",Viaje de ocio | Familia con niños pequeños | Apartamento de 2 dormitorios | Estancia de 1 noche,1 comentario,España
ValenciaJardinBotanico,Escrito en 29 de octubre de 2025,10,Isabel,,"Genial el piso, super espacioso. Tienes varias tiendas al lado, paradas de autobuses y la catedral a unos 15 minutos andando.",Viaje de ocio | Familia con niños pequeños | Apartamento de 2 dormitorios | Estancia de 2 noches | Enviado por móvil,,
ValenciaJardinBotanico,Escrito en 17 de octubre de 2025,"2,0",Tonijulius,Una hora desde que pague para poder acceder,,Viaje de ocio | Persona que viaja sola | Apartamento de 3 dormitorios con terraza | Estancia de 1 noche | Enviado por móvil,1 comentario,España
ValenciaJardinBotanico,Escrito en 3 de octubre de 2025,"3,0",Josep,"Las losas del baño y la puerta estaban con pelos. La cama muy incómoda. La televisión está en frente de la cama y, al lado está un pequeño salón con un sofá, desde el que no se puede divisar la televisión puesto que hay un muro. Si quieres ver la tv, tienes q acostarte en la cama. Ridículo tener un salón con un sofá y desde el que no se puede ver la tele. La nevera no funciona la luz. no hay armario, sólo un pequeño mueblo donde puedes colgar la ropa y dejar la maleta, todo al descubierto.Dan opción de parking cercano, en las fotos que pone la web. el parking es nuevo, luminoso y espacioso, todo lo contrario a o que es en realidad.","El check-in es bastante complicado, la página no carga, estuve más de 15 min alli sin poder entrar en medio de la calle.",Viaje de negocios | Persona que viaja sola | Estudio con terraza | Estancia de 2 noches,13 comentarios,España
ValenciaJardinBotanico,Escrito en 28 de septiembre de 2025,10,Claudia,,Regalo de. Bienvenida y detalles para la mascota plato bocaditos cama,Viaje de ocio | Familia con niños pequeños | Estudio con terraza | Estancia de 2 noches | Enviado por móvil,,
ValenciaJardinBotanico,Escrito en 17 de septiembre de 2025,"4,0",Gladys,Todo lo básico que necesitas te lo cobran,Poco,Viaje de ocio | Grupo | Estudio Familiar | Estancia de 1 noche | Enviado por móvil,2 comentarios,Argentina
ValenciaJardinBotanico,Escrito en 5 de agosto de 2025,10,Leonardo,Muy bien todo.,"Todo excelente, volvería sin pensarlo.",Viaje de ocio | Familia con niños pequeños | Apartamento de 2 dormitorios | Estancia de 1 noche | Enviado por móvil,1 comentario,España
ValenciaJardinBotanico,Escrito en 29 de junio de 2025,10,Samuel,Una pena que no haya parking más cercano,"Ubicación perfecta. A un paso del centro y con todos los servicios al lado. 
Todo muy limpio y muy práctico. El apartamento tiene todo lo necesario para estar como en casa.
Fantástica la atención de Libere. Nos facilitaron un aparcamiento y el early check-in a un precio razonable y de manera muy sencilla.",Viaje de ocio | Familia con niños pequeños | Estudio Familiar | Estancia de 1 noche | Enviado por móvil,6 comentarios,España
ValenciaJardinBotanico,Escrito en 10 de junio de 2025,10,Veroll,El baño habitación principal  al no tener mampara se sale el agua,"Excelente apartamento moderno recién remodelado muy buena ubicación puedes ir caminado al. Centro de valencia
Nos esperaron con cápsulas de café y zumos  
Todo perfecto",Viaje de ocio | Familia con niños pequeños | Apartamento de 2 dormitorios | Estancia de 2 noches | Enviado por móvil,17 comentarios,España
ValenciaJardinBotanico,Escrito en 26 de mayo de 2025,"3,0",Mamenmejmart,"No me gustó, la hora de entrada del Check In (a las 15:00 horas), les pregunté si había forma de adelantarlo (pagando obviamente) y me dijeron que llamara el mismo día un rato antes, lo hice y me dijeron que nunca había opción de entrar en los apartamento grandes antes, por lo que no comprendo para qué me dijeron que llamara ese mismo día.No me gustó que les solicitamos consigna para dejar las maletas por no poder hacer el check in y no tenían, por lo que me recomendaron un sitio de consignas y al pagarlo me hicieron cancelarlo porque se dieron cuenta después de realizar el pago que ellos mismos me habilitaron a través de su app, que ya no tenían contrato con esa compañía de consignas, les pedí ayuda para conseguir una consigna y me dijeron que tenía que ser yo quién buscara otra opción. Por loq ue fue lo que hice.Por último, el día de salida, el check out era a las 11 de la mañana (vamos que entre el check in a las 15 y el check out a las 11 casi no aprovechas lo que pagas) nos tocaron la puerta a las 11 en punto y la persona que estaba nos dijo: FINISH! nuestra cara fue un poema al decirle FINISH QUÉ? y se fue. Tras esto llamaron en 10 minutos otras dos veces las personas de limpieza (ellas fueron muy amables) pero no me parece de recibo que ni siquiera digan buenos días y te metan presión para salir de la habitación. Estuve hace tiempo en el Líbere de Vitoria y quedé encantada, este es un desastre, sin recepción, sin máquinas de vending,... desde luego no volveré",El tamaño del apartamento era perfecto para siete personas,Viaje de ocio | Grupo | Apartamento de 3 dormitorios con terraza | Estancia de 1 noche,13 comentarios,España
ValenciaJardinBotanico,Escrito en 11 de mayo de 2025,10,Fatima,,comodo,Viaje de negocios | Persona que viaja sola | Estudio con terraza | Estancia de 1 noche | Enviado por móvil,,
ValenciaJardinBotanico,Escrito en 30 de marzo de 2025,10,Andres,,Pequeño y práctico,Viaje de negocios | Persona que viaja sola | Estudio con terraza | Estancia de 1 noche | Enviado por móvil,,
ValenciaJardinBotanico,Escrito en 24 de marzo de 2025,"6,0",Guillermo,"El baño tenía un olor a tuberia insoportable.
Las habitaciones están mal aisladas y se oye a la gente pasando por la calle, por el hall e incluso por las escaleras de pisos superiores.
Habia una luz que iluminaba la habitación de noche cada pocos minutos (router o punto wifi en el techo)","Distribución correcta, limpio, cocina completa, céntrico, todo nuevo.",Viaje de ocio | Pareja | Estudio Familiar | Estancia de 1 noche | Enviado por móvil,9 comentarios,España
ValenciaJardinBotanico,Escrito en 14 de febrero de 2025,"5,0",Lidiana,El colchón era excesivamente duro,Estaba limpio,Viaje de negocios | Persona que viaja sola | Estudio con terraza | Estancia de 1 noche | Enviado por móvil,13 comentarios,España
ValenciaJardinBotanico,Escrito en 6 de enero de 2025,10,Anabel,La dificultad de aoarcamiento por la zona,"Apartamento muy espacioso, cuidadosamente decorado y limpio",Viaje de ocio | Familia con niños pequeños | Apartamento de 2 dormitorios | Estancia de 1 noche | Enviado por móvil,31 comentarios,España
ValenciaJardinBotanico,Escrito en 28 de diciembre de 2024,10,Fuencisla,Hubo un problema en la puerta del portal con los dígitos... No se abría. Llamé y me abrieron.,"La distribución del espacio, la limpieza, la ubicación (en mi caso, cerca de la casa de mi sobrino).",Grupo de amigos | Estudio con terraza | Estancia de 1 noche | Enviado por móvil,5 comentarios,España
ValenciaJardinBotanico,Escrito en 14 de diciembre de 2024,10,Manuel,,"Fue corto para dormir q veníamos de viaje pero el apartamento estuvo muy muy bien
La próxima intentaremos repetir si podemos pero más largo",Viaje de ocio | Familia con niños pequeños | Apartamento de 2 dormitorios | Estancia de 1 noche | Enviado por móvil,,
ValenciaJardinBotanico,Escrito en 25 de noviembre de 2024,10,Mar,"Nada, todo perfecto!",Súper limpio y todo nuevo. Perfecto!,Viaje de negocios | Persona que viaja sola | Estudio con terraza | Estancia de 1 noche | Enviado por móvil,36 comentarios,España
ValenciaJardinBotanico,Escrito en 13 de noviembre de 2024,10,Belén,Todo estaba bien,Todo,Viaje de negocios | Persona que viaja sola | Estudio Familiar | Estancia de 2 noches | Enviado por móvil,16 comentarios,España
ValenciaJardinBotanico,Escrito en 4 de agosto de 2025,"9,0",Olivia,,,Viaje de ocio | Familia con niños pequeños | Apartamento de 2 dormitorios | Estancia de 1 noche | Enviado por móvil,,
ValenciaJardinBotanico,Escrito en 4 de agosto de 2025,"8,0",Javier,,,Viaje de ocio | Familia con niños pequeños | Apartamento de 2 dormitorios | Estancia de 1 noche,,
ValenciaJardinBotanico,Escrito en 24 de julio de 2025,"7,0",Andoni,,,Persona que viaja sola | Estudio con terraza | Estancia de 1 noche | Enviado por móvil,,
ValenciaJardinBotanico,Escrito en 20 de julio de 2025,"8,0",Carolina,,,Viaje de ocio | Familia con niños pequeños | Apartamento de 2 dormitorios | Estancia de 1 noche | Enviado por móvil,,
ValenciaJardinBotanico,Escrito en 15 de julio de 2025,"9,0",Maria,,,Viaje de ocio | Grupo | Estudio Familiar | Estancia de 2 noches,,
ValenciaJardinBotanico,Escrito en 27 de junio de 2025,"8,0",Antonio,,,Viaje de ocio | Grupo | Apartamento de 2 dormitorios | Estancia de 2 noches,,
ValenciaJardinBotanico,Escrito en 12 de junio de 2025,"9,0",Rubén,,,Viaje de ocio | Familia con niños pequeños | Apartamento de 2 dormitorios | Estancia de 1 noche | Enviado por móvil,,
ValenciaJardinBotanico,Escrito en 2 de junio de 2025,"8,0",Beatriz,,,Viaje de ocio | Grupo | Apartamento de 2 dormitorios | Estancia de 1 noche | Enviado por móvil,,
ValenciaJardinBotanico,Escrito en 31 de mayo de 2025,"8,0",Almudena,,,Viaje de ocio | Pareja | Estudio con terraza | Estancia de 1 noche | Enviado por móvil,,
ValenciaJardinBotanico,Escrito en 9 de mayo de 2025,"9,0",Álvaro,,,Viaje de ocio | Familia con niños pequeños | Apartamento de 3 dormitorios con terraza | Estancia de 1 noche | Enviado por móvil,,
ValenciaJardinBotanico,Escrito en 29 de abril de 2025,"9,0",Maria,,,Viaje de ocio | Familia con niños pequeños | Estudio Familiar | Estancia de 1 noche | Enviado por móvil,,
ValenciaJardinBotanico,Escrito en 27 de abril de 2025,"8,0",Carlos,,,Viaje de negocios | Persona que viaja sola | Estudio con terraza | Estancia de 1 noche,,
ValenciaJardinBotanico,Escrito en 31 de marzo de 2025,"9,0",Susana,,,Viaje de ocio | Grupo de amigos | Apartamento de 3 dormitorios con terraza | Estancia de 1 noche | Enviado por móvil,,
ValenciaJardinBotanico,Escrito en 30 de marzo de 2025,"9,0",Claudio,,,Viaje de ocio | Familia con niños pequeños | Apartamento de 2 dormitorios | Estancia de 1 noche | Enviado por móvil,,
ValenciaJardinBotanico,Escrito en 21 de marzo de 2025,"9,0",Elisabeth,,,Viaje de ocio | Persona que viaja sola | Estudio con terraza | Estancia de 1 noche | Enviado por móvil,,
ValenciaJardinBotanico,Escrito en 21 de marzo de 2025,"9,0",Daniel,,,Viaje de ocio | Grupo de amigos | Estudio Familiar | Estancia de 1 noche | Enviado por móvil,,
ValenciaJardinBotanico,Escrito en 9 de marzo de 2025,"8,0",Mercedes,,,Viaje de ocio | Grupo | Estudio Familiar | Estancia de 1 noche | Enviado por móvil,,
ValenciaJardinBotanico,Escrito en 26 de febrero de 2025,"8,0",Isidoro,,,Familia con niños pequeños | Apartamento de 2 dormitorios | Estancia de 2 noches | Enviado por móvil,,
ValenciaJardinBotanico,Escrito en 26 de febrero de 2025,"9,0",Alejandro,,,Viaje de negocios | Persona que viaja sola | Estudio Familiar | Estancia de 1 noche,,
ValenciaJardinBotanico,Escrito en 24 de febrero de 2025,"8,0",Xavier,,,Viaje de ocio | Familia con niños pequeños | Apartamento de 2 dormitorios | Estancia de 2 noches | Enviado por móvil,,
ValenciaJardinBotanico,Escrito en 15 de febrero de 2025,"9,0",A,,,Viaje de ocio | Familia con niños pequeños | Apartamento de 2 dormitorios | Estancia de 1 noche,,
ValenciaJardinBotanico,Escrito en 29 de enero de 2025,"8,0",Cristina,,,Viaje de ocio | Familia con niños pequeños | Apartamento de 3 dormitorios con terraza | Estancia de 1 noche | Enviado por móvil,,
ValenciaJardinBotanico,Escrito en 26 de enero de 2025,"9,0",Pablo,,,Viaje de ocio | Familia con niños pequeños | Apartamento de 2 dormitorios | Estancia de 1 noche | Enviado por móvil,,
ValenciaJardinBotanico,Escrito en 22 de enero de 2025,"9,0",Cesar,,,Viaje de ocio | Familia con niños pequeños | Apartamento de 2 dormitorios | Estancia de 1 noche,,
ValenciaJardinBotanico,Escrito en 10 de enero de 2025,"9,0",Guillermo,,,Viaje de negocios | Persona que viaja sola | Estudio con terraza | Estancia de 2 noches | Enviado por móvil,,
ValenciaJardinBotanico,Escrito en 23 de agosto de 2025,10,Gisselle,,,Viaje de ocio | Familia con niños pequeños | Apartamento de 2 dormitorios | Estancia de 1 noche | Enviado por móvil,,
ValenciaJardinBotanico,Escrito en 12 de julio de 2025,"6,0",Alvarez,,,Viaje de ocio | Familia con niños pequeños | Apartamento de 3 dormitorios con terraza | Estancia de 1 noche | Enviado por móvil,,
ValenciaJardinBotanico,Escrito en 2 de marzo de 2025,10,Yanet,,,Viaje de ocio | Grupo de amigos | Apartamento de 2 dormitorios | Estancia de 1 noche | Enviado por móvil,,
ValenciaJardinBotanico,Escrito en 14 de febrero de 2025,"1,0",Faisal,,,Viaje de negocios | Grupo | Apartamento de 3 dormitorios con terraza | Estancia de 1 noche | Enviado por móvil,,
ValenciaJardinBotanico,Escrito en 6 de febrero de 2025,10,Luis,,,Pareja | Estudio Familiar | Estancia de 1 noche | Enviado por móvil,,
ValenciaJardinBotanico,Escrito en 6 de febrero de 2025,10,Mariana,,,Viaje de ocio | Pareja | Estudio Familiar | Estancia de 1 noche | Enviado por móvil,,
ValenciaJardinBotanico,Escrito en 29 de enero de 2025,10,Ana,,,Pareja | Estudio Familiar | Estancia de 2 noches | Enviado por móvil,,
ValenciaJardinBotanico,Escrito en 28 de enero de 2025,10,Mina,,,Viaje de negocios | Persona que viaja sola | Estudio con terraza | Estancia de 1 noche | Enviado por móvil,,
ValenciaJardinBotanico,Escrito en 23 de enero de 2025,10,Parente,,,Viaje de ocio | Grupo de amigos | Estudio Familiar | Estancia de 1 noche | Enviado por móvil,,
ValenciaJardinBotanico,Escrito en 18 de enero de 2025,10,Gabriel,,,Viaje de ocio | Persona que viaja sola | Estudio con terraza | Estancia de 2 noches | Enviado por móvil,,
ValenciaJardinBotanico,Escrito en 9 de diciembre de 2024,10,Enrique,,,Viaje de ocio | Familia con niños pequeños | Apartamento de 2 dormitorios | Estancia de 2 noches | Enviado por móvil,,
ValenciaJardinBotanico,Escrito en 2 de diciembre de 2024,10,Carlos,,,Viaje de negocios | Grupo | Apartamento de 3 dormitorios con terraza | Estancia de 1 noche,,
ValenciaJardinBotanico,Escrito en 10 de octubre de 2024,10,Pardines,,,Grupo de amigos | Estudio con terraza | Estancia de 1 noche | Enviado por móvil,,
ValenciaJardinBotanico,Escrito en 29 de septiembre de 2024,10,Adrian,,,Viaje de ocio | Grupo de amigos | Apartamento de 2 dormitorios | Estancia de 1 noche | Enviado por móvil,,
ValenciaJardinBotanico,Escrito en 21 de septiembre de 2024,10,Sergio,,,Viaje de ocio | Pareja | Estudio Familiar | Estancia de 1 noche | Enviado por móvil,,
ValenciaJardinBotanico,Escrito en 24 de agosto de 2024,10,Iara,,,Pareja | Estudio Familiar | Estancia de 1 noche | Enviado por móvil,,
ValenciaJardinBotanico,Escrito en 21 de agosto de 2024,"5,0",Vidal,,,Viaje de ocio | Persona que viaja sola | Estudio con terraza | Estancia de 1 noche | Enviado por móvil,,
ValenciaJardinBotanico,Escrito en 18 de agosto de 2024,10,Sonia,,,Viaje de ocio | Grupo de amigos | Estudio Familiar | Estancia de 2 noches | Enviado por móvil,,
ValenciaJardinBotanico,Escrito en 21 de mayo de 2024,10,Isabel,,,Viaje de negocios | Grupo | Apartamento de 2 dormitorios | Estancia de 1 noche,,
ValenciaJardinBotanico,Escrito en 4 de marzo de 2024,"4,0",Romeo,,,Viaje de ocio | Persona que viaja sola | Estudio con terraza | Estancia de 2 noches | Enviado por móvil,,
ValenciaJardinBotanico,Escrito en 8 de febrero de 2024,10,Marga,,,Viaje de ocio | Pareja | Estudio Familiar | Estancia de 1 noche | Enviado por móvil,,
ValenciaJardinBotanico,Escrito en 24 de septiembre de 2023,"6,0",Carlos,,,Viaje de ocio | Grupo | Apartamento de 2 dormitorios | Estancia de 5 noches,,
ValenciaJardinBotanico,Escrito en 4 de septiembre de 2023,10,Rosa,,,Viaje de ocio | Grupo | Apartamento de 3 dormitorios con terraza | Estancia de 1 noche,,
ValenciaJardinBotanico,Escrito en 18 de agosto de 2023,10,Iolanda,,,Viaje de ocio | Familia con niños pequeños | Estudio Familiar | Estancia de 1 noche | Enviado por móvil,,
ValenciaJardinBotanico,Escrito en 13 de agosto de 2023,10,Marvin,,,Viaje de ocio | Grupo de amigos | Apartamento de 2 dormitorios | Estancia de 1 noche | Enviado por móvil,,
MadridPalacioReal,Escrito en 29 de diciembre de 2025,"9,0",Julia,El sofa cama no lo mas cómodo. y la puerta del baño ofrece muy poca intimidad,,Viaje de ocio | Familia con niños pequeños | Estudio Deluxe | Estancia de 1 noche,7 comentarios,España
MadridPalacioReal,Escrito en 28 de diciembre de 2025,"9,0",Inmaculada,"Había ruido en la calle, aunque era soportable.",La ubicación y la decoración,Viaje de ocio | Familia con niños pequeños | Estudio Deluxe | Estancia de 1 noche | Enviado por móvil,8 comentarios,España
MadridPalacioReal,Escrito en 14 de diciembre de 2025,"8,0",Diaz,"Una consigna casi minuscula, que hace casi imposible dejar el equipaje, en una ciudad como Madrid eso es casi vital.
La colocacion del desayuno durante el fin de semana se retraso casi 30 minutos... obligandonos a cambiar el itinerario de algunas actividades.",La situación y la comodidad del apartamento,Familia con niños pequeños | Estudio | Estancia de 3 noches | Enviado por móvil,11 comentarios,España
MadridPalacioReal,Escrito en 9 de diciembre de 2025,"9,0",Naiara,"Lo unico que destacaria fue que al ser un espacio tan diafano,sin separaciòn ninguna si alguno se despierta por la noche y enciende una luz iluminas toda la estancia,nosotros viajamos con nuestras hijas que dormian abajo,pero daba igual la luz del baño de arriba o las mesillas daban luz a todo el apartamento y para nosotros ha resultado un poco molesto junto con el ruido de la calle por la noche,que aun estando en 2 planta se oia mucho,aun asi estuvimos bien,el apartamento muy limpio y espacioso,todo hay que decirlo h la chica que atendia el buffet del desayuno un 10","La ubicacion lo mejor y el acceso a lugares para visitar pudiendo hacerlo a pie o en metro,cerca hay muchas estaciones",Viaje de ocio | Familia con niños pequeños | Estudio Deluxe | Estancia de 3 noches | Enviado por móvil,1 comentario,España
MadridPalacioReal,Escrito en 8 de diciembre de 2025,"8,0",Marcos,Precio elevado,La ubicación,Viaje de ocio | Familia con niños pequeños | Estudio Deluxe | Estancia de 3 noches | Enviado por móvil,9 comentarios,España
MadridPalacioReal,Escrito en 24 de noviembre de 2025,"9,0",Marcos,,Ubicación,Viaje de ocio | Familia con niños pequeños | Estudio Deluxe | Estancia de 2 noches | Enviado por móvil,,
MadridPalacioReal,Escrito en 31 de octubre de 2025,"9,0",Ml,"Lamentablemente me ha tocado trabajar los 3 días y solo diría que al ser un dúplex y tener los techos altos en el salón, me ha parecido que faltaba un poco de luz para poder trabajar.","La ubicación es excelente. El desayuno es muy completo. Destaco el trato del personal especialmente de quien estuvo a cargo de los desayunos. Su trato ha sido impecable, muy cordial y siempre atenta.",Viaje de ocio | Familia con niños pequeños | Estudio Deluxe | Estancia de 3 noches | Enviado por móvil,6 comentarios,España
MadridPalacioReal,Escrito en 23 de octubre de 2025,"8,0",Javier,El ruido del portón principal,Excelente y céntrico,Viaje de ocio | Familia con niños pequeños | Estudio Deluxe | Estancia de 1 noche | Enviado por móvil,27 comentarios,Venezuela
MadridPalacioReal,Escrito en 22 de octubre de 2025,"9,0",Hugo,"Todo bien. Solo diría que no pude usar la app para abrir la puerta del departamento con el teléfono (solo me funcionó para la puerta principal del edificio a la calle), pero el resto todo muy bien.","Alojamiento limpio y amplio, con cafetera (se agradece).",Viaje de ocio | Persona que viaja sola | Estudio | Estancia de 2 noches | Enviado por móvil,3 comentarios,Chile
MadridPalacioReal,Escrito en 6 de octubre de 2025,"9,0",Samuel,"Los aires acondicionados se encendían automáticamente por las tardes,a 16 grados frío,y cd llegábamos por las noches el apartamento estaba helado.
Está muy cerca de discotecas con lo que es una zona muy ruidosa,el propio apartamento como conoce ese problema te regala unos tapones para el ruido.",La localización y amplitud del apartamento,Viaje de ocio | Familia con niños pequeños | Estudio Deluxe | Estancia de 3 noches | Enviado por móvil,60 comentarios,España
MadridPalacioReal,Escrito en 21 de septiembre de 2025,"9,0",Javier,Sofá cama un poco incómodo,Localización.,Familia con niños pequeños | Estudio Dúplex | Estancia de 1 noche | Enviado por móvil,73 comentarios,España
MadridPalacioReal,Escrito en 17 de septiembre de 2025,"8,0",Javier,La puerta principal muy ruidosa para las habitaciones cercanas,La ubicación en el centro de madrid,Viaje de ocio | Familia con niños pequeños | Estudio Deluxe | Estancia de 11 noches | Enviado por móvil,27 comentarios,Venezuela
MadridPalacioReal,Escrito en 8 de septiembre de 2025,"7,0",Ablgm,"Al ser un edificio de apartamentos no hay persona (excepto en desayunos),  con lo que si tienes una necesidad, la atención es por WhatsApp y en nuestro caso no se llegó a atender.
Escalera del ""dúplex"" no aptas para personas mayores. No fue nuestro caso, pero algo peligrosas.","Ubicación
Limpieza
Amplitud 
Atención personal desayuno",Viaje de ocio | Familia con niños pequeños | Estudio Deluxe | Estancia de 2 noches | Enviado por móvil,23 comentarios,España
MadridPalacioReal,Escrito en 30 de agosto de 2025,"8,0",Jerónimo,"Le falta más ventilación, luz y la televisión no tenía Netflix.","Muy bien ubicado, cómodo y limpio.",Viaje de ocio | Pareja | Estudio | Estancia de 2 noches | Enviado por móvil,3 comentarios,Argentina
MadridPalacioReal,Escrito en 22 de agosto de 2025,"8,0",Magabmdq,El duplex que nos tocó era lindo y luminoso decorado con gusto pero un poco chico para 4 personas.  Además el sillón cama no es muy cómodo.,Muy buena ubicación a un paso de Gran Via. Lugares para comer variado en la zona. Lo mismo todo cerca si vas de compras. Y también mercados si querés ahorrar y no comer siempre afuera.,Viaje de ocio | Familia con niños pequeños | Estudio Deluxe | Estancia de 3 noches | Enviado por móvil,24 comentarios,Argentina
MadridPalacioReal,Escrito en 20 de agosto de 2025,"9,0",Isabel,"La cocina muy pequeñita, la usamos poco pero no había sitio de encimera, aun así recomiendo el alojamiento sin duda alguna",Ubicación perfecta,Viaje de ocio | Familia con niños pequeños | Estudio Deluxe | Estancia de 4 noches | Enviado por móvil,1 comentario,España
MadridPalacioReal,Escrito en 19 de julio de 2025,"9,0",Vanessa,Algo elevado el precio para la fecha,Apartamento bonito y muy buena ubicación,Viaje de ocio | Familia con niños pequeños | Estudio Dúplex | Estancia de 1 noche | Enviado por móvil,14 comentarios,España
MadridPalacioReal,Escrito en 10 de julio de 2025,"8,0",Mercedes,"Poco personal, solo en desayuno. La chica muy maja",La habitación,Viaje de ocio | Familia con niños pequeños | Estudio Deluxe | Estancia de 4 noches | Enviado por móvil,6 comentarios,España
MadridPalacioReal,Escrito en 7 de julio de 2025,"9,0",Liliana,Nada,"Las instalaciones impecables, la ubicación excelente. Nos robaron los pasaportes en el metro y la gente del alojamiento fue muy amable y solidaria.
Lo recomiendo",Viaje de ocio | Pareja | Estudio | Estancia de 2 noches | Enviado por móvil,10 comentarios,Argentina
MadridPalacioReal,Escrito en 30 de junio de 2025,"8,0",Daniel,,"Tanto la Ubicación muy cerca de todo.,El desayuno completo muy bueno. La habitación amplia y completa",Viaje de ocio | Pareja | Estudio | Estancia de 3 noches,,
MadridPalacioReal,Escrito en 25 de junio de 2025,"7,0",Juan,La hora de entrada es un poco tarde,La ubicación,Viaje de ocio | Familia con niños pequeños | Estudio | Estancia de 1 noche,11 comentarios,España
MadridPalacioReal,Escrito en 6 de junio de 2025,"9,0",Eduardo,Que carecieran de un conversor de divisas. Tuve que recurrir a una persona amiga para pagar 15 euros  por un late check out. No existía para la persona que me atendió por teléfono absolutamente ninguna otra manera de abonar ese importe. Mis tarjetas argentinas están monetizadas al dolar. Libere rechazaba el pago. De alli que recurri a  un amigo para abonar ese gasto menor vía tarjeta. El  resto del personal excelente.,La ubicación.  Las comodidades.,Viaje de ocio | Pareja | Estudio | Estancia de 14 noches | Enviado por móvil,2 comentarios,Argentina
MadridPalacioReal,Escrito en 5 de junio de 2025,"9,0",Danielsen,,La habitación era espaciosa con buenos armarios. Muy buena ubicación.,Viaje de ocio | Familia con niños pequeños | Estudio Deluxe | Estancia de 2 noches | Enviado por móvil,,
MadridPalacioReal,Escrito en 4 de junio de 2025,"8,0",Soledad,"Mucho ruido afuera , no pudimos descansar bien y eso que me quedé un lunes , pero si están muy cansados casi no es problema , pero si si mucho ruido afuera","Excelente ubicación nos constó encontrarlo pero muy céntrico a 200 mts de la estación de metro callao , gran via , llegamo a pie a todos lados",Viaje de ocio | Familia con niños pequeños | Estudio Deluxe | Estancia de 1 noche | Enviado por móvil,11 comentarios,Argentina
MadridPalacioReal,Escrito en 28 de mayo de 2023,"8,0",Cristina,"Entraba agua por las ventanas cuando llovía. 
Al levantarte de la cama hay que tener cuidado para no golpearte la cabeza ya que tiene el techo abuardillado.",Me gustó la ubicación y la tranquilidad. La cama era cómoda. Limpio y tenía menaje para pasar unos días. Bien decorado.,Viaje de ocio | Pareja | Apartamento de 1 dormitorio | Estancia de 5 noches | Enviado por móvil,5 comentarios,España
MadridPalacioReal,Escrito en 27 de mayo de 2023,"7,0",Pablo,"El colchon del sofa cama,se te clavavan los hierros,demasiado fino o usado,urge lo cambien",La ubicación,Viaje de ocio | Familia con niños pequeños | Estudio Dúplex | Estancia de 2 noches | Enviado por móvil,3 comentarios,España
MadridPalacioReal,Escrito en 26 de mayo de 2023,"7,0",Ramirez,"Habitación con pendiente fuerte del techo,  lo que NO permite desplazarse libremente en la habitación",Lo céntrico,Viaje de ocio | Familia con niños pequeños | Estudio | Estancia de 3 noches | Enviado por móvil,2 comentarios,Chile
MadridPalacioReal,Escrito en 25 de mayo de 2023,"8,0",Federico,Cerca de la propiedad hay muchos bares y por la noche puede resultar un poco ruidoso si la prioridad es descansar.,Bien ubicado si lo que se quiere es llegar a zonas del centro a pie. Cocina completa puedes comer si eso quieres en tu habitación.,Viaje de ocio | Persona que viaja sola | Estudio | Estancia de 7 noches | Enviado por móvil,19 comentarios,Argentina
MadridPalacioReal,Escrito en 16 de mayo de 2023,"9,0",Leonardobv,Que no hay un bote de basura en la sala de estar.,"Es un estudio muy cómodo, la ubicación es sensacional y el restaurante que está a la vuelta es mexicano y es delicioso.",Viaje de ocio | Familia con niños pequeños | Estudio | Estancia de 2 noches | Enviado por móvil,27 comentarios,México
MadridPalacioReal,Escrito en 9 de mayo de 2023,"9,0",Rebecca,"Muchísimo ruido de noche, nos despertamos varias veces ya que hay una discoteca en frente. 
Incluiría plancha.","La habitación hermosa, muy limpia, con todas las comodidades. la ubicación inmejorable.",Viaje de ocio | Familia con niños pequeños | Estudio | Estancia de 1 noche | Enviado por móvil,3 comentarios,Argentina
MadridPalacioReal,Escrito en 7 de mayo de 2023,"7,0",Ana,"En el baño a veces se filtraban olores al abrir los grifos y la ducha tenía muy muy poca presión.
Quizá coincidió, pero al ser la habitación en el último piso y ser un ático el techo de la habitación se hacía incómodo (muy bajo) para poder pasar al otro lado de la cama.",Muy buena ubicación y todo muy cómodo. La cama era genial.,Viaje de ocio | Pareja | Apartamento de 1 dormitorio | Estancia de 3 noches | Enviado por móvil,3 comentarios,España
MadridPalacioReal,Escrito en 7 de mayo de 2023,"9,0",Guillermo,el cobro por dejar el equipaje,"muy agradable el lugar, todo es atraves de la app de ellos.",Viaje de ocio | Pareja | Estudio | Estancia de 1 noche | Enviado por móvil,34 comentarios,Colombia
MadridPalacioReal,Escrito en 3 de mayo de 2023,"8,0",Gabriela,"Que cobren por dejar el equipaje , que me hagan esperar para entregarlo. Que no haya baño en la recepción. Que no haya té o café de cortesía para poder usar los electrodomésticos. En el baño un único jabón líquido muy incómodo a la hora de ducharse",El diseño de la habitación y la ubicacion,Con una mascota | Viaje de ocio | Familia con niños pequeños | Estudio Deluxe | Estancia de 1 noche,11 comentarios,Argentina
MadridPalacioReal,Escrito en 24 de abril de 2023,"7,0",Marcelo,"La cocina estaba bien equipada, pero algunos utensilios y loza muy sucios. Les hace falta tener mas cuidados en los detalles, un poco ruidoso por las noches y la mañana, se produce tráfico temprano.","Excelente ubicación, lindo barrio. Duplex bien  equipado, es interesante como para conocer Madrid en pocos días. Muy cerca del centro, de la Gran Vía y de todo lo que eso significa.",Viaje de negocios | Pareja | Estudio Deluxe | Estancia de 3 noches | Enviado por móvil,29 comentarios,Chile
MadridPalacioReal,Escrito en 23 de abril de 2023,"8,0",Emiliano,Nos quedamos una semana y no hubo cambio de toallas,La ubicación y la comodidad de la habitación,Viaje de ocio | Pareja | Estudio | Estancia de 6 noches,50 comentarios,Uruguay
MadridPalacioReal,Escrito en 17 de abril de 2023,"7,0",Oscar,"El concepto de no tener personal de cara al público… demasiado frío, aún cuando hay un sistema de atención online que, por suerte, no llegamos a necesitar mas allá del registro. 
Se le nota algo batallero.",Ubicación.,Viaje de ocio | Pareja | Estudio | Estancia de 2 noches | Enviado por móvil,34 comentarios,España
MadridPalacioReal,Escrito en 4 de abril de 2023,"8,0",Patricia,Ruido en la habitación de fuera,,Viaje de ocio | Familia con niños pequeños | Estudio Deluxe | Estancia de 3 noches | Enviado por móvil,42 comentarios,España
MadridPalacioReal,Escrito en 3 de abril de 2023,"7,0",Gonzalo,El desayuno un desastre. Regalado es caro.,,Viaje de ocio | Pareja | Estudio | Estancia de 3 noches | Enviado por móvil,72 comentarios,Uruguay
MadridPalacioReal,Escrito en 29 de marzo de 2023,"9,0",Cinthia,"la puerta del baño tiene deja una hendija abierta Fe por los menos 1 cm, lo que da una intimidad nula. No es demasiado cómodo para 3 adultos",,Viaje de ocio | Familia con niños pequeños | Estudio Deluxe | Estancia de 12 noches | Enviado por móvil,136 comentarios,Argentina
MadridPalacioReal,Escrito en 26 de marzo de 2023,"7,0",Joanna,"No me gusto la distribución de la habitación, la mesa para trabajar era grande pero el espacio muy pequeño, en en resumen nada cómoda para 2 personas.",El sistema automatizado me pareció excelente. Me parece super práctico que por pagar el suplemento de mascota coloquen en la habitación platitos y una camita.,Viaje de ocio | Pareja | Estudio | Estancia de 3 noches,17 comentarios,España
MadridPalacioReal,Escrito en 23 de marzo de 2023,"9,0",Javi,el colchón del sofá cama y las almohadas de la cama de arriba,"ubicación, la limpieza, la amplitud, dos baños ventanales luz que entraba muchas toallas secador nevera vitro",Viaje de ocio | Familia con niños pequeños | Estudio Dúplex | Estancia de 1 noche | Enviado por móvil,19 comentarios,España
MadridPalacioReal,Escrito en 19 de marzo de 2023,"9,0",Esteban,Las campanas matinales,"Comodidad, colchón y almohadas perfectas",Viaje de ocio | Pareja | Estudio | Estancia de 1 noche | Enviado por móvil,43 comentarios,España
MadridPalacioReal,Escrito en 12 de marzo de 2023,"8,0",Saray,"El baño no era cómodo, habian piezas del porcelanato rotas en el plato de la ducha. Los platos no estaban bien lavados.","Estaba muy bien ubicado, a pocos minutos de la estación de metro callao y sol.",Viaje de ocio | Familia con niños pequeños | Estudio | Estancia de 4 noches | Enviado por móvil,25 comentarios,Chile
MadridPalacioReal,Escrito en 6 de marzo de 2023,"9,0",Wix,"La comunicación con el personal es un poco complicada, no hay nadie físicamente para atenderte y el timbre llama como a una centralita, en mas de una ocasion se me corto la llamada y vuelta a empezar a contarlo todo de 0… Pero el personal es muy amable.","Esta genial, muy comodo, practico, minimalista, limpio… En cuanto al apartamento todo genial!",Viaje de ocio | Grupo | Estudio | Estancia de 1 noche | Enviado por móvil,18 comentarios,España
MadridPalacioReal,Escrito en 25 de febrero de 2023,"7,0",Itziar,"No es económico, pero la ubicación es muy buena y el apartamento cómodo","Ubicación excelente. El apartamento ubicado en la última planta. Muy tranquilo y cómodo. Como era abuardillado, la zona común un poco oscura, pero agradable y la habitación muy confortable.",Viaje de ocio | Familia con niños pequeños | Apartamento de 1 dormitorio | Estancia de 2 noches | Enviado por móvil,4 comentarios,España
MadridPalacioReal,Escrito en 19 de febrero de 2023,"8,0",Gonzalo,el ruido de noche era muy intenso,,Viaje de ocio | Pareja | Estudio | Estancia de 4 noches | Enviado por móvil,6 comentarios,Argentina
MadridPalacioReal,Escrito en 5 de febrero de 2023,"8,0",Juan,escalones para llegar a elevador,localização,Viaje de negocios | Pareja | Estudio | Estancia de 2 noches | Enviado por móvil,104 comentarios,España
MadridPalacioReal,Escrito en 24 de enero de 2023,"8,0",María,"MUY ruidoso, se escucha durante toda la madrugada el trasiego de personas y coches en la calle, una pena.","Ubicación ideal, habitación amplia y camas cómodas.",Viaje de ocio | Pareja | Estudio | Estancia de 3 noches | Enviado por móvil,13 comentarios,España
MadridPalacioReal,Escrito en 2 de enero de 2023,"9,0",Roberto,"Creo que faltó un pequeño kit para cocinar, como aceite y sal, ya que comprar un litro de aceite y un paquete de sal es excesivo para un fin de semana",,Viaje de ocio | Pareja | Estudio | Estancia de 2 noches | Enviado por móvil,1 comentario,España
MadridPalacioReal,Escrito en 10 de junio de 2024,"6,0",Jaume,"Falta absoluta de insonorización.
Desayuno no apto para celiacos",Facilidad acceso,Viaje de ocio | Familia con niños pequeños | Estudio | Estancia de 3 noches | Enviado por móvil,7 comentarios,España
MadridPalacioReal,Escrito en 17 de mayo de 2024,"5,0",Montse,Se escuchaba mucho ruido de coches y gente de los bares,Ubicación,Viaje de ocio | Familia con niños pequeños | Estudio | Estancia de 2 noches,6 comentarios,España
MadridPalacioReal,Escrito en 1 de mayo de 2024,"5,0",Jaime,"La puerta no encajaba bien.
La factura tardaron en enviarla 2 semanas
Ducha muy pequeña",Amplitud habitación y ubicación,Viaje de ocio | Pareja | Estudio | Estancia de 2 noches | Enviado por móvil,59 comentarios,España
MadridPalacioReal,Escrito en 24 de abril de 2024,10,Salvador,El ruido de la calle,Un poco ruidosa,Viaje de ocio | Pareja | Estudio | Estancia de 5 noches | Enviado por móvil,2 comentarios,Argentina
MadridPalacioReal,Escrito en 18 de abril de 2024,"5,0",Mariajose,"Muy ruidoso,camas incomodas",La ubicación genial,Viaje de ocio | Grupo | Estudio Dúplex | Estancia de 1 noche | Enviado por móvil,11 comentarios,España
MadridPalacioReal,Escrito en 28 de marzo de 2024,10,Ignacio,Había un papel de chocolatina en el suelo,El espacio y la habitación y el detalle al llegar y el kit de limpieza en la cocina,Viaje de ocio | Familia con niños pequeños | Estudio Deluxe | Estancia de 1 noche | Enviado por móvil,3 comentarios,España
MadridPalacioReal,Escrito en 19 de marzo de 2024,"6,0",Amaia,El olor del cuarto de baño.,"Nos tocó ell último piso, el apartamento bien. La única pega el cuarto de baño, no tenía ventilación y olía a tuberías.",Viaje de ocio | Pareja | Estudio | Estancia de 2 noches,20 comentarios,España
MadridPalacioReal,Escrito en 9 de marzo de 2024,10,Cristina,El colchón del sofá cama era mejorable. Por la noche se escucha el ruido de la gente que sale del pub de abajo y se quedan en la calle.,Nos encantó el espacio abierto que tenía el apartamento. Estaba todo muy limpio. Dejaron detallitos para nosotros y nuestra perrita.,Viaje de ocio | Familia con niños pequeños | Estudio Dúplex | Estancia de 2 noches | Enviado por móvil,5 comentarios,España
MadridPalacioReal,Escrito en 19 de febrero de 2024,"5,0",Marta,"Mucho ruido de la calle, las ventanas no cierran bien, pasa el frío y se escuchan las conversaciones . hace frío la. Calefacción es por split nunca llega a calentarse .",Localización,Viaje de ocio | Familia con niños pequeños | Estudio Deluxe | Estancia de 2 noches | Enviado por móvil,46 comentarios,España
MadridPalacioReal,Escrito en 15 de febrero de 2024,10,Anna,"El baño, creo que para lo bonita que es la habitación el baño habría que valorarlo de alguna manera","Mucho, nos encanto. Posición súper ideal, muy acogedor.",Viaje de ocio | Pareja | Estudio | Estancia de 1 noche | Enviado por móvil,13 comentarios,España
MadridPalacioReal,Escrito en 24 de enero de 2024,"5,0",Isabel,Poca limpieza. Ruido fuerte,Ubicacion,Familia con niños pequeños | Estudio | Estancia de 1 noche | Enviado por móvil,6 comentarios,España
MadridPalacioReal,Escrito en 22 de enero de 2024,10,Glenda,,"La habitación con todo lo necesario y limpio. Además con una mini terraza, muy agradable",Viaje de ocio | Familia con niños pequeños | Estudio | Estancia de 2 noches | Enviado por móvil,,
MadridPalacioReal,Escrito en 12 de enero de 2024,"6,0",Enrique,,"Limpiar las habitaciones diario, y cambiar las toallas diario",Viaje de ocio | Persona que viaja sola | Estudio | Estancia de 2 noches | Enviado por móvil,,
MadridPalacioReal,Escrito en 3 de enero de 2024,"1,0",Jfr2011,"Por lo bonito q parece, Evita este alojamiento para ahorrarte tu dinero y estres. Primero, han publicado fotos que no era el que hemos reservado, y al avisarles q hemos reservado un suite con la mejor distribucion (que costaba mas), han cambiado las fotos publicados con la explicacion de las fotos no suelen reflejar los suites exactamente. Encima, nos dijo que el que estuvimos era ya un upgrade, mejor que la original..y claramente no era ni lo que eligio basado en las fotos.
Pues si era el suite mejor pq tenia el televisor roto? Al avisar tampoco lo arreglaron. Ademas, la calefacción no funciona, paredes finos, luces antiguos, mantas/almohadas sucias, decoración de calidad básica como de un estudiante..
Comunicación del personal es escaso e impersonal- por teléfono era una mujer muy borde y un hombre inutil. Mejor comunicar con los agente online, pero como dicho antes, Dan escusas y no hacen un seguimiento de las problemas del suite que he comunicado.
He alquilando varias veces los SMART checkins y funciona muy bien, pero en este caso parece una excusa para ser vago en el tratamiento de los huespedes.
Casi 700€ para 4 noches (ya descontado por ser Genius 3 en Booking), he podido haber gastado en un sitio mejor para asegurar que la visita de mis padres sea al minimo funcional...","La ubicación, la idea de self check in",Viaje de ocio | Familia con niños pequeños | Estudio Dúplex | Estancia de 4 noches | Enviado por móvil,18 comentarios,España
MadridPalacioReal,Escrito en 25 de diciembre de 2023,"6,0",David,"CAMAS, INCOMODAS Y PEQUEÑAS",LIMPIEZA,Viaje de ocio | Familia con niños pequeños | Estudio Dúplex | Estancia de 2 noches,16 comentarios,España
MadridPalacioReal,Escrito en 5 de diciembre de 2023,10,Guillermo,"No tengo quejas del establecimiento. Como en cualquier alojamiento, depende del azar que coincidas con clientes poco educados y ruidosos.","El alojamiento es exactamente lo que publicita en todos los aspectos. Céntrico, funcional y con atención por parte del personal tanto telefónico como presencial verdaderamente exquisita.",Con una mascota | Viaje de ocio | Familia con niños pequeños | Estudio | Estancia de 8 noches,13 comentarios,España
MadridPalacioReal,Escrito en 30 de noviembre de 2023,10,Miguel,Es muy impersonal. No dan ningún amenities como complemento a sus huespedes.,The location and the privacy,Viaje de ocio | Persona que viaja sola | Estudio Deluxe | Estancia de 6 noches | Enviado por móvil,1 comentario,Estados Unidos
MadridPalacioReal,Escrito en 16 de noviembre de 2023,10,Luis,,"Muy cómodo, buena relación calidad precio",Viaje de ocio | Familia con niños pequeños | Estudio | Estancia de 1 noche | Enviado por móvil,,
MadridPalacioReal,Escrito en 9 de noviembre de 2023,"5,0",Luis,"Ruido durante toda la noche, nula insonorización de las ventanas que dan a la calle hace que dormir sea imposible, escuchas todas las platicas de las personas que circundan la plaza colindante. Es una lástima porque el departamento esta muy bien equipado, pero con niños pequeños es complicado lograr que duerman bien.","La ubicación definitivamente es muy buena en cuanto a los restaurantes, puntos de interés y compras. Todo a minutos caminando.",Con una mascota | Viaje de ocio | Familia con niños pequeños | Estudio Dúplex | Estancia de 1 noche,12 comentarios,Alemania
MadridPalacioReal,Escrito en 19 de octubre de 2023,10,Mª,"Lo que menos el precio, sobre todo si usas muy escasamente el servicio de cocina.","La luz, la limpieza, la distribución, la atención...",Viaje de ocio | Familia con niños pequeños | Estudio | Estancia de 3 noches | Enviado por móvil,3 comentarios,España
MadridPalacioReal,Escrito en 14 de octubre de 2023,10,Hugo,,Muy bonito muy cómodo volvería a repetir,Viaje de ocio | Familia con niños pequeños | Estudio | Estancia de 2 noches | Enviado por móvil,,
MadridPalacioReal,Escrito en 3 de octubre de 2023,10,Ana,,Excelente ubicación. Apartamento muy cómodo y confortable. El acceso muy fácil con las instrucciones indicadas. Repetiremos,Viaje de ocio | Familia con niños pequeños | Estudio | Estancia de 4 noches | Enviado por móvil,,
MadridPalacioReal,Escrito en 1 de octubre de 2023,10,Noemi,Tienes que esperar hasta la hora exacta debido a que no suele haber nadie al ser automatico,Era muy amplio y estaba muy céntrico,Viaje de ocio | Pareja | Estudio | Estancia de 2 noches | Enviado por móvil,16 comentarios,España
MadridPalacioReal,Escrito en 30 de septiembre de 2023,10,Maria,No nos agradó que la limpieza se hiciera cada semana. Aunque sean departamentos es necesario que la limpieza se haga de manera regular y más que estuvimos 12 dias,La ubicación es extraordinaria y el personal de lo más amable,Viaje de ocio | Familia con niños pequeños | Estudio | Estancia de 13 noches | Enviado por móvil,17 comentarios,México
MadridPalacioReal,Escrito en 24 de septiembre de 2023,"3,0",Rodrigo,"Lo peor el desayuno, horrible las instalaciones para el desayuno, el cuál fue muy pobre. Nada de personal para asistir a los pasajeros, no lo recomendaría a nadie.",La habitación no estaba mal,Viaje de ocio | Pareja | Estudio | Estancia de 1 noche,33 comentarios,Chile
MadridPalacioReal,Escrito en 30 de agosto de 2024,"8,0",Alfonso,,,Viaje de ocio | Familia con niños pequeños | Estudio | Estancia de 3 noches | Enviado por móvil,,
MadridPalacioReal,Escrito en 14 de agosto de 2024,"8,0",Ederson,,,Viaje de ocio | Pareja | Apartamento de 1 dormitorio | Estancia de 3 noches | Enviado por móvil,,
MadridPalacioReal,Escrito en 1 de agosto de 2024,"8,0",Cesar,,,Familia con niños pequeños | Estudio Deluxe | Estancia de 2 noches | Enviado por móvil,,
MadridPalacioReal,Escrito en 30 de julio de 2024,"9,0",Jose,,,Viaje de ocio | Grupo | Estudio Deluxe | Estancia de 2 noches | Enviado por móvil,,
MadridPalacioReal,Escrito en 24 de julio de 2024,"8,0",Raquel,,,Viaje de ocio | Familia con niños pequeños | Estudio Deluxe | Estancia de 1 noche | Enviado por móvil,,
MadridPalacioReal,Escrito en 23 de julio de 2024,"8,0",Alejandra,,,Viaje de ocio | Familia con niños pequeños | Estudio Deluxe | Estancia de 2 noches | Enviado por móvil,,
MadridPalacioReal,Escrito en 22 de julio de 2024,"8,0",Pere,,,Viaje de negocios | Persona que viaja sola | Estudio | Estancia de 1 noche,,
MadridPalacioReal,Escrito en 17 de julio de 2024,"8,0",David,,,Viaje de ocio | Pareja | Estudio | Estancia de 1 noche | Enviado por móvil,,
MadridPalacioReal,Escrito en 8 de julio de 2024,"9,0",Rosa,,,Viaje de ocio | Grupo | Estudio | Estancia de 2 noches | Enviado por móvil,,
MadridPalacioReal,Escrito en 8 de junio de 2024,"8,0",Amunategui,,,Viaje de ocio | Pareja | Estudio | Estancia de 1 noche | Enviado por móvil,,
MadridPalacioReal,Escrito en 7 de junio de 2024,"8,0",Nerea,,,Viaje de ocio | Familia con niños pequeños | Estudio | Estancia de 3 noches | Enviado por móvil,,
MadridPalacioReal,Escrito en 2 de junio de 2024,"9,0",Alex,,,Viaje de negocios | Grupo | Estudio | Estancia de 1 noche | Enviado por móvil,,
MadridPalacioReal,Escrito en 27 de mayo de 2024,"9,0",Juan,,,Viaje de ocio | Familia con niños pequeños | Estudio Deluxe | Estancia de 2 noches,,
MadridPalacioReal,Escrito en 20 de mayo de 2024,"7,0",Noel,,,Viaje de negocios | Persona que viaja sola | Estudio | Estancia de 1 noche,,
MadridPalacioReal,Escrito en 23 de abril de 2024,"9,0",Leslie,,,Viaje de ocio | Familia con niños pequeños | Estudio | Estancia de 2 noches | Enviado por móvil,,
MadridPalacioReal,Escrito en 14 de febrero de 2024,"9,0",Emi,,,Viaje de ocio | Persona que viaja sola | Estudio | Estancia de 6 noches,,
MadridPalacioReal,Escrito en 25 de enero de 2024,"9,0",Johngarvaz,,,Viaje de ocio | Pareja | Estudio Deluxe | Estancia de 1 noche,,
MadridPalacioReal,Escrito en 20 de enero de 2024,"9,0",Ebs2120,,,Viaje de ocio | Familia con niños pequeños | Estudio Deluxe | Estancia de 5 noches | Enviado por móvil,,
MadridPalacioReal,Escrito en 18 de noviembre de 2023,"8,0",Ejaviers,,,Viaje de ocio | Pareja | Estudio | Estancia de 2 noches | Enviado por móvil,,
MadridPalacioReal,Escrito en 29 de octubre de 2023,"9,0",Tomas,,,Viaje de ocio | Pareja | Estudio | Estancia de 2 noches | Enviado por móvil,,
MadridPalacioReal,Escrito en 22 de octubre de 2023,"9,0",Alejandro,,,Viaje de ocio | Pareja | Estudio | Estancia de 1 noche | Enviado por móvil,,
MadridPalacioReal,Escrito en 15 de octubre de 2023,"7,0",Silvia,,,Viaje de ocio | Pareja | Estudio | Estancia de 3 noches | Enviado por móvil,,
MadridPalacioReal,Escrito en 27 de septiembre de 2023,"8,0",Francisco,,,Viaje de ocio | Pareja | Estudio | Estancia de 1 noche | Enviado por móvil,,
MadridPalacioReal,Escrito en 24 de septiembre de 2023,"9,0",Daniel,,,Viaje de ocio | Pareja | Estudio | Estancia de 3 noches | Enviado por móvil,,
MadridPalacioReal,Escrito en 23 de septiembre de 2023,"9,0",Jorge,,,Viaje de ocio | Pareja | Estudio | Estancia de 31 noches,,
MadridPalacioReal,Escrito en 19 de diciembre de 2023,10,Soulsight,,,Viaje de negocios | Persona que viaja sola | Estudio Deluxe | Estancia de 4 noches,,
MadridPalacioReal,Escrito en 31 de octubre de 2023,10,Aimara,,,Viaje de ocio | Grupo de amigos | Estudio | Estancia de 2 noches | Enviado por móvil,,
MadridPalacioReal,Escrito en 6 de agosto de 2023,"6,0",Kimberly,,,Viaje de ocio | Pareja | Estudio | Estancia de 1 noche | Enviado por móvil,,
MadridPalacioReal,Escrito en 1 de agosto de 2023,10,Maria,,,Viaje de ocio | Pareja | Estudio | Estancia de 2 noches,,
MadridPalacioReal,Escrito en 17 de julio de 2023,10,Viveca,,,Viaje de ocio | Grupo | Estudio Deluxe | Estancia de 1 noche | Enviado por móvil,,
MadridPalacioReal,Escrito en 27 de junio de 2023,10,Marcelo,,,Viaje de ocio | Persona que viaja sola | Estudio | Estancia de 1 noche,,
MadridPalacioReal,Escrito en 20 de junio de 2023,10,Rosmery,,,Viaje de ocio | Pareja | Estudio | Estancia de 1 noche | Enviado por móvil,,
MadridPalacioReal,Escrito en 19 de junio de 2023,"6,0",Emilio,,,Viaje de ocio | Pareja | Estudio Deluxe | Estancia de 1 noche | Enviado por móvil,,
MadridPalacioReal,Escrito en 13 de junio de 2023,10,María,,,Viaje de ocio | Pareja | Estudio Dúplex | Estancia de 1 noche | Enviado por móvil,,
MadridPalacioReal,Escrito en 6 de junio de 2023,10,Carlos,,,Viaje de ocio | Familia con niños pequeños | Estudio | Estancia de 2 noches | Enviado por móvil,,
MadridPalacioReal,Escrito en 4 de junio de 2023,10,Juan,,,Viaje de ocio | Familia con niños pequeños | Estudio Dúplex | Estancia de 2 noches | Enviado por móvil,,
MadridPalacioReal,Escrito en 15 de mayo de 2023,10,Esteban,,,Viaje de negocios | Pareja | Estudio | Estancia de 1 noche | Enviado por móvil,,
MadridPalacioReal,Escrito en 13 de mayo de 2023,"5,0",Manuel,,,Viaje de ocio | Familia con niños pequeños | Estudio | Estancia de 3 noches | Enviado por móvil,,
MadridPalacioReal,Escrito en 9 de mayo de 2023,10,Torres,,,Viaje de negocios | Persona que viaja sola | Estudio | Estancia de 1 noche | Enviado por móvil,,
MadridPalacioReal,Escrito en 13 de abril de 2023,10,Orlando,,,Viaje de ocio | Familia con niños pequeños | Estudio Deluxe | Estancia de 1 noche | Enviado por móvil,,
MadridPalacioReal,Escrito en 13 de abril de 2023,"6,0",Olga,,,Viaje de ocio | Familia con niños pequeños | Estudio Dúplex | Estancia de 1 noche,,
MadridPalacioReal,Escrito en 3 de abril de 2023,"6,0",Rodrigo,,,Viaje de ocio | Pareja | Estudio | Estancia de 3 noches,,
MadridPalacioReal,Escrito en 7 de marzo de 2023,"4,0",Juzape93,,,Viaje de negocios | Grupo | Apartamento de 1 dormitorio | Estancia de 7 noches,,
MadridPalacioReal,Escrito en 14 de febrero de 2023,10,Rossy,,,Viaje de ocio | Pareja | Estudio | Estancia de 1 noche | Enviado por móvil,,
MadridPalacioReal,Escrito en 13 de febrero de 2023,10,Juan,,,Viaje de ocio | Pareja | Estudio Deluxe | Estancia de 1 noche | Enviado por móvil,,
MadridPalacioReal,Escrito en 1 de febrero de 2023,10,Francesca,,,Pareja | Estudio Deluxe | Estancia de 4 noches | Enviado por móvil,,
MadridPalacioReal,Escrito en 22 de enero de 2023,10,Alicia,,,Viaje de ocio | Pareja | Estudio Deluxe | Estancia de 1 noche | Enviado por móvil,,
MadridPalacioReal,Escrito en 18 de enero de 2023,10,Manuel,,,Viaje de ocio | Pareja | Estudio | Estancia de 1 noche | Enviado por móvil,,
MadridPalacioReal,Escrito en 13 de enero de 2023,10,Diego,,,Viaje de negocios | Persona que viaja sola | Estudio | Estancia de 1 noche,,
MadridPalacioReal,Escrito en 7 de enero de 2023,"5,0",Correcaminos___,,,Viaje de ocio | Familia con niños pequeños | Estudio Dúplex | Estancia de 2 noches | Enviado por móvil,,
MalagaTeatroRomano,Escrito en 1 de enero de 2026,"7,0",Maria,El sofá nada cómodo y con un color de estar algo sucio.,"La situación del apartamento es excelente. Pedimos una planta alta y se nos dio. Las ventanas daban al campanario de la iglesia. Los techos altos del Aparcamiento era bonito. Pero sencillo, en cuanto al contenido.",Viaje de ocio | Familia con niños pequeños | Estudio | Estancia de 2 noches | Enviado por móvil,3 comentarios,España
MalagaTeatroRomano,Escrito en 23 de diciembre de 2025,"8,0",Antonio,La habitación daba a un patio sin vistas al exterior.,La ubicación excepcional y lo nuevo que era.,Viaje de ocio | Familia con niños pequeños | Apartamento de 1 dormitorio | Estancia de 1 noche | Enviado por móvil,7 comentarios,España
MalagaTeatroRomano,Escrito en 22 de diciembre de 2025,"8,0",Rebeca,Mantenimiento,Ubicación,Viaje de ocio | Familia con niños pequeños | Apartamento de 1 dormitorio | Estancia de 1 noche | Enviado por móvil,13 comentarios,España
MalagaTeatroRomano,Escrito en 23 de noviembre de 2025,"9,0",Ana,El no tener taquillas,"La ubicación excelente..el apartamento todo genial, muy limpio y camas comodas incluido el sofá cama(hemos dormido dos adultos sin problema). La atención por  telefóno tambien excelente y muy agradable y atentos.",Viaje de ocio | Grupo de amigos | Apartamento de 1 dormitorio | Estancia de 1 noche | Enviado por móvil,21 comentarios,España
MalagaTeatroRomano,Escrito en 31 de agosto de 2025,"9,0",Idoia,Me gustó mucho pero por sacar una pega me hubiese gustado tener una cafetera Nespresso,"La ubicación excelente pero a pesar de estar en pleno centro es tranquilo y genial para descansar . Las vistas desde la cama espectaculares . Mucha luz , amplio y bonita decoración.",Viaje de ocio | Familia con niños pequeños | Estudio Dúplex | Estancia de 2 noches | Enviado por móvil,59 comentarios,España
MalagaTeatroRomano,Escrito en 31 de mayo de 2025,"7,0",Evaristo,"Toda la burocracia informática. Insufrible la entrada. Y me han cargado dos veces el costo. 2X 148,72. Espero que me devuelvan una, aunque no confío nada en su diligencia en devolver. Si en cobrar.",Situación. Limpieza.,Viaje de ocio | Pareja | Apartamento de 1 dormitorio | Estancia de 1 noche | Enviado por móvil,1 comentario,España
MalagaTeatroRomano,Escrito en 4 de mayo de 2025,"8,0",Susana,El sofá era muy incómodo,La ubicación era genial!,Viaje de negocios | Familia con niños pequeños | Apartamento de 1 dormitorio | Estancia de 1 noche | Enviado por móvil,6 comentarios,España
MalagaTeatroRomano,Escrito en 2 de mayo de 2025,"7,0",Miguel,"En la zona del dormitorio había un ruido continuo de maquinaria, algo molesto para dormir.","Muy bien ubicado, a pesar de estar en pleno centro no se oía ruido de la calle, era muy espacioso y cuidado el diseño",Viaje de ocio | Grupo | Estudio Dúplex | Estancia de 1 noche | Enviado por móvil,44 comentarios,España
MalagaTeatroRomano,Escrito en 16 de marzo de 2025,"9,0",Javier,,"muy buena ubicación todo perfecto, volveré pronto",Viaje de ocio | Familia con niños pequeños | Apartamento de 1 dormitorio | Estancia de 1 noche | Enviado por móvil,,
MalagaTeatroRomano,Escrito en 26 de diciembre de 2024,"7,0",Aleksey,"La puerta del baño no se cierra del todo, si viajas con amigos es un poco incomodo ya que se te ve por una raja y no puedes sentrate tranquilo sin saber que nadie te mirará o que no se escuche un pedo :D",Las vistas desde el apartamento,Viaje de ocio | Grupo | Apartamento de 1 dormitorio | Estancia de 1 noche,5 comentarios,España
MalagaTeatroRomano,Escrito en 22 de diciembre de 2024,"7,0",Vicente,único pero cama ruidosa y gastada,"Ubicación, limpieza, salón con sofá. Inmejorable",Viaje de ocio | Pareja | Apartamento de 1 dormitorio | Estancia de 1 noche,6 comentarios,España
MalagaTeatroRomano,Escrito en 26 de noviembre de 2024,"9,0",María,horario de entrada tarde te parte el día y la comida,ubicación comodidad,Viaje de ocio | Pareja | Estudio | Estancia de 1 noche | Enviado por móvil,28 comentarios,España
MalagaTeatroRomano,Escrito en 27 de octubre de 2024,"8,0",Cristina,por las mañanas hay ruido desde temprano.,"la ubicación y la decoración del apartamento,cama comoda! te dejan una cajita de bienvenida con agua,unas patatas y unos tapones,un detalle.",Viaje de ocio | Pareja | Apartamento de 1 dormitorio | Estancia de 1 noche | Enviado por móvil,4 comentarios,España
MalagaTeatroRomano,Escrito en 28 de julio de 2024,"8,0",Belén,Se escuchaba todo lo de fuera,"Ubicación excelente y muy bonito , con regalo de bienvenida y muy atentos con los animales tenía cama y comederos",Viaje de ocio | Pareja | Estudio | Estancia de 2 noches | Enviado por móvil,11 comentarios,España
MalagaTeatroRomano,Escrito en 21 de junio de 2024,"7,0",Paloma,El desayuno. Excesivamente caro para lo que es ...,La ubicación,Viaje de negocios | Persona que viaja sola | Estudio | Estancia de 1 noche | Enviado por móvil,21 comentarios,España
MalagaTeatroRomano,Escrito en 31 de mayo de 2024,"9,0",Manuel,,Excelente ubicación. El diseño .,Viaje de ocio | Pareja | Estudio | Estancia de 1 noche | Enviado por móvil,,
MalagaTeatroRomano,Escrito en 14 de abril de 2024,"7,0",Maria,"La iluminación escasa, pocos productos de baño, sofá incómodo.",La Ubicación.Es muy bonito,Viaje de negocios | Pareja | Apartamento de 1 dormitorio | Estancia de 1 noche | Enviado por móvil,14 comentarios,España
MalagaTeatroRomano,Escrito en 19 de marzo de 2024,"7,0",Fidel,"No hay nadie para recibir a los huéspedes, ningún teléfono de contacto, necesito mi factura y no hay un lugar donde reclamarla porque no hay comunicación con los clientes",La ubicación,Viaje de negocios | Persona que viaja sola | Apartamento de 1 dormitorio | Estancia de 4 noches | Enviado por móvil,1 comentario,España
MalagaTeatroRomano,Escrito en 8 de febrero de 2024,"7,0",José,Falta de mobiliario y ruido poco aislamiento acústico entre habitaciones,Emplazamiento y amplitud espacio y tamaño de cama,Viaje de negocios | Persona que viaja sola | Estudio | Estancia de 1 noche | Enviado por móvil,16 comentarios,España
MalagaTeatroRomano,Escrito en 26 de enero de 2024,"8,0",Pilar,Añadiría lamparitas de lectura a cada lado de la cama y tabla de planchar y plancha ;-) Por lo demás el apartamento es estupendo.,"Me ha gustado mucho la estancia, muy agradable, estupenda ubicación y el apartamento precioso. El servicio de atención al público dia telefónica, estupendo.",Viaje de ocio | Pareja | Estudio | Estancia de 1 noche,14 comentarios,España
MalagaTeatroRomano,Escrito en 14 de enero de 2024,"9,0",Hind,Había pedido una cama doble y me dieron dos individuales,Ubicación excelente. Limpio y cómodo.,Viaje de negocios | Familia con niños pequeños | Estudio | Estancia de 1 noche | Enviado por móvil,18 comentarios,España
MalagaTeatroRomano,Escrito en 9 de enero de 2024,"8,0",Francisco,La ducha,Muy bien buena ubicación,Viaje de ocio | Familia con niños pequeños | Apartamento de 1 dormitorio | Estancia de 1 noche | Enviado por móvil,3 comentarios,España
MalagaTeatroRomano,Escrito en 4 de enero de 2024,"7,0",Jesús,"La atención y la falta de personal físico , cuando llegamos al apartamento después de mucho tiempo intentando acceder por internet, la recepción fue de un perro ladrando justo en la puerta de al lado , si hubiese sabido que aceptaban mascotas no hubiese ido",La ubicación,Viaje de ocio | Familia con niños pequeños | Apartamento de 1 dormitorio | Estancia de 1 noche | Enviado por móvil,21 comentarios,España
MalagaTeatroRomano,Escrito en 2 de enero de 2024,"8,0",Carmen,Todo fue correcto,La ubicación,Viaje de ocio | Familia con niños pequeños | Apartamento de 1 dormitorio | Estancia de 1 noche | Enviado por móvil,5 comentarios,España
MalagaTeatroRomano,Escrito en 9 de agosto de 2023,"1,0",Monica,No dispusimos de agua caliente en toda la estancia (una noche) ni a la llegada ni para la salida. Llámanos para avisar para que nos pudieran dar una solución y podernos duchar. Nos dijeron que la alta ocupación del edificio imposibilitaba el abastecimiento de agua caliente para todos los apartamentos y que no había solución posible. Lo único que han hecho ha sido dar la explicación de la alta ocupación y hacerme una devolución del 33% del importe pagado por el alojamiento esa noche.,"La localización, muy céntrico.",Viaje de ocio | Grupo de amigos | Estudio | Estancia de 1 noche | Enviado por móvil,3 comentarios,España
MalagaTeatroRomano,Escrito en 7 de agosto de 2023,"5,0",Manuel,"Utilicé el alojamiento después de llegar de trabajar. Solo quería una ducha y descansar, no tenía agua caliente, llamé al responsable y me dijo que estaba solucionado. Me duche con agua fría. Por la mañana volví a la ducha y seguía sin agua caliente. 
El alojamiento es perfecto, pero deben ser más eficientes en la resolución de averías.","Alojamiento muy céntrico, limpio y cómodo.",Viaje de ocio | Grupo de amigos | Estudio | Estancia de 1 noche | Enviado por móvil,25 comentarios,España
MalagaTeatroRomano,Escrito en 6 de agosto de 2023,"5,0",Jose,"Los baños con agua fría,toda la estancia con agua fría y con niños duchándose con agua fría",Limpieza y moderno,Viaje de negocios | Familia con niños pequeños | Apartamento de 1 dormitorio | Estancia de 1 noche | Enviado por móvil,9 comentarios,España
MalagaTeatroRomano,Escrito en 29 de julio de 2023,"5,0",Lola,"La televisión del apartamento no se corresponde con la que figura en las fotos, era una televisión pequeñita.
Una de las noches saltó la alarma y estuvo soñando ininterrumpidamente durante una hora.","Edificio bonito, muy céntrico, limpio y bien conservado",Viaje de ocio | Pareja | Estudio | Estancia de 4 noches | Enviado por móvil,13 comentarios,España
MalagaTeatroRomano,Escrito en 22 de julio de 2023,"6,0",Ana,Control de los huéspedes. Tuvimos una piara de guiris poniendo música y metiendo gritos en el rellano desde las 5 de la mañana hasta las 8.,"La ubicación excepcional. Centro de Málaga, cerca de todo tipo de comercios y restaurantes",Viaje de ocio | Familia con niños pequeños | Apartamento de 1 dormitorio | Estancia de 1 noche | Enviado por móvil,8 comentarios,España
MalagaTeatroRomano,Escrito en 19 de julio de 2023,10,Antonio,Un balcón o terraza,La ubicación,Viaje de ocio | Familia con niños pequeños | Apartamento de 1 dormitorio | Estancia de 3 noches | Enviado por móvil,7 comentarios,España
MalagaTeatroRomano,Escrito en 17 de julio de 2023,10,Pedro,Algo de ruido x la noche en la calle,Situación,Viaje de ocio | Familia con niños pequeños | Estudio | Estancia de 1 noche | Enviado por móvil,7 comentarios,España
MalagaTeatroRomano,Escrito en 16 de julio de 2023,10,Belen,,Ubicación perfecta en pleno centro de Málaga y todo muy nuevo con decoración bonita y además muy limpio. Nos encantó. Fácil check in con llave digital en tu móvil.,Viaje de ocio | Pareja | Estudio | Estancia de 1 noche | Enviado por móvil,,
MalagaTeatroRomano,Escrito en 14 de julio de 2023,10,Maria,Me gustó todo,Situación y limpieza,Viaje de ocio | Familia con niños pequeños | Estudio | Estancia de 4 noches | Enviado por móvil,2 comentarios,España
MalagaTeatroRomano,Escrito en 9 de mayo de 2023,"6,0",Monica,"sobre todo las ventanas de los miradores,  dos de ellas no cerraban bien y se oia todo el ruido   sobre todo el nocturno por estar en centro de ocio de bares y restaurantes (muy dificil dormir ) tampoco tenia contraventanas un mirador por lo que entraba   la luz. Lo demás está bien salvo el armario muy pequeño y solo con barra ,",la ubicación es buena ya que está en centro turistico de Málaga.,Viaje de ocio | Pareja | Estudio | Estancia de 4 noches,17 comentarios,España
MalagaTeatroRomano,Escrito en 22 de abril de 2023,10,Natalia,,Todo,Familia con niños pequeños | Apartamento de 1 dormitorio | Estancia de 1 noche | Enviado por móvil,,
MalagaTeatroRomano,Escrito en 9 de abril de 2023,10,Julio,Nada,La amabilidad del personal,Viaje de ocio | Grupo de amigos | Estudio | Estancia de 1 noche | Enviado por móvil,25 comentarios,España
MalagaTeatroRomano,Escrito en 3 de abril de 2023,"6,0",Eva,Sofá cama para los niños,El desayuno fantástico,Viaje de ocio | Familia con niños pequeños | Apartamento de 1 dormitorio | Estancia de 2 noches | Enviado por móvil,18 comentarios,España
MalagaTeatroRomano,Escrito en 27 de marzo de 2023,10,Tirado,,la ubicación la limpieza,Viaje de ocio | Pareja | Estudio Dúplex | Estancia de 1 noche | Enviado por móvil,,
MalagaTeatroRomano,Escrito en 18 de marzo de 2023,"6,0",Jose,Ruidoso. incómodo. Agobiante,no. Nada que ver con fotos,Viaje de ocio | Pareja | Apartamento de 1 dormitorio | Estancia de 2 noches | Enviado por móvil,6 comentarios,España
MalagaTeatroRomano,Escrito en 8 de marzo de 2023,"3,0",Javier,"No dispone de portero automático, solo entras con código y si viene alguien tienes que bajar a abrirle o darle el código , un verdadero fastidio","Esta muy bien ubicado y todo muy limpio,tiene muchas toallas extra y menaje",Viaje de ocio | Persona que viaja sola | Apartamento de 1 dormitorio | Estancia de 1 noche | Enviado por móvil,5 comentarios,España
MalagaTeatroRomano,Escrito en 4 de marzo de 2023,"1,0",Fabio,,,Viaje de ocio | Pareja | Estudio | Estancia de 1 noche | Enviado por móvil,,
MalagaTeatroRomano,Escrito en 26 de febrero de 2023,"5,0",Maria,"No hemos podido descansar por el ruido de la calle, íbamos con niños y era imposible   ya que el salón era un botellon hasta las 6 de la mañana. En la habitación se escuchaba bastante menos pero en el salón imposible.",,Viaje de ocio | Familia con niños pequeños | Apartamento de 1 dormitorio | Estancia de 1 noche | Enviado por móvil,1 comentario,España
MalagaTeatroRomano,Escrito en 2 de noviembre de 2025,10,Anónimo,La ducha perdía agua y se mojó bastante el baño. Para estancia de una noche no fue un problema mayor,,Viaje de ocio | Pareja | Apartamento de 1 dormitorio | Estancia de 1 noche | Enviado por móvil,1 comentario,España
MalagaTeatroRomano,Escrito en 29 de julio de 2023,10,Anónimo,"No me ha gustado la recepción, era todo digital y cuando quería hacer consultas tenía que llamar .","Las instalaciones, la limpieza y la ubicación perfecto.",Viaje de ocio | Familia con niños pequeños | Apartamento de 1 dormitorio | Estancia de 1 noche | Enviado por móvil,8 comentarios,España
MalagaTeatroRomano,Escrito en 20 de diciembre de 2025,"8,0",Begoña,,,Viaje de ocio | Familia con niños pequeños | Apartamento de 1 dormitorio | Estancia de 1 noche | Enviado por móvil,,
MalagaTeatroRomano,Escrito en 10 de diciembre de 2025,"9,0",Albert,,,Viaje de ocio | Persona que viaja sola | Estudio | Estancia de 1 noche | Enviado por móvil,,
MalagaTeatroRomano,Escrito en 2 de diciembre de 2025,"9,0",Fernando,,,Viaje de ocio | Familia con niños pequeños | Apartamento de 1 dormitorio | Estancia de 1 noche | Enviado por móvil,,
MalagaTeatroRomano,Escrito en 8 de noviembre de 2025,"9,0",Virginia,,,Viaje de ocio | Familia con niños pequeños | Apartamento de 1 dormitorio | Estancia de 1 noche | Enviado por móvil,,
MalagaTeatroRomano,Escrito en 19 de octubre de 2025,"9,0",Angel,,,Familia con niños pequeños | Apartamento de 1 dormitorio | Estancia de 1 noche | Enviado por móvil,,
MalagaTeatroRomano,Escrito en 10 de abril de 2023,10,Rocío,,,Viaje de ocio | Grupo de amigos | Apartamento de 1 dormitorio | Estancia de 1 noche | Enviado por móvil,,
MalagaTeatroRomano,Escrito en 5 de abril de 2023,10,Delfina,,,Viaje de ocio | Grupo de amigos | Apartamento de 1 dormitorio | Estancia de 2 noches | Enviado por móvil,,
MalagaTeatroRomano,Escrito en 4 de abril de 2023,10,Noelia,,,Viaje de ocio | Familia con niños pequeños | Estudio | Estancia de 1 noche | Enviado por móvil,,
MalagaTeatroRomano,Escrito en 5 de marzo de 2023,10,Sergio89sanchezherrera,,,Viaje de ocio | Familia con niños pequeños | Apartamento de 1 dormitorio | Estancia de 1 noche | Enviado por móvil,,
MalagaTeatroRomano,Escrito en 23 de febrero de 2023,10,Ines,,,Viaje de ocio | Pareja | Apartamento de 1 dormitorio | Estancia de 2 noches | Enviado por móvil,,
MalagaTeatroRomano,Escrito en 11 de febrero de 2023,10,Denisas,,,Viaje de ocio | Familia con niños pequeños | Estudio | Estancia de 3 noches | Enviado por móvil,,
MalagaTeatroRomano,Escrito en 27 de agosto de 2025,"8,0",Anónimo,,,Viaje de ocio | Pareja | Estudio | Estancia de 1 noche,,
GranadaCatedral,Escrito en 2 de enero de 2026,10,Nicolas,"El apartamento de la ultima planta , le falta aislamiento en el techo","La ubicacion es excelente , en el pleno centro de Granada",Viaje de ocio | Familia con niños pequeños | Apartamento de 1 dormitorio con balcón | Estancia de 2 noches,10 comentarios,España
GranadaCatedral,Escrito en 30 de diciembre de 2025,"9,0",Molero,Nada,Localización y estancia,Viaje de ocio | Familia con niños pequeños | Apartamento con terraza | Estancia de 2 noches | Enviado por móvil,1 comentario,España
GranadaCatedral,Escrito en 25 de diciembre de 2025,"9,0",Minda,La entrada con el coche  a la ciudad,,Viaje de ocio | Familia con niños pequeños | Apartamento de 1 dormitorio con balcón | Estancia de 2 noches,17 comentarios,España
GranadaCatedral,Escrito en 11 de diciembre de 2025,10,Daniel,"El código no servía cuando llegué, pero me atendieron muy rápido por llamada y me ayudaron. El TV no es smart TV","Cómodo, limpio, las vistas a plaza hermosas. Muy bien ubicado. Me gustó mucho.",Viaje de ocio | Pareja | Apartamento de 1 dormitorio con balcón | Estancia de 2 noches | Enviado por móvil,1 comentario,España
GranadaCatedral,Escrito en 9 de diciembre de 2025,10,Pac01969,No hubo nada.,"Muy bien, la cafetería nos trato muy bien y la tostada eran grandes.",Viaje de ocio | Familia con niños pequeños | Apartamento con terraza | Estancia de 3 noches,4 comentarios,España
GranadaCatedral,Escrito en 30 de noviembre de 2025,"9,0",Soledad,No me gustó mucho que cuando abres el sofá cama no queda espacio para pasar. Es la única pega que Le pongo. Lo demás de lujo.,"Me encantó la ubicación, la limpieza y que dispone de todo lo necesario para la estancia. El sitio es precioso y justo debajo está la plaza Bibrambla, llena de bares , restaurantes, tiendas... a pesar de estar tan céntrico nada de ruido en El apartamento.  Todo genial.",Viaje de ocio | Familia con niños pequeños | Apartamento de 1 dormitorio con balcón | Estancia de 1 noche | Enviado por móvil,3 comentarios,España
GranadaCatedral,Escrito en 15 de noviembre de 2025,10,Alessio,No había sartenes ni ollas para cocinar.,Genial tanto el piso como la ubicación. Todo muy bien.,Viaje de ocio | Pareja | Estudio con balcón | Estancia de 2 noches | Enviado por móvil,7 comentarios,España
GranadaCatedral,Escrito en 25 de octubre de 2025,"9,0",Montse,"Quizás eché de menos una persona con la que hablar físicamente, pero es verdad que al no surgir ningún contratiempo no fue necesario, quizás es solo que soy antigua.","La localización, la limpieza. Para dos personas es ideal.",Viaje de ocio | Familia con niños pequeños | Apartamento de 1 dormitorio con balcón | Estancia de 3 noches | Enviado por móvil,7 comentarios,España
GranadaCatedral,Escrito en 23 de octubre de 2025,"8,0",M,"El descargar una aplicación para poder hacerlo, meter los DNI y datos varias veces",El detalle de bienvenida y la limpieza,Viaje de ocio | Grupo | Estudio con balcón | Estancia de 1 noche | Enviado por móvil,13 comentarios,España
GranadaCatedral,Escrito en 22 de octubre de 2025,10,Maria,Algo ruidoso,Excelente,Viaje de ocio | Pareja | Apartamento de 1 dormitorio con balcón | Estancia de 2 noches | Enviado por móvil,15 comentarios,Argentina
GranadaCatedral,Escrito en 13 de octubre de 2025,10,Sergio,,"Muy bien ubicado, en el corazón de las peatonales, seguro y asi mismo silencioso. Pudimos hacer caminando casi todo",Viaje de ocio | Pareja | Estudio con balcón | Estancia de 3 noches,,
GranadaCatedral,Escrito en 11 de octubre de 2025,"8,0",Labella,"Al estar en pleno centro histórico de Granada, se escucha bastante el bullicio de la gente, esto dificulta el tiempo de descanzo","La ubicación, ñas dimensiones e instalaciones son excelentes",Viaje de ocio | Familia con niños pequeños | Estudio con balcón | Estancia de 3 noches | Enviado por móvil,12 comentarios,Argentina
GranadaCatedral,Escrito en 29 de septiembre de 2025,10,Elena,,Es un apartamento precioso y súper limpio.,Viaje de ocio | Pareja | Estudio con balcón | Estancia de 1 noche | Enviado por móvil,,
GranadaCatedral,Escrito en 23 de septiembre de 2025,10,Nelson,"No tengo nada de negativo , al contrario , súper positivo en todo.","La verdad que muy buena la ubicación , céntrica y accesible a todo los lugares turísticos de Granada. El piso muy moderno y con todo lo q  senecesita para estar unos días en Granada.",Viaje de ocio | Familia con niños pequeños | Apartamento de 1 dormitorio con balcón | Estancia de 2 noches | Enviado por móvil,16 comentarios,Argentina
GranadaCatedral,Escrito en 20 de septiembre de 2025,10,Maria,Todo me gustó,"Todo me gustó. La ubicación, el apartamento, la atencion",Viaje de ocio | Pareja | Estudio con balcón | Estancia de 1 noche | Enviado por móvil,18 comentarios,España
GranadaCatedral,Escrito en 14 de septiembre de 2025,"9,0",Adrian,"Tanto el edificio como el apartamento demasiado pequeño con tal de aprovechar el espacio.No puedes dejar las maletas en ningún lugar, teniendo que buscar una consigna.","La ubicación muy céntrica para poder moverte caminando a cualquier lado del centro y de servicios como restaurantes etc.Todo muy renovado y como de nueva construcción.Cocina con lo necesario para poder cocinar.Muy buena limpieza.",Viaje de ocio | Familia con niños pequeños | Apartamento de 1 dormitorio con balcón | Estancia de 1 noche,38 comentarios,España
GranadaCatedral,Escrito en 9 de septiembre de 2025,10,Jessica,Que el aire acondicionado de fuera hace ruido y no llega a enfriar del todo.,Me encantó la comodidad y sobretodo la terraza me encantó,Viaje de ocio | Pareja | Apartamento con terraza | Estancia de 2 noches | Enviado por móvil,7 comentarios,España
GranadaCatedral,Escrito en 2 de septiembre de 2025,"8,0",Annabel,"Para 4 personas es un poco justo, al abrir el sofá cama se corta el paso a la habitación y había que hacer malabarismos para pasar.","La ubicación es muy buena, la entrada y la salida muy cómodas y fáciles. Todo muy nuevo y muy limpio. Lo recomiendo para una o dos personas.",Con una mascota | Viaje de ocio | Familia con niños pequeños | Apartamento de 1 dormitorio con balcón | Estancia de 1 noche,31 comentarios,España
GranadaCatedral,Escrito en 27 de agosto de 2025,"8,0",Virtudes,"El tamaño pequeño de las habitaciones, la distribución y que no funcionase el mando a distancia del aire acondicionado.","Ubicación inmejorable, en pleno centro, al lado de la Catedral y a 12 minutos caminando de El Albaicín.
También un parking público próximo.
Limpísimo, un olor super agradable, todo nuevo, detalles cuidados al máximo, como la colocación de toallas, secador del pelo con difusor.
Silencioso.
La única objeción que las habitaciones eran muy pequeñas y con el sofá cama abierto tenías que hacer malabares para pasar.
También considero como punto negativo la distribución, ya que el para acceder al baño desde el dormitorio tienes que cruzar la Sala de estar con el Sofá cama y molestas a quien está durmiendo.
Por último, el mando a distancia del aire acondicionado del dormitorio no funcionaba, teníamos que compartir el mando de la otra Sala.
Se agradece la caja de bienvenida con agua snacks y demás detalles.
Repetiría pero en un apartamento más amplio, por lo demás perfecto.",Viaje de ocio | Familia con niños pequeños | Apartamento de 1 dormitorio con balcón | Estancia de 1 noche | Enviado por móvil,5 comentarios,España
GranadaCatedral,Escrito en 23 de agosto de 2025,"9,0",Nicolas,,La ubicación,Viaje de ocio | Familia con niños pequeños | Apartamento de 1 dormitorio con balcón | Estancia de 1 noche | Enviado por móvil,,
GranadaCatedral,Escrito en 20 de agosto de 2025,"8,0",Inma,Había goteras,Su ubicación y la limpieza,Viaje de ocio | Familia con niños pequeños | Apartamento de 1 dormitorio con balcón | Estancia de 1 noche | Enviado por móvil,18 comentarios,España
GranadaCatedral,Escrito en 12 de agosto de 2025,"8,0",Sheila,Que la mascota no pueda quedar sola en la habitación.,"Admite mascotas, buena ubicación,cómodo y limpio.",Viaje de ocio | Familia con niños pequeños | Apartamento de 1 dormitorio con balcón | Estancia de 1 noche | Enviado por móvil,14 comentarios,España
GranadaCatedral,Escrito en 8 de agosto de 2025,"8,0",Alba,,"El alojamiento estupendo, bien situado y limpio",Viaje de ocio | Familia con niños pequeños | Apartamento de 1 dormitorio con balcón | Estancia de 2 noches | Enviado por móvil,,
GranadaCatedral,Escrito en 2 de agosto de 2025,"9,0",Maitecita,"Viaje con una mascota y me pareció excesivo el precio por día, en la inmensa mayoría de los sitios donde hemos ido, se pagaba menos de la mitad.","La ubicación, cerca de todo y cómodo para moverse a cualquier sitio. Los detalles y amenitis para nosotros y nuestra mascota",Viaje de ocio | Pareja | Apartamento de 1 dormitorio con balcón | Estancia de 2 noches | Enviado por móvil,4 comentarios,España
GranadaCatedral,Escrito en 21 de julio de 2024,"8,0",Isabel,"Contraté el apartamento para 4 personas y el sofá cama no era demasiado cómodo, para niños tiene pase, es ideal para 2 personas. Para 2 personas es un buen apartamento, bonito y muy nuevo todo.","El apartamento está bastante bien, la cama cómoda, detalles como botellas de agua, kit de productos de limpieza para el fregador",Viaje de ocio | Grupo | Apartamento de 1 dormitorio con balcón | Estancia de 1 noche | Enviado por móvil,35 comentarios,España
GranadaCatedral,Escrito en 19 de julio de 2024,10,Jose,,Está muy bien ubicado y muy próximo de la catedral,Viaje de ocio | Familia con niños pequeños | Apartamento de 1 dormitorio con balcón | Estancia de 2 noches | Enviado por móvil,,
GranadaCatedral,Escrito en 14 de julio de 2024,10,Mari,Éramos 4 personas y cuando abrimos el sofá cama no quedaba apenas espacio para pasar del baño a la habitación con la mesa del comedor y tal,"Zona super céntrica, encima de la mesita había un kit con 2 cartoncitos de agua, patatas y unos tapones para los oídos ,kit de limpieza,muy limpito todo",Viaje de ocio | Familia con niños pequeños | Apartamento de 1 dormitorio con balcón | Estancia de 2 noches | Enviado por móvil,15 comentarios,España
GranadaCatedral,Escrito en 13 de julio de 2024,"9,0",Morales,Al estar en el centro hay bastante ruido por la noche pero el apartamento lo compensa,"Estaba todo genial, la decoración, la limpieza, y los detalles, realmente increíble",Viaje de ocio | Grupo de amigos | Estudio con balcón | Estancia de 1 noche | Enviado por móvil,2 comentarios,España
GranadaCatedral,Escrito en 11 de julio de 2024,10,Lirios,,"Atención al cliente inmejorable. Viajábamos con perritos y fueron súper atentos con sus camitas, bebederos y comederos. Apartamento completo y equipado. Ubicación inmejorable.",Viaje de ocio | Pareja | Apartamento de 1 dormitorio con balcón | Estancia de 1 noche | Enviado por móvil,,
GranadaCatedral,Escrito en 11 de julio de 2024,10,Lirios,,"Atención al cliente inmejorable. Viajábamos con perritos y fueron súper atentos con sus camitas, bebederos y comederos. Apartamento completo y equipado. Ubicación inmejorable.",Viaje de ocio | Pareja | Apartamento de 1 dormitorio con balcón | Estancia de 1 noche | Enviado por móvil,,
GranadaCatedral,Escrito en 11 de julio de 2024,10,Alejandra,,"Ubicación excelente, apartamentos hermosos y un servicio al cliente muy rápido!",Viaje de ocio | Grupo | Apartamento con terraza | Estancia de 1 noche | Enviado por móvil,,
GranadaCatedral,Escrito en 7 de julio de 2024,"9,0",Isabel,"Mucho ruido, aunque te dan tapones","Ubicación muy buena, cómodo, opción de late check out. Muy limpio y con detalle de bienvenida",Viaje de ocio | Pareja | Estudio con balcón | Estancia de 1 noche | Enviado por móvil,13 comentarios,España
GranadaCatedral,Escrito en 26 de junio de 2024,10,María,,"Amplio, moderno, luminoso, las vistas des de la terraza, es un apartamento bonito con todo lo necesario para pasar una buena estancia. La ubicación es muy buena, cerca de la catedral y restaurantes.",Viaje de ocio | Familia con niños pequeños | Apartamento con terraza | Estancia de 1 noche | Enviado por móvil,,
GranadaCatedral,Escrito en 24 de junio de 2024,10,Solaz,,"Todo ha estado muy bien en general, sobre todo la ubicación",Viaje de ocio | Familia con niños pequeños | Apartamento de 1 dormitorio con balcón | Estancia de 1 noche | Enviado por móvil,,
GranadaCatedral,Escrito en 20 de junio de 2024,"9,0",Sara,-,"Alojamiento muy bien situado para conocer Granada, en pleno centro, muy limpio con fácil check-in, check-out. Se peude llegar andando a casi todos los lugares de la ciudad. Si volvemos, repetiríamos.",Viaje de ocio | Pareja | Estudio con balcón | Estancia de 3 noches,39 comentarios,España
GranadaCatedral,Escrito en 16 de junio de 2024,"9,0",María,"Los q durmieron en el sofá cama pasaron frío solo con la sábana. No había ni una colcha, mantita ni nada para echarse. Mi hija se tuvo q tapar con una toalla. Había algo debajo de la cama del dormitorio, pero estaba candado😳","Súper bien situado, muy cómodo y limpio.un apartamento ideal.",Viaje de ocio | Familia con niños pequeños | Apartamento de 1 dormitorio con balcón | Estancia de 1 noche | Enviado por móvil,4 comentarios,España
GranadaCatedral,Escrito en 8 de junio de 2024,10,Victor,Es un poco pequeño pero muy bien arreglado.,Lo céntrico que está y muy mono.,Viaje de ocio | Familia con niños pequeños | Apartamento de 1 dormitorio con balcón | Estancia de 1 noche | Enviado por móvil,19 comentarios,España
GranadaCatedral,Escrito en 29 de mayo de 2024,"8,0",Elías,Nada,"La ubicación, la higiene, los muebles",Viaje de ocio | Pareja | Estudio con balcón | Estancia de 1 noche | Enviado por móvil,23 comentarios,España
GranadaCatedral,Escrito en 27 de mayo de 2024,"8,0",Toni,El sofá cama está muy destrozado y es muy incomodo dormir en el,,Viaje de ocio | Familia con niños pequeños | Apartamento de 1 dormitorio con balcón | Estancia de 1 noche | Enviado por móvil,17 comentarios,Andorra
GranadaCatedral,Escrito en 26 de mayo de 2024,10,Chiara,Todo fue perfecto!,El departamento fue lindo! La atencion y la ubicación espectacular!,Viaje de ocio | Pareja | Apartamento de 1 dormitorio con balcón | Estancia de 3 noches | Enviado por móvil,1 comentario,Paraguay
GranadaCatedral,Escrito en 7 de mayo de 2024,10,Pedro,,la ubicación,Viaje de negocios | Grupo | Apartamento de 1 dormitorio con balcón | Estancia de 1 noche,,
GranadaCatedral,Escrito en 27 de abril de 2024,10,Marisela,,Cama comoda,Viaje de ocio | Familia con niños pequeños | Apartamento de 1 dormitorio con balcón | Estancia de 4 noches | Enviado por móvil,,
GranadaCatedral,Escrito en 23 de abril de 2024,"8,0",Mario,"Que funcione la cocina, mas silencio a la mañana cuando han limpiado, anticipar la clave del cheeck-in.",Que desayuno??????,Viaje de ocio | Persona que viaja sola | Apartamento de 1 dormitorio con balcón | Estancia de 4 noches,14 comentarios,Argentina
GranadaCatedral,Escrito en 20 de abril de 2024,"9,0",Gudrun,"Parece que había una avería de agua en el baño, faltaban losetas y el techo necesita reparación. Por un precio tan elevado no me parece bien alquilarlo sin arreglarlo.","Ubicación perfecta, acceso a través del móvil muy cómodo.",Viaje de ocio | Familia con niños pequeños | Estudio con balcón | Estancia de 4 noches | Enviado por móvil,40 comentarios,España
GranadaCatedral,Escrito en 15 de abril de 2024,"8,0",Elena,"Falta algún cuchillo de cocina, abridor de botellas, por ejemplo. 
El sistema de jabón del baño algo incomodo si no tienes fuerza, y sin mampara se pone todo lleno de agua.","La ubicación
Limpieza",Viaje de ocio | Familia con niños pequeños | Estudio con balcón | Estancia de 3 noches | Enviado por móvil,16 comentarios,España
GranadaCatedral,Escrito en 14 de abril de 2024,10,Maria,Nada todo muy bien!,La situación,Viaje de ocio | Familia con niños pequeños | Apartamento de 1 dormitorio con balcón | Estancia de 1 noche | Enviado por móvil,4 comentarios,España
GranadaCatedral,Escrito en 8 de abril de 2024,10,Aroa,"El aparcamiento, tienes q buscar un parking lejano para poner aparcar, los parking se la zona están todos completos.",Lo cómodo como y amplio que el apartamento. Está situado en el corazón de granada. Es el mejor sitio donde te puede quedar,Viaje de ocio | Grupo de amigos | Apartamento de 1 dormitorio con balcón | Estancia de 1 noche | Enviado por móvil,2 comentarios,España
GranadaCatedral,Escrito en 7 de abril de 2024,"9,0",Ramon,El calentador de agua no llega para 4 personas.,,Viaje de ocio | Familia con niños pequeños | Apartamento de 1 dormitorio con balcón | Estancia de 1 noche | Enviado por móvil,6 comentarios,España
GranadaCatedral,Escrito en 31 de marzo de 2024,"8,0",Gloria,,Ubicación,Viaje de ocio | Familia con niños pequeños | Apartamento de 1 dormitorio con balcón | Estancia de 2 noches | Enviado por móvil,,
GranadaCatedral,Escrito en 18 de marzo de 2023,"8,0",Victoria,"Como tenía lavadora, aprovechamos de lavar ropa. Pero no terminaba el ciclo nunca... más de 4 horas... tuvimos que detenerla manualmente
Es el único detalle. El resto, muy bien","La ubicación perfecta
El departamento tiene de todo",Viaje de ocio | Pareja | Estudio con balcón | Estancia de 2 noches | Enviado por móvil,35 comentarios,Chile
GranadaCatedral,Escrito en 16 de marzo de 2023,10,Natalia,que no tuviera personal físico en el hotel para resolver duda o cualquier problema,la decoración y la ubicación,Viaje de ocio | Grupo | Apartamento de 1 dormitorio con balcón | Estancia de 1 noche | Enviado por móvil,14 comentarios,España
GranadaCatedral,Escrito en 13 de marzo de 2023,"8,0",Enrique,La cama un poco blanda,,Con una mascota | Viaje de negocios | Pareja | Estudio con balcón | Estancia de 4 noches,10 comentarios,España
GranadaCatedral,Escrito en 27 de febrero de 2023,"9,0",Ignaciomp,nada.,Excelente ubicación. Cerca de todo lo que buscabamos.,Viaje de ocio | Familia con niños pequeños | Apartamento de 1 dormitorio con balcón | Estancia de 2 noches,55 comentarios,España
GranadaCatedral,Escrito en 26 de febrero de 2023,"8,0",Susana,"La insonorización, al estar en el centro y encima de un bar se oye ruido cuando cierran el bar","la ubicación del aparmento, muy céntrico. Todo muy nuevo",Viaje de ocio | Pareja | Estudio con balcón | Estancia de 1 noche,30 comentarios,España
GranadaCatedral,Escrito en 23 de febrero de 2023,"9,0",Raquel,"La única pega que puedo poner es que para mi gusto las almohadas me han resultado un poco incómodas, por lo demás todo genial.","Me gustó todo, como de un espacio pequeño han aprovechado cada rincón con su buena distribución. La localización súper buena, pleno centro  y no hemos escuchado nada de ruido en la calle a la hora de dormir. Volveremos seguro.",Viaje de ocio | Pareja | Estudio con balcón | Estancia de 1 noche | Enviado por móvil,1 comentario,España
GranadaCatedral,Escrito en 22 de febrero de 2023,"9,0",Emilia,La almohada muy de muy mala calidad y el colchón demasiado duró sobre todo si sufres alguna enfermedad de espalda o dolencias. Por cortesía suelen dejar aunque sea una botellita de agua ..... El mandó del aire habitación no funciona bien. Emos tenido que utilizar el del salón. La televisión tampoco ya que llegamos pensando en echar un ratito antes de acostarnos viendo una película.,En general bien,Viaje de ocio | Familia con niños pequeños | Apartamento con terraza | Estancia de 1 noche | Enviado por móvil,39 comentarios,España
GranadaCatedral,Escrito en 19 de febrero de 2023,10,Maria,No tengo nada que decir,Todo. Repetiremos sin duda,Viaje de ocio | Grupo | Apartamento de 1 dormitorio con balcón | Estancia de 1 noche | Enviado por móvil,31 comentarios,España
GranadaCatedral,Escrito en 17 de febrero de 2023,10,Teresa,"Había cafetera pero no café, tampoco aceite, pimienta o sal que suelen incluirse en otros apartamentos. 
En general todo muy recomendable, repetiría sin duda.","El apartamento está muy céntrico, a escasos minutos andando de todo además de muy limpio. 
Aunque es pequeño resulta bastante cómodo y tiene todo lo necesario para la estancia.",Viaje de ocio | Pareja | Estudio con balcón | Estancia de 1 noche | Enviado por móvil,8 comentarios,España
GranadaCatedral,Escrito en 14 de febrero de 2023,"8,0",Rosa,"El checking fue algo complicado, no nos dieron muchas facilidades, y el checkout justo justo a las 11h, pero bueno.",,Viaje de ocio | Familia con niños pequeños | Apartamento con terraza | Estancia de 2 noches | Enviado por móvil,22 comentarios,España
GranadaCatedral,Escrito en 13 de febrero de 2023,10,Nuria,,"La ubicación era perfecta y el apartamento precioso, todo súper nuevo y muy limpio.",Viaje de ocio | Pareja | Estudio con balcón | Estancia de 1 noche | Enviado por móvil,,
GranadaCatedral,Escrito en 12 de febrero de 2023,"8,0",Ana,,"La cama muy cómoda. Todo muy limpio. Ducha perfectaLa ubicación es perfecta",Viaje de ocio | Grupo | Apartamento de 1 dormitorio con balcón | Estancia de 1 noche | Enviado por móvil,,
GranadaCatedral,Escrito en 12 de febrero de 2023,"9,0",Alicia,Un poco ruido pero con tapones sé solucionó,"La ubicación excelente, muy limpio y muy cómoda la cama. Bonito y completo. Te atienden súper rápido a pesar de ser todo online pero en mi caso lo prefiero. Todo en la recepción muy bien explicado incluso para el wifi",Viaje de ocio | Familia con niños pequeños | Apartamento de 1 dormitorio con balcón | Estancia de 1 noche,7 comentarios,España
GranadaCatedral,Escrito en 12 de febrero de 2023,10,Alicia,"Nos tocó el apartamento de la esquina y daba a dos calles por lo que en fin de semana se oía un poco de ruido de la calle, nada que no se solucione con tapones de oído.","La ubicación excelente, muy limpio y muy cómoda la cama.Bonito y completo.Te atienden súper rápido a pesar de ser todo online pero en mi caso lo prefiero.Todo en la recepción muy bien explicado incluso para el wifi",Viaje de ocio | Familia con niños pequeños | Apartamento de 1 dormitorio con balcón | Estancia de 1 noche,7 comentarios,España
GranadaCatedral,Escrito en 9 de febrero de 2023,"8,0",Claudia,"éramos 4 y cuando se duchaba 1 persona ya el agua se quedaba fría, y el sofá cama al abrirlo no quedaba espacio para entrar y salir de una habitación a otra, por lo demás todo muy bien","piso muy moderno, y cama muy cómoda",Viaje de ocio | Grupo | Apartamento de 1 dormitorio con balcón | Estancia de 4 noches | Enviado por móvil,14 comentarios,España
GranadaCatedral,Escrito en 8 de febrero de 2023,10,Diana,"El tiempo, hicimos el check in a las 15:00 y a las 11:00 teníamos que hacer el check out",Todo estaba lindo cómodo y ordenado,Viaje de ocio | Familia con niños pequeños | Apartamento de 1 dormitorio con balcón | Estancia de 2 noches | Enviado por móvil,7 comentarios,España
GranadaCatedral,Escrito en 8 de febrero de 2023,"8,0",Azucena,"la ubicación ideal.. lo único, que la zona en donde está es una zona de bares y pub, transitada por la noche por adolescentes y demás y me costó bastante dormirme con el ruido.. es la única pega que le pondría.",acogedor,Viaje de ocio | Pareja | Estudio con balcón | Estancia de 1 noche | Enviado por móvil,16 comentarios,España
GranadaCatedral,Escrito en 8 de febrero de 2023,"9,0",Lola,"La asistencia virtual debería simplificarse, es difícil para las personas mayores que nos gusta viajar",Esta bien situado y es limpio y confortable,Viaje de ocio | Pareja | Estudio con balcón | Estancia de 4 noches | Enviado por móvil,16 comentarios,España
GranadaCatedral,Escrito en 6 de febrero de 2023,"9,0",Demófilo,Las salidas de las ventilaciones no están bien resueltas y molestan un poco en las terrazas.,"Apartamento con dos terrazas en niveles diferentes con vistas y ubicación excepcionales, en pleno centro de Granada. Buen diseño y equipamiento. Cama principal confortable.",Viaje de ocio | Familia con niños pequeños | Apartamento con terraza | Estancia de 1 noche,16 comentarios,España
GranadaCatedral,Escrito en 5 de febrero de 2023,"9,0",Maite,El salón es un poco pequeño. En cuanto de abre el sofá cama el paso al dormitorio es complicado..,"La ubicación, el sitio es estupendo. También la limpieza y la decoración sencilla y moderna. El precio genial.",Viaje de ocio | Familia con niños pequeños | Apartamento de 1 dormitorio con balcón | Estancia de 1 noche | Enviado por móvil,18 comentarios,España
GranadaCatedral,Escrito en 3 de febrero de 2023,10,Aurora,,"Ubicación, limpieza, insonorización y calefacción",Viaje de ocio | Grupo | Apartamento de 1 dormitorio con balcón | Estancia de 2 noches | Enviado por móvil,,
GranadaCatedral,Escrito en 28 de enero de 2023,10,Ana,"a las 6 de la mañana los del apartamento de al lado llegaron gritando y dando portazos, por este motivo nos despertamos y fue casi imposible volver a dormir",todo pero sobre todo la cama,Viaje de ocio | Pareja | Estudio con balcón | Estancia de 1 noche | Enviado por móvil,4 comentarios,España
GranadaCatedral,Escrito en 22 de enero de 2023,"8,0",José,"El sofá cama no tenía sábanas ni almohada, sólo edredón.
La información sobre el alojamiento (check-in, número de apartamento...) te la dan por correo electrónico unas pocas horas antes de alojarte. 
Entra luz en todo el apartamento porque no tiene persianas y las cortinas no son suficientes para tapar.","Es un edificio de reciente construcción, todo se realiza digitalmente. El check-in se hace mediante una página web que te pide todos los datos de los alojados y el pago anticipado, una vez hecho esto te mandan un código para introducir en la puerta del portal y en el apartamento. Ciertamente resulta muy cómodo no llevar llave encima, por si la pierdes.
El apartamento está nuevo, limpio y con todo lo necesario. Cocina pequeña pero con utensilios. Baño de buen tamaño y muy cómodo, equipado con secador. Salón con sofá cama incómodo y pequeño armario (es el único) que guarda una plancha y una mini tabla de planchar. Dormitorio con cama de matrimonio cómoda. Hay varios ventanales sin persianas pero con cortinas opacas, cosa que no evita que entre la luz. Consolas de aire acondicionado en salón y dormitorio.
Tiene ascensor.
Ubicación excelente.",Viaje de ocio | Grupo de amigos | Apartamento de 1 dormitorio con balcón | Estancia de 1 noche | Enviado por móvil,45 comentarios,España
GranadaCatedral,Escrito en 12 de enero de 2023,10,Msensses,Un poco pequeño cuando abres el. Sofa cama se queda todo embutido sin poder casi moverte,"Ubicación, limpio y todo nuevo",Viaje de ocio | Familia con niños pequeños | Apartamento de 1 dormitorio con balcón | Estancia de 1 noche | Enviado por móvil,7 comentarios,España
GranadaCatedral,Escrito en 9 de enero de 2023,"9,0",Narciso,"El aparcamiento es imposible, la única forma de acceso al apartamento es en taxi, si vas en coche debes dejar el coche en un parking y tomar un taxi hasta la plaza del ayuntamiento","La ubicación del apartamento está genial, está justo en el centro de Granada",Viaje de ocio | Familia con niños pequeños | Apartamento con terraza | Estancia de 1 noche | Enviado por móvil,6 comentarios,España
GranadaCatedral,Escrito en 21 de febrero de 2023,"7,0",Idoia,Poco detalle en cuanto a básicos tales como capsulas de café de cortesía o papel higiénico.,"la ubicación. Es muy pequeño, pero suficiente para tres personas si vas a hacer todo fuera.",Viaje de ocio | Familia con niños pequeños | Apartamento de 1 dormitorio con balcón | Estancia de 3 noches | Enviado por móvil,14 comentarios,España
GranadaCatedral,Escrito en 19 de febrero de 2023,"5,0",Ramón,No había agua caliente.,,Viaje de ocio | Familia con niños pequeños | Apartamento de 1 dormitorio con balcón | Estancia de 1 noche | Enviado por móvil,10 comentarios,España
GranadaCatedral,Escrito en 16 de febrero de 2023,"5,0",Reyes,,El baño y buena calefacción.Camas confortables,Viaje de ocio | Familia con niños pequeños | Apartamento de 1 dormitorio con balcón | Estancia de 1 noche | Enviado por móvil,,
GranadaCatedral,Escrito en 5 de febrero de 2023,"7,0",Natalia,"Es un apartamento muy pequeño para 4 personasSolo pudieron ducharse dos porque se acabo el agua caliente","Ubicación Comodidad de la cama",Viaje de ocio | Grupo | Apartamento de 1 dormitorio con balcón | Estancia de 1 noche | Enviado por móvil,26 comentarios,España
GranadaCatedral,Escrito en 28 de junio de 2025,"9,0",Anónimo,,Ubicacion excelente …y unas vistas maravillosas,Viaje de ocio | Familia con niños pequeños | Apartamento de 1 dormitorio con balcón | Estancia de 3 noches,,
GranadaCatedral,Escrito en 29 de octubre de 2025,"5,0",Anónimo,"MUCHO RUIDOEMPEZARON A TRABAJAR A LAS 2 DE LA MADRUGADA",Ubicación muy buena,Viaje de ocio | Pareja | Apartamento de 1 dormitorio con balcón | Estancia de 4 noches | Enviado por móvil,1 comentario,España
GranadaCatedral,Escrito en 27 de octubre de 2025,"3,0",Anónimo,"El apartamento fue decepcionante, no tiene nada que ver con la oferta (abrías la puerta y tropezabas con la cama), en el pack de bienvenida había unos tapones para la falta de insonorización de las ventanas (parecía estar las personas de la calle en la habitación). Los servicios como el desayuno son mas caros que en el local, el alojamiento no te avisa que si vas con vehículo propio no puedes acceder a descargar las maletas y si accedes te multaran y el alojamiento no gestiona tu matricula como alojado en sus instalaciones para evitar la multa como hacen en muchos alojamientos/hoteles y muchas ciudades.","La ubicación perfecta y la limpieza buena.El desayuno es mas barato pagándolo directamente en el local, a parte de no poder elegir nada.",Viaje de ocio | Pareja | Estudio con balcón | Estancia de 3 noches,2 comentarios,España
GranadaCatedral,Escrito en 15 de agosto de 2025,"7,0",Anónimo,"El alojamiento no disponía de platos, a pesar de tener una cocina. No tenía los utensilios de cocina suficiente para cocinar. La luz del dormitorio parpadea y tuvimos que usar la lamparita de noche.",La distribución del espacio y la localización es muy buena. El mobiliario es nuevo.,Viaje de ocio | Pareja | Estudio con balcón | Estancia de 1 noche | Enviado por móvil,1 comentario,España
GranadaCatedral,Escrito en 2 de enero de 2026,"8,0",Isabel,,,Familia con niños pequeños | Estudio con balcón | Estancia de 1 noche | Enviado por móvil,,
GranadaCatedral,Escrito en 2 de diciembre de 2025,10,Tamba,,,Viaje de ocio | Familia con niños pequeños | Apartamento con terraza | Estancia de 5 noches | Enviado por móvil,,
GranadaCatedral,Escrito en 29 de noviembre de 2025,"9,0",José,,,Viaje de ocio | Pareja | Estudio con balcón | Estancia de 3 noches | Enviado por móvil,,
GranadaCatedral,Escrito en 3 de noviembre de 2025,"8,0",Andrea,,,Viaje de ocio | Grupo | Apartamento de 1 dormitorio con balcón | Estancia de 2 noches | Enviado por móvil,,
GranadaCatedral,Escrito en 2 de noviembre de 2025,"8,0",Roberto,,,Viaje de ocio | Grupo de amigos | Apartamento de 1 dormitorio con balcón | Estancia de 2 noches | Enviado por móvil,,
GranadaCatedral,Escrito en 31 de octubre de 2025,10,Héctor,,,Viaje de ocio | Familia con niños pequeños | Estudio con balcón | Estancia de 2 noches | Enviado por móvil,,
GranadaCatedral,Escrito en 17 de octubre de 2025,10,Tomas,,,Viaje de ocio | Familia con niños pequeños | Apartamento de 1 dormitorio con balcón | Estancia de 1 noche | Enviado por móvil,,
GranadaCatedral,Escrito en 13 de octubre de 2025,10,Nieves,,,Viaje de ocio | Pareja | Apartamento de 1 dormitorio con balcón | Estancia de 1 noche | Enviado por móvil,,
GranadaCatedral,Escrito en 6 de octubre de 2025,10,Ana,,,Viaje de ocio | Pareja | Estudio con balcón | Estancia de 1 noche | Enviado por móvil,,
GranadaCatedral,Escrito en 21 de septiembre de 2025,10,Maria,,,Viaje de ocio | Familia con niños pequeños | Apartamento de 1 dormitorio con balcón | Estancia de 1 noche | Enviado por móvil,,
GranadaCatedral,Escrito en 20 de septiembre de 2025,"9,0",Rossana,,,Viaje de ocio | Familia con niños pequeños | Apartamento de 1 dormitorio con balcón | Estancia de 1 noche | Enviado por móvil,,
GranadaCatedral,Escrito en 7 de septiembre de 2025,10,Ana,,,Viaje de ocio | Familia con niños pequeños | Apartamento de 1 dormitorio con balcón | Estancia de 3 noches | Enviado por móvil,,
GranadaCatedral,Escrito en 4 de septiembre de 2025,10,Maria,,,Viaje de negocios | Persona que viaja sola | Estudio con balcón | Estancia de 3 noches | Enviado por móvil,,
GranadaCatedral,Escrito en 3 de septiembre de 2025,"9,0",Milloux,,,Viaje de ocio | Familia con niños pequeños | Estudio con balcón | Estancia de 1 noche | Enviado por móvil,,
GranadaCatedral,Escrito en 1 de septiembre de 2025,10,Candela,,,Viaje de ocio | Pareja | Estudio con balcón | Estancia de 1 noche,,
GranadaCatedral,Escrito en 19 de agosto de 2025,10,Manuel,,,Viaje de ocio | Familia con niños pequeños | Apartamento de 1 dormitorio con balcón | Estancia de 1 noche | Enviado por móvil,,
GranadaCatedral,Escrito en 16 de agosto de 2025,"8,0",Gloria,,,Viaje de ocio | Grupo | Apartamento de 1 dormitorio con balcón | Estancia de 1 noche | Enviado por móvil,,
GranadaCatedral,Escrito en 7 de julio de 2024,10,María,,,Viaje de ocio | Grupo de amigos | Apartamento de 1 dormitorio con balcón | Estancia de 1 noche | Enviado por móvil,,
GranadaCatedral,Escrito en 1 de junio de 2024,10,Aitana,,,Viaje de ocio | Grupo de amigos | Apartamento de 1 dormitorio con balcón | Estancia de 1 noche | Enviado por móvil,,
GranadaCatedral,Escrito en 25 de mayo de 2024,10,Sonia,,,Viaje de ocio | Grupo | Apartamento de 1 dormitorio con balcón | Estancia de 1 noche | Enviado por móvil,,
GranadaCatedral,Escrito en 11 de mayo de 2024,"8,0",Rosa,,,Viaje de ocio | Grupo | Apartamento de 1 dormitorio con balcón | Estancia de 1 noche | Enviado por móvil,,
GranadaCatedral,Escrito en 6 de mayo de 2024,10,Carmen,,,Viaje de ocio | Familia con niños pequeños | Apartamento de 1 dormitorio con balcón | Estancia de 1 noche | Enviado por móvil,,
GranadaCatedral,Escrito en 28 de abril de 2024,10,Maria,,,Viaje de ocio | Pareja | Estudio con balcón | Estancia de 4 noches | Enviado por móvil,,
GranadaCatedral,Escrito en 25 de abril de 2024,"9,0",Fuensanta,,,Viaje de ocio | Familia con niños pequeños | Estudio con balcón | Estancia de 1 noche | Enviado por móvil,,
GranadaCatedral,Escrito en 14 de abril de 2024,10,Mora,,,Viaje de ocio | Familia con niños pequeños | Apartamento de 1 dormitorio con balcón | Estancia de 2 noches | Enviado por móvil,,
GranadaCatedral,Escrito en 14 de abril de 2024,"8,0",Ana,,,Viaje de ocio | Familia con niños pequeños | Estudio con balcón | Estancia de 1 noche | Enviado por móvil,,
GranadaCatedral,Escrito en 6 de marzo de 2024,"9,0",Fernández,,,Viaje de ocio | Familia con niños pequeños | Apartamento de 1 dormitorio con balcón | Estancia de 2 noches | Enviado por móvil,,
GranadaCatedral,Escrito en 28 de febrero de 2024,10,Marina,,,Viaje de ocio | Familia con niños pequeños | Apartamento de 1 dormitorio con balcón | Estancia de 1 noche | Enviado por móvil,,
GranadaCatedral,Escrito en 17 de febrero de 2024,10,Vanya,,,Viaje de ocio | Pareja | Estudio con balcón | Estancia de 3 noches | Enviado por móvil,,
GranadaCatedral,Escrito en 4 de febrero de 2024,10,Itxaso,,,Viaje de ocio | Pareja | Estudio con balcón | Estancia de 1 noche | Enviado por móvil,,
GranadaCatedral,Escrito en 3 de febrero de 2024,"9,0",Manu,,,Viaje de ocio | Familia con niños pequeños | Apartamento de 1 dormitorio con balcón | Estancia de 2 noches | Enviado por móvil,,
GranadaCatedral,Escrito en 16 de enero de 2024,10,Marta,,,Viaje de ocio | Familia con niños pequeños | Apartamento con terraza | Estancia de 4 noches | Enviado por móvil,,
GranadaCatedral,Escrito en 1 de enero de 2024,"8,0",Susana,,,Familia con niños pequeños | Apartamento de 1 dormitorio con balcón | Estancia de 3 noches | Enviado por móvil,,
GranadaCatedral,Escrito en 12 de diciembre de 2023,10,Vegas,,,Viaje de ocio | Pareja | Estudio con balcón | Estancia de 2 noches | Enviado por móvil,,
GranadaCatedral,Escrito en 6 de diciembre de 2023,"9,0",Vanesa,,,Familia con niños pequeños | Apartamento de 1 dormitorio con balcón | Estancia de 2 noches | Enviado por móvil,,
GranadaCatedral,Escrito en 6 de diciembre de 2023,"8,0",Jose,,,Viaje de ocio | Grupo de amigos | Apartamento de 1 dormitorio con balcón | Estancia de 1 noche | Enviado por móvil,,
GranadaCatedral,Escrito en 21 de noviembre de 2023,10,Elena,,,Viaje de ocio | Familia con niños pequeños | Apartamento de 1 dormitorio con balcón | Estancia de 3 noches | Enviado por móvil,,
GranadaCatedral,Escrito en 10 de noviembre de 2023,"8,0",Neus,,,Viaje de ocio | Pareja | Estudio con balcón | Estancia de 2 noches | Enviado por móvil,,
GranadaCatedral,Escrito en 8 de noviembre de 2023,10,Zina,,,Viaje de ocio | Pareja | Estudio con balcón | Estancia de 2 noches | Enviado por móvil,,
GranadaCatedral,Escrito en 4 de noviembre de 2023,"9,0",Esperanza,,,Viaje de ocio | Familia con niños pequeños | Apartamento de 1 dormitorio con balcón | Estancia de 1 noche | Enviado por móvil,,
GranadaCatedral,Escrito en 29 de octubre de 2023,"8,0",Juan,,,Viaje de ocio | Familia con niños pequeños | Estudio con balcón | Estancia de 3 noches | Enviado por móvil,,
GranadaCatedral,Escrito en 23 de octubre de 2023,10,Santos,,,Pareja | Estudio con balcón | Estancia de 1 noche | Enviado por móvil,,
GranadaCatedral,Escrito en 9 de marzo de 2025,"7,0",Rosa,,,Viaje de ocio | Familia con niños pequeños | Estudio con balcón | Estancia de 1 noche | Enviado por móvil,,
GranadaCatedral,Escrito en 7 de marzo de 2025,"1,0",Rocio,,,Viaje de ocio | Pareja | Apartamento de 1 dormitorio con balcón | Estancia de 1 noche | Enviado por móvil,,
GranadaCatedral,Escrito en 12 de julio de 2024,"7,0",Olimpia,,,Familia con niños pequeños | Apartamento de 1 dormitorio con balcón | Estancia de 2 noches | Enviado por móvil,,
GranadaCatedral,Escrito en 24 de junio de 2024,"7,0",Francisco,,,Viaje de ocio | Pareja | Estudio con balcón | Estancia de 1 noche | Enviado por móvil,,
GranadaCatedral,Escrito en 23 de diciembre de 2023,"7,0",Natalia,,,Viaje de ocio | Grupo de amigos | Apartamento de 1 dormitorio con balcón | Estancia de 2 noches | Enviado por móvil,,
GranadaCatedral,Escrito en 18 de noviembre de 2023,"7,0",Javier,,,Familia con niños pequeños | Apartamento de 1 dormitorio con balcón | Estancia de 1 noche | Enviado por móvil,,
GranadaCatedral,Escrito en 7 de julio de 2023,"7,0",Álvaro,,,Viaje de ocio | Familia con niños pequeños | Apartamento de 1 dormitorio con balcón | Estancia de 1 noche | Enviado por móvil,,
GranadaCatedral,Escrito en 27 de marzo de 2023,"1,0",Miguel,,,Viaje de ocio | Grupo | Apartamento de 1 dormitorio con balcón | Estancia de 1 noche | Enviado por móvil,,
GranadaCatedral,Escrito en 12 de marzo de 2023,"5,0",Javi,,,Viaje de ocio | Grupo | Apartamento de 1 dormitorio con balcón | Estancia de 1 noche | Enviado por móvil,,
GranadaCatedral,Escrito en 23 de noviembre de 2025,"9,0",Anónimo,,,Viaje de ocio | Grupo | Apartamento de 1 dormitorio con balcón | Estancia de 1 noche | Enviado por móvil,,
MalagaLaMerced,Escrito en 27 de octubre de 2025,"7,0",Cornelia,"Necesita reforma, en general esta bien, solo usamos el apartamento para dormir. Necesita reformase un poco. Fuimos en octubre y hacia mucho ruido, no me quiero imaginar los meses de temporada alta",La ubicacion,Viaje de ocio | Grupo | Apartamento de 3 dormitorios | Estancia de 2 noches,14 comentarios,España
MalagaLaMerced,Escrito en 20 de septiembre de 2025,"9,0",Carolina,"La primera noche casi no pudimos dormir de los ruidos. La segunda estuvo muchísimo mejor. Calculo que también es cuestión de suerte, pero es real que las paredes no aíslan nada acústicamente.","El departamento para 2 es hermoso. Cómodo. La ubicación es excelente. Bien equipado (plancha, caja fuerte, microondas, pava eléctrica). Bien el aire acondicionado. Dan kit de bienvenida. Si bien no contactamos con nadie del apartamento, las instrucciones fueron muy claras.",Viaje de ocio | Pareja | Estudio | Estancia de 2 noches | Enviado por móvil,17 comentarios,Argentina
MalagaLaMerced,Escrito en 26 de agosto de 2025,"8,0",Ezequiel,Muy ruidoso.,Bueno,Viaje de ocio | Pareja | Estudio | Estancia de 3 noches | Enviado por móvil,3 comentarios,Argentina
MalagaLaMerced,Escrito en 22 de agosto de 2025,"7,0",Pedro,"Es un apartamento extremadamente pequeño para 4 personas, la única puerta que existe en el apartamento es la de entrada y si está abierto el sofá cama ya no hay acceso ni a la otra cama ni a la terraza",La ubicación del apartamento es muy buena en pleno centro de Málaga,Viaje de ocio | Grupo de amigos | Estudio con terraza | Estancia de 4 noches | Enviado por móvil,1 comentario,España
MalagaLaMerced,Escrito en 25 de julio de 2025,"7,0",Iván,"El alojamiento es para dos personas. Para cuatro fue muy incómodo dormir en el sofá cama, además del poco espacio",,Viaje de ocio | Grupo | Estudio con terraza | Estancia de 1 noche | Enviado por móvil,26 comentarios,España
MalagaLaMerced,Escrito en 14 de julio de 2025,"9,0",Cuevas,Un poco de ruido y la televisión se enciende sola al conectarse otros huéspedes a netflix o aplicaciones similares.,Muy cómoda,Viaje de negocios | Persona que viaja sola | Estudio | Estancia de 3 noches | Enviado por móvil,3 comentarios,España
MalagaLaMerced,Escrito en 11 de julio de 2025,"9,0",Manuel,"Aunque no sea culpa de los gestores, tengo que decirlo, por la noche hay mucho mal educado por la calle, gritos, insultos, en fin, gentuza","Prácticamente, todo, ubicación, comodidad, limpieza",Viaje de ocio | Pareja | Estudio | Estancia de 4 noches | Enviado por móvil,3 comentarios,España
MalagaLaMerced,Escrito en 8 de junio de 2025,"9,0",Mesa,El aire no tiraba mucho .,"Buena ubicación, muy bien equipado y muy cómoda",Viaje de ocio | Pareja | Estudio | Estancia de 1 noche | Enviado por móvil,3 comentarios,España
MalagaLaMerced,Escrito en 1 de junio de 2025,"7,0",Jared,No esta bien aislado del ruido.,Muy central. el tamaño del apartamento esta bien.,Viaje de negocios | Pareja | Estudio | Estancia de 1 noche,49 comentarios,España
MalagaLaMerced,Escrito en 15 de abril de 2025,"8,0",Jose,El sofá un poco incomodo,Ubicación,Viaje de ocio | Pareja | Estudio con terraza | Estancia de 1 noche | Enviado por móvil,2 comentarios,España
MalagaLaMerced,Escrito en 3 de abril de 2025,"9,0",Valeriia,"Deberían promover un poco más el uso de la app, porque yo entré introduciendo el código, y solo después me di cuenta de que se pueden abrir todas las puertas con el móvil a través de la aplicación.No tengo ninguna queja importante, en general todo me gustó mucho. Es cierto que hay bastante ruido en la zona donde está el apartamento, pero los tapones que vienen en el ""Welcome kit"" al llegar son un buen detalle.","El apartamento está ubicado en una zona súper cómoda para conocer la ciudad y llegar caminando a todos los sitios. El parking está justo al lado, y con la app entrar al apartamento fue facilísimo. La verdad es que quedé muy contenta con todo.",Viaje de ocio | Familia con niños pequeños | Estudio con terraza | Estancia de 1 noche,6 comentarios,España
MalagaLaMerced,Escrito en 17 de marzo de 2025,"8,0",Luz,Faltaban amenidades de  cocina y la comunicación con el personal no fue gran buena,Ubicación y estética del apartamento,Viaje de ocio | Grupo | Apartamento de 3 dormitorios | Estancia de 1 noche | Enviado por móvil,7 comentarios,Estados Unidos
MalagaLaMerced,Escrito en 21 de febrero de 2025,"7,0",Mari,"Hay mucho ruido, no esta bien insonorizado y al estar en pleno centro se nota",El sitio muy centrico,Viaje de negocios | Familia con niños pequeños | Estudio | Estancia de 1 noche | Enviado por móvil,4 comentarios,España
MalagaLaMerced,Escrito en 24 de diciembre de 2024,"8,0",Manuel,No esta insonorizado nada se oye una mosca que pase por la calle,La limpieza y ubicacion,Viaje de ocio | Familia con niños pequeños | Apartamento de 3 dormitorios | Estancia de 1 noche | Enviado por móvil,7 comentarios,España
MalagaLaMerced,Escrito en 22 de diciembre de 2024,"8,0",Eulalia,"Mucho ruido y , aunque te dejan tapones para los oidos no sirven. La calle es muy centrica y hay mucho ruido. El apartamento no esta bien insonorizado. El sofa cama tambien es incomodo y,abierto impide el paso al baño de los que duermen en cama principal",La ubicacion es perfecta. En el centro de Malaga y con parking a 2 minutos del apartamento,Viaje de ocio | Pareja | Estudio con terraza | Estancia de 1 noche | Enviado por móvil,14 comentarios,España
MalagaLaMerced,Escrito en 22 de diciembre de 2024,"9,0",Jorge,,"la ubicación, está en pleno centro, y la habitación muy acogedora",Viaje de ocio | Pareja | Estudio | Estancia de 2 noches | Enviado por móvil,,
MalagaLaMerced,Escrito en 12 de diciembre de 2024,"8,0",Anastasia,"No me gustó que entraron al apartamento sin avisar, para dejar un papel para rellenar. Tampoco me gustó que el apartamento no se cierra por dentro. Si han entrado mientras que estábamos fuera, me hace pensar que pueden entrar de noche mientras que estamos dormidos, no sé.",La ubicación,Viaje de ocio | Familia con niños pequeños | Estudio con terraza | Estancia de 1 noche | Enviado por móvil,4 comentarios,España
MalagaLaMerced,Escrito en 10 de diciembre de 2024,"8,0",Sheila,La cama algo incomoda,"Ubicacion perfecta, todo limpio",Viaje de ocio | Pareja | Estudio | Estancia de 1 noche | Enviado por móvil,9 comentarios,España
MalagaLaMerced,Escrito en 10 de diciembre de 2024,"8,0",Rafael,Poco aislamiento de ruido.,La ubicación.,Viaje de ocio | Familia con niños pequeños | Estudio con terraza | Estancia de 1 noche | Enviado por móvil,6 comentarios,España
MalagaLaMerced,Escrito en 10 de diciembre de 2024,"8,0",Jose,Por poner algo las ventanas no quitan el ruido que entra de la calle,Muy bien la situación y el apartamento detallazo de bienvenida con agua y cápsulas de café y tapones para los oídos para el ruido que claro lo hacían los varenderos,Viaje de ocio | Grupo de amigos | Apartamento de 3 dormitorios | Estancia de 1 noche | Enviado por móvil,14 comentarios,España
MalagaLaMerced,Escrito en 9 de diciembre de 2024,"7,0",Carmen,"Al abrir el sofá cama, no queda espacio para pasar a la zona del dormitorio y tienes que pasar por encima de la cama. Además de que nos pareció algo ruidoso","La ubicacion es excelente, el apartamento estaba limpio y muy fácil de hacer el check in. Tuvimos un problema con un objeto que nos dejamos en el apartamento y el personal fue muy rápido y amable.",Viaje de ocio | Familia con niños pequeños | Estudio con terraza | Estancia de 1 noche | Enviado por móvil,1 comentario,España
MalagaLaMerced,Escrito en 7 de diciembre de 2024,"9,0",Cristina,"Es una zona de tránsito de gente,  algo ruidosa. Pero a partir de la medianoche ya no hay tanto trasiego y ya no se oye nada.","La ubicación es estupenda. El apartamento estaba muy limpio. La forma de acceder al check in, cómoda y fácil. Abrimos la puerta con tan sólo acercar el móvil. El edificio tiene ascensor. La cama firme y cómoda para mi gusto.",Viaje de ocio | Pareja | Estudio | Estancia de 1 noche | Enviado por móvil,1 comentario,España
MalagaLaMerced,Escrito en 4 de noviembre de 2024,"8,0",Jose,La aplicación para poder entrar en el apartamento no funcionaba,"La ubicación, estaba limpio y era cómodo",Viaje de ocio | Pareja | Estudio | Estancia de 4 noches | Enviado por móvil,39 comentarios,España
MalagaLaMerced,Escrito en 1 de agosto de 2024,"9,0",Giulietti,"Alto el precio 
A la noche se escucha mucho la gente","Limpio, bien distribuido",Viaje de ocio | Pareja | Estudio | Estancia de 2 noches | Enviado por móvil,1 comentario,España
MalagaLaMerced,Escrito en 3 de noviembre de 2023,"6,0",Elena,"Ponía que era para 4 personas pero es muy poco cómodo, la segunda cama es el sofá que cuando lo abres te cierra el paso desde la habitación. Tienes que saltar el sofá cama para poder ir a la habitación. Mesa excesivamente pequeña para poder comer en ella 4 personas.","Ubicación, limpieza",Viaje de ocio | Familia con niños pequeños | Estudio con terraza | Estancia de 2 noches | Enviado por móvil,5 comentarios,España
MalagaLaMerced,Escrito en 11 de agosto de 2023,10,M,Aparcamiento muy difícil pero si arregla,Muy cómodo muy tranquilo todo yo y mi pareja estuvimos súper bien  y mi mascota también gracias,Pareja | Estudio | Estancia de 1 noche | Enviado por móvil,2 comentarios,España
MalagaLaMerced,Escrito en 29 de junio de 2023,10,Rosa,Todo genial,"Perfecta ubicación, limpio y cama súper cómoda",Pareja | Estudio | Estancia de 2 noches | Enviado por móvil,47 comentarios,España
MalagaLaMerced,Escrito en 20 de junio de 2023,"5,0",Luis,"Se me cobro por un error en la reserva por lo cual debí pagar nuevamente, no obstante haber informado que se trataba de un error y no de cambio en la reserva. al solicitar que se considerara un cambio justificado de la reserva me respondieron que no era posible por falta de cupo, afirmación falsa, tal como quedo demostrado, lo que refleja un abuso de posición dominante.",,Viaje de ocio | Persona que viaja sola | Estudio | Estancia de 1 noche | Enviado por móvil,11 comentarios,Colombia
MalagaLaMerced,Escrito en 29 de mayo de 2023,"3,0",Rafael,La cerradura del portal no abrió bien. Tuve que intentar varias veces metiendo los números del codigo. La gente en la calle se oía mucho después de las 12 de la noche y también algun otro inquilino. El agua de la ducha se salía hacia el suelo del baño porque el sumidero no desaguaba bien.,,Viaje de negocios | Persona que viaja sola | Estudio | Estancia de 1 noche,9 comentarios,España
MalagaLaMerced,Escrito en 25 de mayo de 2023,"3,0",Angeles,"Me enviaron un link para hacer el enlace.
No funcionaba. Mesicen que lo haga al llegar. No funcionaba.
Tuve que esperar a una persona para que me abriera la puerta. iba muy cargada y no se molesto para ayudarme. Le dijo que no hay ascensor !! me contesta que si,pero no funciona.
se va sin decir adios.
La puntuación es de un cero .",la situación.,Viaje de ocio | Pareja | Estudio | Estancia de 1 noche | Enviado por móvil,43 comentarios,España
MalagaLaMerced,Escrito en 8 de mayo de 2023,"3,0",Miguel,"Falta de insonorizacioón del apartamento, ruidos insoportables de un almacén de vevidas desde la 6 de la mañana, olor de cañerías en el cuarto  de baño y no tener un teléfono donde llamar",La ubicación,Viaje de ocio | Pareja | Estudio | Estancia de 3 noches,8 comentarios,España
MalagaLaMerced,Escrito en 3 de mayo de 2023,10,Ana,"Un poco alto el precio, pero se entendía por las fechas que eran.","La habitación es muy bonita y funcional, me encantó el detalle de la cama y comederos para mascotas. La cocina tenía de todo. La forma de acceder con código es muy cómoda y la ubicación es ideal.",Viaje de ocio | Pareja | Estudio | Estancia de 4 noches,83 comentarios,España
MalagaLaMerced,Escrito en 23 de febrero de 2023,"5,0",Mónica,No me gustó el ruido y que no había una segunda cama cñómoda,,Viaje de ocio | Grupo | Estudio con terraza | Estancia de 1 noche,1 comentario,España
MalagaLaMerced,Escrito en 23 de enero de 2023,"5,0",María,"no había agua caliente, se había estropeado la caldera y no fue posible arreglarlo durante mi estancia , que fue un fin de semana , me descontaron un 15%del precio por esto",buena ubicación,Viaje de ocio | Pareja | Estudio | Estancia de 1 noche | Enviado por móvil,18 comentarios,España
MalagaLaMerced,Escrito en 18 de enero de 2023,"6,0",Ariza,el salón,"la cocina, la habitación",Viaje de ocio | Pareja | Estudio | Estancia de 2 noches | Enviado por móvil,2 comentarios,España
MalagaLaMerced,Escrito en 8 de enero de 2023,"4,0",Maria,El ruido y no poder dormir por los ruidos.no pudimos descansar,La ubicacion,Viaje de ocio | Familia con niños pequeños | Estudio con terraza | Estancia de 2 noches | Enviado por móvil,9 comentarios,España
MalagaLaMerced,Escrito en 22 de diciembre de 2025,"8,0",Rocio,,,Viaje de negocios | Pareja | Estudio | Estancia de 1 noche | Enviado por móvil,,
MalagaLaMerced,Escrito en 17 de octubre de 2025,"8,0",Eduardo,,,Viaje de ocio | Pareja | Estudio con terraza | Estancia de 1 noche,,
MalagaLaMerced,Escrito en 7 de junio de 2025,"8,0",Francisco,,,Viaje de ocio | Pareja | Estudio | Estancia de 1 noche | Enviado por móvil,,
MalagaLaMerced,Escrito en 27 de enero de 2025,"9,0",Francisco,,,Viaje de negocios | Grupo de amigos | Estudio | Estancia de 1 noche | Enviado por móvil,,
MalagaLaMerced,Escrito en 31 de diciembre de 2024,"8,0",Yolanda,,,Viaje de ocio | Pareja | Estudio | Estancia de 1 noche | Enviado por móvil,,
MalagaLaMerced,Escrito en 25 de diciembre de 2024,"8,0",Ruben,,,Viaje de ocio | Pareja | Estudio | Estancia de 1 noche | Enviado por móvil,,
MalagaLaMerced,Escrito en 20 de agosto de 2024,"9,0",Alejandro,,,Viaje de ocio | Grupo de amigos | Estudio con terraza | Estancia de 1 noche | Enviado por móvil,,
MalagaLaMerced,Escrito en 16 de julio de 2024,"7,0",Rosa,,,Viaje de ocio | Pareja | Estudio | Estancia de 1 noche | Enviado por móvil,,
MalagaLaMerced,Escrito en 17 de junio de 2024,"8,0",Massa,,,Viaje de ocio | Familia con niños pequeños | Estudio con terraza | Estancia de 2 noches | Enviado por móvil,,
MalagaLaMerced,Escrito en 24 de mayo de 2024,"7,0",Manuel,,,Viaje de negocios | Persona que viaja sola | Estudio | Estancia de 2 noches,,
MalagaLaMerced,Escrito en 17 de diciembre de 2023,"8,0",Diego,,,Viaje de ocio | Pareja | Estudio | Estancia de 1 noche,,
MalagaLaMerced,Escrito en 4 de noviembre de 2023,"9,0",Ana,,,Viaje de ocio | Pareja | Estudio | Estancia de 1 noche | Enviado por móvil,,
CordobaPatio,Escrito en 29 de diciembre de 2025,10,Bona,,"Lugar bonito, muy limpio, i buena atención del personal",Persona que viaja sola | Cama en habitación compartida mixta de 10 camas | Estancia de 1 noche | Enviado por móvil,,
CordobaPatio,Escrito en 28 de diciembre de 2025,"8,0",Eva,"La limpieza de las habitaciones, los colchones estaban manchados y había cabello en el suelo del baño y en el interior de las camas","La localización, cercano a plaza de Colon",Viaje de ocio | Familia con niños pequeños | Habitación Familiar con baño privado | Estancia de 1 noche | Enviado por móvil,12 comentarios,España
CordobaPatio,Escrito en 18 de diciembre de 2025,10,Isabel,,Todo estuvo muy bien,Viaje de ocio | Persona que viaja sola | Cama en habitación compartida mixta de 10 camas | Estancia de 3 noches | Enviado por móvil,,
CordobaPatio,Escrito en 18 de diciembre de 2025,"9,0",Moreno,,"Me gustó mucho , el patio el decorado, la comodidad , todo en general",Persona que viaja sola | Cama en habitación compartida mixta de 10 camas | Estancia de 1 noche | Enviado por móvil,,
CordobaPatio,Escrito en 16 de diciembre de 2025,10,Maria,"Nada, todo bien",Genial todo,Viaje de ocio | Grupo | Habitación Familiar con baño privado | Estancia de 1 noche | Enviado por móvil,9 comentarios,España
CordobaPatio,Escrito en 16 de diciembre de 2025,10,Andrés,Estaba todo muy limpio salvo un burruño de pelo en el suelo del baño. Se les debió pasar.,"La ubicación, el espacio. La habitación una pasada.",Pareja | Habitación Familiar Estándar | Estancia de 2 noches | Enviado por móvil,1 comentario,España
CordobaPatio,Escrito en 16 de diciembre de 2025,"9,0",Andrea,No pude regular la temperatura de la habitación y pasamos calor.,"Sitio moderno, decorado con mucho gusto. Camas cómodas y personal atento. Es un plus que la llave sea un código porque da más rapidez a la hora del check in y check out. Muy buena experiencia.",Viaje de ocio | Grupo | Habitación Cuádruple con baño privado | Estancia de 1 noche,10 comentarios,España
CordobaPatio,Escrito en 15 de diciembre de 2025,10,Sergio,No tengo nada para decir,"Excelentes instalaciones, super cómodo",Viaje de ocio | Persona que viaja sola | Cama en habitación compartida mixta de 6 camas | Estancia de 2 noches | Enviado por móvil,4 comentarios,Argentina
CordobaPatio,Escrito en 15 de diciembre de 2025,"8,0",Laura,"Que el baño estuviera dentro de la habitación y que no hubiera cortinas en las literas (al menos en las de abajo), falta de privacidad... La entrada está en un callejón que, por la noche, no da mucha confianza.","El patio, la decoración, el nórdico súper calentito. Las instalaciones nuevas y muy cordobesas :)",Viaje de negocios | Persona que viaja sola | Cama Individual en habitación compartida femenina | Estancia de 1 noche | Enviado por móvil,11 comentarios,España
CordobaPatio,Escrito en 13 de diciembre de 2025,"8,0",Amparo,,"Instalaciones muy nuevas. Ubicación muy céntrica. El desayuno tipo bufé es básico pero con fruta fresca, leche con opciones vegetales, zumo, dos tipos de pan muy buenos, cruasán, y fiambre.  bastante bueno para el precio de 6€.",Viaje de ocio | Persona que viaja sola | Cama Individual en habitación compartida femenina | Estancia de 2 noches | Enviado por móvil,,
CordobaPatio,Escrito en 9 de diciembre de 2025,10,Rosa,,Las instalaciones y la ubicación,Pareja | Habitación Cuádruple con baño privado | Estancia de 2 noches | Enviado por móvil,,
CordobaPatio,Escrito en 7 de diciembre de 2025,"8,0",Diego,El no decirle al resto de huéspedes el respeto para el descanso nocturno,La ubicación y las instalaciones,Viaje de ocio | Persona que viaja sola | Cama en habitación compartida mixta de 8 camas | Estancia de 3 noches | Enviado por móvil,18 comentarios,España
CordobaPatio,Escrito en 4 de diciembre de 2025,"8,0",Bemuse,"Lo único malo (aunque no es una cuestión del alojamiento) es que cuando estás en habitaciones para compartir la gente se olvida eso de no hacer ruido de noche.
Además sigo echando en falta el tema de la separación con cortinas en las camas en la mayoría de hosteles.",La ubicación es bastante buena. Y las instalaciones muy cuidadas y limpias. El personal muy agradable.,Viaje de ocio | Persona que viaja sola | Cama en habitación compartida mixta de 6 camas | Estancia de 1 noche | Enviado por móvil,7 comentarios,España
CordobaPatio,Escrito en 3 de diciembre de 2025,"8,0",Diaz,"La segunda noche cuando llegué, la habitación olía inmundo, era por un huésped que no se bañaba e hizo que todo el cuarto oliera así. No es un tema del hostal pero a tener en cuenta. Me cambiaron de cuarto y en el otro habia un señor que convirtió su cama en un tendedero de ropa. En general temas de hostales y el hecho que no hubiera cortinas o algo para dar más privacidad le quita puntos","El hostal es precioso, muy bonito, esta bien ubicado. Marina y todos los de la recepción super amables.",Viaje de ocio | Persona que viaja sola | Cama en habitación compartida mixta de 10 camas | Estancia de 2 noches | Enviado por móvil,3 comentarios,Colombia
CordobaPatio,Escrito en 2 de diciembre de 2025,10,Mohammed,Todo es excelente,"Excelente lugar, muy limpio, moderno, espacioso y con todos los servicios. Está ubicado en el centro de la ciudad, cerca de todo. También quiero agradecer al personal; son excepcionales, respetuosos y amables. Te sientes como en casa. Lo recomiendo ampliamente; es el mejor lugar disponible actualmente.",Viaje de ocio | Persona que viaja sola | Cama en habitación compartida mixta de 10 camas | Estancia de 1 noche | Enviado por móvil,3 comentarios,España
CordobaPatio,Escrito en 1 de diciembre de 2025,"8,0",María,"El desayuno era regular, con pocas opciones.","El edificio antiguo es hermosísimo, muy bien decorado y mantenido. Me encantó. El personal muy amable.",Viaje de ocio | Persona que viaja sola | Cama Individual en habitación compartida femenina | Estancia de 2 noches,32 comentarios,Argentina
CordobaPatio,Escrito en 28 de noviembre de 2025,"8,0",Antonio,"El sitio está bien, pero por fuera no se ve más que una puerta, y no vimos el timbre, así que estuvimos un rato hasta que salió alguien. Pero fue despiste nuestro: llamen al timbre que les atenderán, son muy amables. Y otra cosa: las camas de arriba de las literas no tienen barandillas (o nosotros no las vimos), cuidado con los niños.","El lugar es como un convento reformado o algo así. Desde fuera sólo se ve una puerta. Hay que tocar el timbre y te abren. La recepción está dentro y el personal es muy muy amable. Hay una sala común con nevera donde puedes guardar tu comida y comer. Por la mañana ahí hacen el desayuno. Las habitaciones está bien, modernas, y las camas son cómodas, aunque no son muy grandes. La calle es muy tranquila.",Viaje de ocio | Familia con niños pequeños | Habitación Familiar Estándar | Estancia de 1 noche,72 comentarios,España
CordobaPatio,Escrito en 27 de noviembre de 2025,10,Mary,Le faltaría algún lugar de apoyo en las habitaciones ( yo estuve en la de seis),"Ambiente agradable, espacioso y tranquilo",Viaje de ocio | Persona que viaja sola | Cama Individual en habitación compartida femenina | Estancia de 4 noches | Enviado por móvil,10 comentarios,Argentina
CordobaPatio,Escrito en 27 de noviembre de 2025,10,Carla,Nada! Me gustó todo! Solo para comentar que el agua de la ducha se filtraba por abajo de la puerta y se mojaba el piso.,"Es súper lindo! La ubicación es súper cómoda, estás cerca caminando de todo! Las instalaciones son modernas y cómodas! Las habitaciones modernas, camas super cómodas, con baño dentro de la habitación! Hay un lugar para estar con mesas y sillas y muchísimas mesas y sillones por los pasillos. El personal muy buena onda! Me encantó!",Viaje de ocio | Persona que viaja sola | Cama en habitación compartida mixta de 8 camas | Estancia de 2 noches | Enviado por móvil,24 comentarios,España
CordobaPatio,Escrito en 24 de noviembre de 2025,10,Vicente,Por poner alguna pega que tienes que dejar la habiatacion a las 11:00h y te la dan a las 15:00h,"Lo que más me gustó es la amplitud de la habitación, las camas son cómodas y la ubicación está genial",Viaje de ocio | Familia con niños pequeños | Habitación Familiar Estándar | Estancia de 1 noche | Enviado por móvil,7 comentarios,España
CordobaPatio,Escrito en 24 de noviembre de 2025,10,Lopez,,"UBICACION, INSTALACIONES...",Viaje de ocio | Grupo | Cama en habitación compartida mixta de 10 camas | Estancia de 1 noche,,
CordobaPatio,Escrito en 23 de noviembre de 2025,"8,0",Garcia,La entrada,La amabilidad,Viaje de ocio | Familia con niños pequeños | Habitación Familiar con baño privado | Estancia de 2 noches | Enviado por móvil,2 comentarios,España
CordobaPatio,Escrito en 20 de noviembre de 2025,"9,0",Daniel,Las literas eran un poco incómodas para subir,Me gustó mucho el patio de luces y la ubicación.,Viaje de ocio | Persona que viaja sola | Cama en habitación compartida mixta de 10 camas | Estancia de 3 noches | Enviado por móvil,5 comentarios,España
CordobaPatio,Escrito en 18 de noviembre de 2025,10,Jara,"Que no haya nadie presente en el alojamiento, o por lo menos cuando llegamos.","Increíble… todo limpio, cómodo y acogedor.  Y tiene piscina!!",Viaje de ocio | Persona que viaja sola | Cama en habitación compartida mixta de 10 camas | Estancia de 1 noche | Enviado por móvil,32 comentarios,España
CordobaPatio,Escrito en 16 de noviembre de 2025,10,Nuria,,Las instalaciones y la facilidad para realizar todo el proceso de check-in y check-out.,Viaje de ocio | Persona que viaja sola | Cama Individual en habitación compartida femenina | Estancia de 1 noche | Enviado por móvil,,
CordobaPatio,Escrito en 2 de septiembre de 2025,"9,0",Yomissma,"Que las camas no tuvieran cortinas para más intimidad y que solo pusieran dos rollos de papel pequeños, ya que faltaba siempre papel. Podrían poner más papel o rollos más grandes.","El hostel me gusto mucho. La piscina aunque pequeña, estaba muy bien para refrescarse, deberían de limpiarla un poco más ya que todos los días había varios mechones de pelo, pero tenía una temperatura muy buena. Me gustó que hubiera zonas comunes con mesas, hamacas en el patio que podías llevar también a la piscina, el patio  estaba muy bien y por la noche la iluminación era maravillosa. Tenían varios microondas, una nevera y dos hervidores. Las habitaciones estaban muy bien, pero deberían poner una puerta en la zona del váter y la ducha, para que en las habitaciones mixtas los huéspedes tengan más intimidad para vestirse y podrían poner unas luces en el lavabo que se encienden independientemente para no molestar a los demás huéspedes cuando se encienden.
También deberían de limpiar alguna vez más al día porque una vez no es suficiente y contratar alguna persona más de limpieza, ya que me pareció ver que son dos personas pero no es suficiente y no les da tiempo a poder limpiar bien los rincones, taquillas y paredes de la ducha y baño. El personal es super majo, amable, resolutivo y te ayudaban siempre en todo lo que podían.",Viaje de ocio | Grupo de amigos | Cama en habitación compartida mixta de 8 camas | Estancia de 3 noches | Enviado por móvil,17 comentarios,España
CordobaPatio,Escrito en 31 de agosto de 2025,"9,0",Yomissma,"Que permitan niños😅, que las camas no tengan cortinas para mayor intimidad y deberían de tener más personal de limpieza para poder limpiar más veces al día, ya que son habitaciones compartidas y hay personas que no son muy limpias.","Me gustó mucho el hostel en general, la piscina aunque pequeña está genial para refrescarse. Tienen hamacas que puedes mover a la piscina o al patio que es muy bonito y de noche con la iluminación es lo más..y super tranquilo. 
Algunas habitaciones deberían de tener ventana para poder airear la habitación y que entre luz natural de día, y en el baño que en las habitaciones  mixtas es muy pequeño y al no tener ventana no sé ventila. Podrían poner una puerta en la zona del váter y la ducha, para que las habitaciones mixtas tengan más intimidad, también una puerta en la zona de los lavabos para no molestar o poner una luz solo en esa zona. En general la habitación muy bien distribuida, pero deberían poner rollos de papel más grandes o más rollos porque ponen dos rollos por habitación de 8 personas y se queda corto siempre.
El desayuno por 6€ muy escueto, jamón, croissant, pan de dos tipos, Nocilla, mermeladas, zumos, alguna fruta, café y leche, podrían poner queso, huevos cocidos, tortilla de patatas, para la gente que no come carne por lo menos. 
Las chicas de recepción majisimas no...lo siguiente, super amables, atentas, generosas, te ayudan en todo lo que pueden.
Me gustó que tengan muchas zonas comunes con mesas y asientos, microondas, nevera, hervidor y algunos fregaderos en la primera planta.",Viaje de ocio | Grupo de amigos | Cama Individual en habitación compartida femenina | Estancia de 3 noches | Enviado por móvil,17 comentarios,España
CordobaPatio,Escrito en 30 de agosto de 2025,10,Belén,,Hermoso!!!,Viaje de ocio | Persona que viaja sola | Cama en habitación compartida mixta de 8 camas | Estancia de 1 noche | Enviado por móvil,,
CordobaPatio,Escrito en 30 de agosto de 2025,10,Belén,,Hermoso!!!,Viaje de ocio | Persona que viaja sola | Cama en habitación compartida mixta de 10 camas | Estancia de 6 noches | Enviado por móvil,,
CordobaPatio,Escrito en 29 de agosto de 2025,"9,0",Montse,,"Todo , la habitación privada súper amplia, limpia y con todos los servicios ( toalla , secador etc )",Viaje de ocio | Familia con niños pequeños | Habitación Familiar Estándar | Estancia de 2 noches | Enviado por móvil,,
CordobaPatio,Escrito en 28 de agosto de 2025,"8,0",Sergio,Las almohadas muy delgadas,Casa con encanto muy bien ubicada con todo lo necesario,Viaje de ocio | Grupo de amigos | Habitación Cuádruple con baño privado | Estancia de 1 noche | Enviado por móvil,88 comentarios,España
CordobaPatio,Escrito en 28 de agosto de 2025,"8,0",Esther,.,"Era cómodo,mi segunda hb fue amplia,aire acondicionado y baño completo.
El personal que trabaja en las instalaciones",Viaje de ocio | Persona que viaja sola | Cama Individual en habitación compartida femenina | Estancia de 4 noches | Enviado por móvil,16 comentarios,España
CordobaPatio,Escrito en 27 de agosto de 2025,"8,0",Israel,"Zona muy céntrica para aparcar, pero ya lo sabíamos, así que todo no se puede tener!!.",Habitaciones amplias y modernas para familias,Viaje de ocio | Familia con niños pequeños | Habitación Familiar Estándar | Estancia de 1 noche | Enviado por móvil,15 comentarios,España
CordobaPatio,Escrito en 26 de agosto de 2025,10,Natalia,Nada,"Excelente ubicación, habitacion familiar amplia y camas muy cómodas, todo muy limpio y cuidado.
Situado en pleno centro con acceso fácil a cualquier sitio. 
Una agradable estancia, un plus extra que tenga piscina.",Viaje de ocio | Familia con niños pequeños | Habitación Familiar Estándar | Estancia de 3 noches | Enviado por móvil,9 comentarios,España
CordobaPatio,Escrito en 25 de agosto de 2025,"9,0",Alejandro,,"Excelentes instalaciones y un ambiente muy acogedor. Muy buena ubicación y gran facilidad para acceder al lugar.
La piscina un súper plus para el calor del verano y para relajarse un rato, sin embargo, sí estaba un poco turbo el agua. Le hacía falta un poco de limpieza
En general muy bien para el precio del hospedaje",Viaje de ocio | Persona que viaja sola | Cama en habitación compartida mixta de 6 camas | Estancia de 1 noche | Enviado por móvil,,
CordobaPatio,Escrito en 23 de agosto de 2025,10,Lola,,"La organización y la limpieza eran muy buenos.
Los empleados muy atentos.
Las zonas comunes muy buenas, limpias y respetando el descanso de los visitantes.",Viaje de ocio | Persona que viaja sola | Cama Individual en habitación compartida femenina | Estancia de 3 noches | Enviado por móvil,,
CordobaPatio,Escrito en 23 de agosto de 2025,10,Pascal,El no poder gastar mas en helados,Millones agradecimientos mantenimiento camareras de pisos recepcionistas y la CEO por ser solidarios Es importante compartir,Viaje de negocios | Persona que viaja sola | Cama en habitación compartida mixta de 10 camas | Estancia de 10 noches | Enviado por móvil,19 comentarios,España
CordobaPatio,Escrito en 19 de agosto de 2025,10,Mateco,Me gustó todo pero hay que tener en cuenta de que las literas no son aptas para cualquier forma física jajajaja,muy bonito y el personal muy atento. Encantada además de que acepten tan bien a mi perro,Grupo de amigos | Habitación Familiar Estándar | Estancia de 1 noche | Enviado por móvil,19 comentarios,España
CordobaPatio,Escrito en 19 de agosto de 2025,10,Amelia,Nada,El edificio,Viaje de ocio | Familia con niños pequeños | Habitación Familiar Estándar | Estancia de 1 noche | Enviado por móvil,7 comentarios,España
CordobaPatio,Escrito en 19 de agosto de 2025,"9,0",Eva,Los accesos. Imposible acercar el vehículo a la entrada. Contratamos parking y estaba bastante lejos del alojamiento.,La limpieza y el personal de recepción.,Viaje de ocio | Familia con niños pequeños | Habitación Cuádruple con baño privado | Estancia de 1 noche | Enviado por móvil,8 comentarios,España
CordobaPatio,Escrito en 18 de agosto de 2025,"8,0",Plata,Si tengo que decir algo es que no se podía acceder en coche a la puerta del hotel porque era zona restringida. Pero no fue problema porque aparcamos el coche a 2min,"Lo fresquita que era la habitación. Con el calor que hacía en Córdoba, no lo notamos nada por la noche . Cuando llegamos teníamos puesto el aire acondicionado lo que se agradece 😄 
La piscina tb estaba bien. Sin masificación de gente",Familia con niños pequeños | Habitación Cuádruple con baño privado | Estancia de 1 noche | Enviado por móvil,1 comentario,España
CordobaPatio,Escrito en 18 de agosto de 2025,"9,0",Itxaso,La limpieza de la piscina de podría mejorat,"La habitación las camas muy cómodas, la ubicación y el personal",Viaje de ocio | Familia con niños pequeños | Habitación Cuádruple con baño privado | Estancia de 2 noches | Enviado por móvil,3 comentarios,España
CordobaPatio,Escrito en 17 de agosto de 2025,10,Bayona,,"La cercanía al centro, la limpieza y el trato",Viaje de ocio | Persona que viaja sola | Habitación Cuádruple con baño privado | Estancia de 3 noches | Enviado por móvil,,
CordobaPatio,Escrito en 16 de agosto de 2025,10,Adrián,Me gustó todo!,"Calidad/precio es inmejorable, atención perfecta, muy limpio, tranquilo, ubicación perfecta y también con piscina!",Viaje de ocio | Persona que viaja sola | Cama en habitación compartida mixta de 8 camas | Estancia de 1 noche | Enviado por móvil,4 comentarios,España
CordobaPatio,Escrito en 15 de agosto de 2025,10,Beatriz,,Súper recomendable,Viaje de ocio | Familia con niños pequeños | Habitación Familiar Estándar | Estancia de 1 noche | Enviado por móvil,,
CordobaPatio,Escrito en 15 de agosto de 2025,10,Nuria,Es difícil aparcar por la zona y según como sea tu vehículo imposible en el parking que tienen pero la zona azul está bien de precio y en festivos es gratis,"Está súper céntrico, super limpio, nuevo, bonito y muy cómodo y la piscina un plus para refrescarse con el calor que hace en verano en Córdoba!",Viaje de ocio | Familia con niños pequeños | Habitación Familiar Estándar | Estancia de 1 noche | Enviado por móvil,13 comentarios,España
CordobaPatio,Escrito en 14 de agosto de 2025,10,Palacios,,"Todo! Tiene pileta,  tiene un sistema de claves, que esta buenísimo,  la habitación de 10 tiene dos baños y dos duchas, todos pequeños. La cama super cómoda, la limpieza excelente,  los de la recepción muy atentos y amables. La verdad que fue de paso mi noche ahi, pero si volvería!!! Esta cerca de todo",Viaje de ocio | Persona que viaja sola | Cama en habitación compartida mixta de 10 camas | Estancia de 1 noche | Enviado por móvil,,
CordobaPatio,Escrito en 13 de agosto de 2025,"9,0",Sofia,La piscina no estaba muy limpia,"Buena relación calidad-precio, personal muy amable y ubicación",Viaje de ocio | Familia con niños pequeños | Habitación Familiar Estándar | Estancia de 1 noche | Enviado por móvil,21 comentarios,España
CordobaPatio,Escrito en 11 de agosto de 2025,10,Fermín,El aire acondicionado a la llegada no funcionaba. Pero contactamos con el personal y lo arreglaron inmediatamente,"La ubicación, la amplitud y limpieza de la habitación y el trato y la atención del personal",Viaje de ocio | Familia con niños pequeños | Habitación Familiar Estándar | Estancia de 1 noche | Enviado por móvil,11 comentarios,España
CordobaPatio,Escrito en 10 de agosto de 2025,"8,0",Felipe,"Al estar 4 noches, que no pasasen hacer la habitación ningún día.","Ubicación y tranquilidad. El chico que había en recepción cuando llegamos y cuando dejamos la habitación se portó genial. Nos aconsejo muy bien.",Viaje de ocio | Familia con niños pequeños | Habitación Familiar Estándar | Estancia de 4 noches | Enviado por móvil,4 comentarios,España
CordobaPatio,Escrito en 22 de junio de 2025,10,Marta,,La comodidad del apartamento y la tranquilidad.,Viaje de ocio | Familia con niños pequeños | Habitación Familiar Estándar | Estancia de 1 noche | Enviado por móvil,,
CordobaPatio,Escrito en 21 de junio de 2025,10,Nahikari,No puedo decir nada malo.,Es un sitio precioso y acogedor.,Viaje de negocios | Familia con niños pequeños | Habitación Cuádruple con baño privado | Estancia de 1 noche | Enviado por móvil,1 comentario,España
CordobaPatio,Escrito en 21 de junio de 2025,"9,0",Belinda,"El baño necesitaba un repaso de fontanería estaba un poco suelto...El desayuno estaba muy correcto por el precio, pero era mejorable, algún yogurt o algo caliente...","La ubicación, es bastante céntrico a 15 min de la Mezquita. La atención muy buena, limpio, moderno y con algún detalle excepcional como su fuente de agua fresca a disposición de los huéspedes y su piscinita. La atención del bar muy buena y servicial.",Viaje de ocio | Familia con niños pequeños | Habitación Cuádruple con baño privado | Estancia de 2 noches | Enviado por móvil,6 comentarios,España
CordobaPatio,Escrito en 21 de junio de 2025,10,Clara,,"El patio interior, baño, acceso a microondas y demás está muy bien pensado, ambiente tranquilo y agradable, estuve teletrabajando sin problema",Viaje de ocio | Persona que viaja sola | Cama en habitación compartida mixta de 10 camas | Estancia de 1 noche | Enviado por móvil,,
CordobaPatio,Escrito en 20 de junio de 2025,10,Sanae,Que hubiera solo una ducha para 8 persona en mi caso .,La ubicación porque está en pleno centro de la zona antigua y la tranquilidad .,Viaje de ocio | Persona que viaja sola | Cama en habitación compartida mixta de 8 camas | Estancia de 1 noche | Enviado por móvil,10 comentarios,España
CordobaPatio,Escrito en 20 de junio de 2025,10,Hernandez,,"Todo! Las instalaciones nuevas, todo muy cómodo y limpio, hermoso lugar, ubicación excelente, el personal muy amable y la piscina limpia, volvería a ir 100%",Viaje de ocio | Persona que viaja sola | Cama Individual en habitación compartida femenina | Estancia de 1 noche | Enviado por móvil,,
CordobaPatio,Escrito en 15 de junio de 2025,10,Maria,,Muy bonito y cuidado. Muy buen ambiente,Viaje de ocio | Grupo | Habitación Familiar con baño privado | Estancia de 1 noche | Enviado por móvil,,
CordobaPatio,Escrito en 13 de junio de 2025,10,Alexander,Me ha gustado todo,Todo me ha gustado  y la atención,Viaje de ocio | Persona que viaja sola | Cama en habitación compartida mixta de 8 camas | Estancia de 1 noche | Enviado por móvil,1 comentario,España
CordobaPatio,Escrito en 13 de junio de 2025,10,Maria,,Excelente instalaciones y todo impecable!  Volvería,Viaje de ocio | Persona que viaja sola | Cama Individual en habitación compartida femenina | Estancia de 1 noche | Enviado por móvil,,
CordobaPatio,Escrito en 12 de junio de 2025,10,Amir,,"Excelente todo: instalaciones, ubicación y personal. Recomendado 100%",Viaje de ocio | Persona que viaja sola | Cama en habitación compartida mixta de 10 camas | Estancia de 2 noches | Enviado por móvil,,
CordobaPatio,Escrito en 10 de junio de 2025,10,Gregoret,No hubo ningún detalle que no me haya gustado.,Excelentes las instalaciones!!! muy modernas y super limpio!!! Hermosa la pileta para estos días de tanto calor. Ubicación inmejorable. El Personal con la mejor onda y predisposición siempre!!!,Viaje de ocio | Persona que viaja sola | Cama en habitación compartida mixta de 8 camas | Estancia de 4 noches | Enviado por móvil,9 comentarios,Argentina
CordobaPatio,Escrito en 9 de junio de 2025,10,Leticia,Que está un poco rebuscado,Las instalaciones,Viaje de ocio | Persona que viaja sola | Cama en habitación compartida mixta de 10 camas | Estancia de 1 noche | Enviado por móvil,11 comentarios,España
CordobaPatio,Escrito en 8 de junio de 2025,"8,0",Elisabet,Todo ok,Desayuno correcto. Ubicación perfecta. Atención recepción muy buena. Personal muy agradable.,Viaje de ocio | Persona que viaja sola | Cama Individual en habitación compartida femenina | Estancia de 5 noches | Enviado por móvil,9 comentarios,España
CordobaPatio,Escrito en 5 de junio de 2025,"9,0",Mary,Todo bien,"La ubicación está muy bien,  un local tranquilo y agradable para pasar unos días,  cómodo, limpio y barato",Viaje de ocio | Persona que viaja sola | Cama en habitación compartida mixta de 10 camas | Estancia de 2 noches | Enviado por móvil,6 comentarios,España
CordobaPatio,Escrito en 4 de junio de 2025,"9,0",Davila,Todo bien,Bueno,Viaje de ocio | Persona que viaja sola | Cama en habitación compartida mixta de 10 camas | Estancia de 2 noches | Enviado por móvil,1 comentario,Perú
CordobaPatio,Escrito en 2 de junio de 2025,10,Silvia,,"Exelente el lugar, la relación calidad precio. Impecable limpieza y destacar  la atención de recepcionistas!",Viaje de ocio | Persona que viaja sola | Cama en habitación compartida con 4 camas | Estancia de 2 noches | Enviado por móvil,,
CordobaPatio,Escrito en 2 de junio de 2025,"8,0",Yolanda,El agua de la piscina muy turbia. Me gustaría que hubiera nevera en las habitaciones . En general muy bien. Volveremos,La piscina y la limpieza. El personal muy agradable y siempre dispuestos a ayudar.,Viaje de ocio | Grupo de amigos | Habitación Cuádruple con baño privado | Estancia de 1 noche | Enviado por móvil,4 comentarios,España
CordobaPatio,Escrito en 26 de mayo de 2025,10,Barrionuevo,,"Hotel excelente, limpio,cómodo, céntrico.  Repetiría sin duda.",Viaje de ocio | Pareja | Habitación Familiar Estándar | Estancia de 1 noche | Enviado por móvil,,
CordobaPatio,Escrito en 26 de mayo de 2025,"9,0",Gusluz,"La relación precio calidad ,estaba sobre valuado ,no fue una fecha muy adecuada pero no valía lo que me ofrecieron ,me pareció caro lo que pagué,todo lo demás correcto","La ubicación ,la atención del personal y su recepción ,la limpieza.",Viaje de ocio | Persona que viaja sola | Cama en habitación compartida con 4 camas | Estancia de 2 noches | Enviado por móvil,35 comentarios,Argentina
CordobaPatio,Escrito en 25 de mayo de 2025,"8,0",Karlyta,,El personal de 10,Viaje de ocio | Persona que viaja sola | Cama en habitación compartida mixta de 8 camas | Estancia de 3 noches | Enviado por móvil,,
CordobaPatio,Escrito en 24 de mayo de 2025,"9,0",Ramon,,Excelente hubicacion,Viaje de ocio | Persona que viaja sola | Cama en habitación compartida mixta de 8 camas | Estancia de 2 noches | Enviado por móvil,,
CordobaPatio,Escrito en 24 de mayo de 2025,10,Maria,"Solo por poner una objeción, me gustaría sugerir que se instalasen cortinas en cada cama para intimizar un poco más la estancia,  aún siendo consciente de que se comparta los espacios.","El patio tipo cordobés era maravilloso,  pero la piscina fue la  mejor sorpresa.
El baño y la ducha dentro de la habitación más cómodo que tener que salir al pasillo...
Las llaves a través de código mucho mejor que física, que nunca sé dónde dejarlas.
El colchón como nuevo y la cama superior de la litera muy sólida. 
Había mucho almacenaje seguro dentro de las habitaciones. 
A pesar de que todo se gestiona por Internet había Recepción física con mucha amabilidad. 
Desde que se efectúa una reserva, el contacto con el hostel es continuó y muy atento. Muchas gracias por tanto buen servicio!!",Viaje de ocio | Persona que viaja sola | Cama en habitación compartida mixta de 8 camas | Estancia de 4 noches | Enviado por móvil,27 comentarios,España
CordobaPatio,Escrito en 24 de mayo de 2025,"8,0",Pedro,"El baño era incomodo, acceso al wc casi imposible, puerta inadecuada demasiado grande, debería ser tipo cortina acordeón, falta mobiliario, repisas para cosméticos y utensilios de baño, En la pieza, falta maletero y un meson y mas sillas
Desayuno, básico, muy pobre.","La habitación era amplia , tenia piscina, muy agradable para estos dias de calor.",Viaje de ocio | Pareja | Habitación Familiar Estándar | Estancia de 2 noches | Enviado por móvil,39 comentarios,Chile
CordobaPatio,Escrito en 18 de mayo de 2025,10,Clara,"Si vas en coche, no puedes aparcar cerca ya que todo es para residentes o de acceso restringido. Pero el hotel nos aconsejó un parking cercano, a 10 minutos, con un precio fijo de 16€ día.","Está todo prácticamente nuevo, muy limpio y cómodo. Me parece un plus que tenga microondas y hervidor en el pasillo por si lo necesitas. La manera de hacer check-in y check-out desde tu propio móvil o en la recepción de manera digital es bastante fácil, permitiéndote hacerlo en cualquier momento del día sin indicar la hora.",Viaje de ocio | Pareja | Habitación Familiar Estándar | Estancia de 1 noche | Enviado por móvil,25 comentarios,España
CordobaPatio,Escrito en 18 de mayo de 2025,"8,0",Alvarez,"Me faltó una cortinilla en la litera...estabas durmiendo y llegaba algún alojado y encendía la luz y molestaba bastante, daría un poco más de intimidad","El sitio era muy bonito, y podías moverte andando a todos sitios.
Las literas son amplias",Viaje de ocio | Persona que viaja sola | Cama en habitación compartida mixta de 8 camas | Estancia de 6 noches | Enviado por móvil,2 comentarios,España
CordobaPatio,Escrito en 9 de febrero de 2025,10,Daniela,Nada,"Excelente hostel, el personal muy servicial y amable, impeccable y bien ubicado. Fue una excelente experiencia!",Viaje de ocio | Familia con niños pequeños | Habitación Cuádruple con baño privado | Estancia de 1 noche | Enviado por móvil,2 comentarios,España
CordobaPatio,Escrito en 6 de febrero de 2025,10,Matías,Las camas podrían tener más privacidad sobre todo para no molestar con la luz de las camas,"Desayuno, la habitación, baño dentro de la habitación y el espacio común.",Viaje de ocio | Persona que viaja sola | Cama en habitación compartida mixta de 10 camas | Estancia de 2 noches | Enviado por móvil,2 comentarios,España
CordobaPatio,Escrito en 4 de febrero de 2025,10,Maria,Al desayuno le falta variedad,Todo muy limpio y la habitación con todo lo necesario.,Viaje de ocio | Familia con niños pequeños | Habitación Familiar con baño privado | Estancia de 2 noches,3 comentarios,España
CordobaPatio,Escrito en 3 de febrero de 2025,"8,0",Mawi,"La ubicación es buena, pero si vas con carrito de bebé es un poco complicado circular por los adoquines de sus calle de acceso al hospedaje",La ubicación y el patio interior,Viaje de ocio | Familia con niños pequeños | Habitación Familiar Estándar | Estancia de 1 noche | Enviado por móvil,11 comentarios,Perú
CordobaPatio,Escrito en 3 de febrero de 2025,10,Fernando,"Como sugerencia, podían colocar unas cortinas en las camas, para dar un poco más privacidad.","El trato del personal, siempre dispuesto a ayudar, las instalaciones, la ubicación. Lo recomiendo.",Viaje de ocio | Persona que viaja sola | Cama en habitación compartida mixta de 10 camas | Estancia de 1 noche | Enviado por móvil,25 comentarios,España
CordobaPatio,Escrito en 2 de febrero de 2025,"8,0",Beatriz,"Un pelín alejado del centro con una calle de difícil acceso, me falto una recepción para que alguien del equipo le diera un toque más personal. En la habitación había un detector de humos y otros aparatos más que no identifique que daban una luz muy molesta durante la noche con “flashes” en mitad de la oscuridad",Muy bonito y moderno,Viaje de ocio | Pareja | Habitación Familiar Estándar | Estancia de 2 noches | Enviado por móvil,31 comentarios,España
CordobaPatio,Escrito en 1 de febrero de 2025,"9,0",Valentina,El microondas estaba muy lejos,Muy limpia y pintoresca. El patio es precioso,Viaje de ocio | Persona que viaja sola | Cama Individual en habitación compartida femenina | Estancia de 3 noches | Enviado por móvil,1 comentario,Argentina
CordobaPatio,Escrito en 30 de enero de 2025,"9,0",Carrasco,"El espacio del baño (wc) de la habitación es muy pequeño, y , pese a que la ducha era espaciosa, no había lugar para dejar la ropa durante la ducha.","Fácil check in y check out, el lugar es lindo y los espacios comunes son cómodos. Estaba limpio, tenía miedo por algunos comentarios en google, pero mi habitación estaba limpia y ordenada, al igual que los pasillos y espacios comunes/zonas de estar",Viaje de ocio | Persona que viaja sola | Cama Individual en habitación compartida femenina | Estancia de 2 noches | Enviado por móvil,5 comentarios,España
CordobaPatio,Escrito en 30 de enero de 2025,10,Romina,Nada.,"Muy buena ubicación, limpieza y atención.",Viaje de ocio | Persona que viaja sola | Cama Individual en habitación compartida femenina | Estancia de 2 noches,4 comentarios,Argentina
CordobaPatio,Escrito en 30 de enero de 2025,"8,0",Marta,Las almohada. Por mi gusto demasiado blandas.,,Viaje de ocio | Familia con niños pequeños | Habitación Familiar con baño privado | Estancia de 3 noches,2 comentarios,España
CordobaPatio,Escrito en 27 de enero de 2025,10,Samir,Nada,De todo bien,Viaje de ocio | Persona que viaja sola | Cama en habitación compartida mixta de 10 camas | Estancia de 1 noche | Enviado por móvil,5 comentarios,España
CordobaPatio,Escrito en 27 de enero de 2025,"8,0",Jose,Almohada,"Habitación cómoda, original, limpia y agradable",Viaje de ocio | Familia con niños pequeños | Habitación Familiar Estándar | Estancia de 1 noche | Enviado por móvil,9 comentarios,España
CordobaPatio,Escrito en 27 de enero de 2025,10,Cristiano,"Nada, todo estupendo, para repetir.","La ubicación, el personal muy cordial y las instalaciones fueron todos genial. El sitio es precioso.",Viaje de ocio | Familia con niños pequeños | Habitación Cuádruple con baño privado | Estancia de 1 noche | Enviado por móvil,5 comentarios,España
CordobaPatio,Escrito en 27 de enero de 2025,10,Andressa,,"Me encantó, el sitio es muy bonito y las instalaciones muy buenas. Hay enchufe dentro de la taquilla, baño completo en la habitación. Todo muy limpio.",Viaje de ocio | Persona que viaja sola | Cama en habitación compartida mixta de 10 camas | Estancia de 1 noche | Enviado por móvil,,
CordobaPatio,Escrito en 26 de enero de 2025,10,Estela,"Es difícil aparcar cerca, tuvimos que dejar el coche algo lejos y estaba lloviendo. La calle donde está es de piedrecitas y se anda algo mal con maletas.","La habitación era muy bonita y estaba limpia. Fue muy fácil hacer el check-in y el check-out. Tiene un patio muy bonito también, y nos dejaron una mantita y un comedero para nuestro perro.",Viaje de ocio | Pareja | Habitación Familiar Estándar | Estancia de 1 noche | Enviado por móvil,5 comentarios,España
CordobaPatio,Escrito en 23 de enero de 2025,"9,0",Bruno,Que la ducha perdía mucha agua.,La terraza y las literas.,Viaje de ocio | Persona que viaja sola | Cama en habitación compartida mixta de 10 camas | Estancia de 2 noches | Enviado por móvil,8 comentarios,España
CordobaPatio,Escrito en 23 de enero de 2025,"8,0",Rocio,El lavamanos estaba dentro de la habitación (en habitación femenina compartida) y era un poco incomodo por los ruidos que otro o uno mismo genera mientras hay gente durmiendo. El resto impecable,"La ubicación es muy buena, es un hostel moderno y limpio. Muy lindo el patio central.",Viaje de ocio | Grupo de amigos | Cama Individual en habitación compartida femenina | Estancia de 1 noche | Enviado por móvil,13 comentarios,Argentina
CordobaPatio,Escrito en 23 de enero de 2025,"8,0",Prado,"El check in es muy tarde, debería ser a media mañana.",La mezcla de la arquitectura antigua con el diseño moderno. La amplitud de la habitación.,Viaje de ocio | Pareja | Habitación Familiar Estándar | Estancia de 1 noche | Enviado por móvil,20 comentarios,España
CordobaPatio,Escrito en 23 de enero de 2025,"8,0",Karen,"El check in es a las 15, con el código de acceso no pude ingresar a los espacios comunes antes de ese horario.","Tiene un patio súper lindo. Las habitaciones tienen baño adentro Con secador de pelo, lockers, y en la cama una luz propia y espacio para colgar tus cosas. Super práctico y cómodo.",Viaje de ocio | Persona que viaja sola | Cama en habitación compartida mixta de 10 camas | Estancia de 1 noche | Enviado por móvil,30 comentarios,España
CordobaPatio,Escrito en 22 de enero de 2025,10,Lombardi,Nada,"Todo de primera calidad !  Lo súper recomiendo 
 El desayuno es muy bueno",Viaje de ocio | Persona que viaja sola | Cama en habitación compartida mixta de 6 camas | Estancia de 1 noche | Enviado por móvil,2 comentarios,Argentina
CordobaPatio,Escrito en 21 de enero de 2025,"9,0",Laumenta,"No hay cocina, el microndas, está alejado del comedor y es incómodo cocinar algo.
El baño y ducha de la habitación están muy bien pero falta una puerta que permita más privacidad en la habitación compartida",El personal muy amable y atento,Viaje de ocio | Persona que viaja sola | Cama en habitación compartida mixta de 8 camas | Estancia de 2 noches | Enviado por móvil,19 comentarios,Argentina
CordobaPatio,Escrito en 21 de enero de 2025,10,Buzeta,"Las camas podrían tener cortinas para mayor privacidad, la calle era muy solitaria","Precioso lugar, todo era electrónico (claves para entrar a todo), muy buen desayuno. Repetiría!",Viaje de ocio | Persona que viaja sola | Cama Individual en habitación compartida femenina | Estancia de 3 noches | Enviado por móvil,13 comentarios,Chile
CordobaPatio,Escrito en 20 de enero de 2025,10,José,"Yo bajaría un poco el precio del desayuno, que aunque está bien, seis euros es un poco caro habiendo muchos bares más baratos alrededor.","El alojamiento está perfecto. La ubicación es inmejorable, con todos los puntos de interés muy cerca andando, en pleno centro de la ciudad. Las habitaciones son muy cómodas, el colchón muy bueno y todo está limpio. El personal es muy amable, te ayudan con todo. El servicio de desayuno está muy bien, y las instalaciones comunes muy cuidadas. Relación calidad precio excelente. Estuvimos en temporada baja en enero.",Viaje de ocio | Pareja | Habitación Familiar Estándar | Estancia de 1 noche | Enviado por móvil,26 comentarios,España
CordobaPatio,Escrito en 19 de enero de 2025,10,Pilar,,El personal,Viaje de ocio | Pareja | Habitación Familiar Estándar | Estancia de 1 noche | Enviado por móvil,,
CordobaPatio,Escrito en 13 de enero de 2025,"9,0",María,"La entidad que ha diseñado este hostal no ha tomado en consideración la importancia de la ventilación en las habitaciones. En la habitación donde estuve alojada que era de 8 pues en la ducha no había ni ventana ni ventilación, por lo cual ya tiene manchas de humedad en el techo. El mismo problema también está en el pequeño WC. 8 personas en una habitación sin ventilación causa mucho olor a humedad y otros malos olores. Otra cosa que me llamó la atención es la falta de mesas y sillas en las pequeñas mini cocinas que están en la primera planta. Igual tendrían que detallar que se puede hacer en el bar/ cocina en la planta 0 y las otras mini cocinas en la planta 1. Porque muchos huéspedes estaban confundidos, si  se puede cocinar o no y preguntas así.","El hostel tiene buena ubicación ya que está cerca de los monumento más importantes de la ciudad como Palacio de Viana, iglesias, la mezquita, cafeterías, bares de tapas, el centro de la ciudad t tiendas; y la vez también está cerca de la estación de autobuses y la de Renfe/ADIF. El personal es muy amable y muy atento para ayudar.",Viaje de ocio | Persona que viaja sola | Cama Individual en habitación compartida femenina | Estancia de 3 noches | Enviado por móvil,40 comentarios,España
CordobaPatio,Escrito en 16 de octubre de 2024,10,María,No tener una sala con tele,"En general todo, limpio nuevo y los demás turistas muy agradable",Viaje de ocio | Persona que viaja sola | Cama en habitación compartida mixta de 10 camas | Estancia de 4 noches | Enviado por móvil,1 comentario,España
CordobaPatio,Escrito en 16 de octubre de 2024,"9,0",Maria,"las almohadas son algo incomodas, son muy bajas!",,Viaje de ocio | Grupo | Habitación Cuádruple con baño privado | Estancia de 2 noches,7 comentarios,España
CordobaPatio,Escrito en 15 de octubre de 2024,"8,0",Leandro,Sugerencia constructiva: colocar cortina en las camas para aislar y dar cierta privacidad.,"Sistema de tecnología muy automatizado, seguro,  moderno y limpio! Muy bueno!",Viaje de ocio | Persona que viaja sola | Cama en habitación compartida mixta de 10 camas | Estancia de 3 noches | Enviado por móvil,16 comentarios,Argentina
CordobaPatio,Escrito en 14 de octubre de 2024,10,Roy,,El personal fue siempre muy cordial a la vez que amable y las instalaciones estaban muy limpias,Viaje de ocio | Persona que viaja sola | Cama en habitación compartida mixta de 8 camas | Estancia de 5 noches | Enviado por móvil,,
CordobaPatio,Escrito en 14 de octubre de 2024,"9,0",R,"No es muy importante, el hecho de que no tenga ventanas al exterior",No desayuné. La ubicación muy buena,Viaje de ocio | Persona que viaja sola | Cama en habitación compartida mixta de 10 camas | Estancia de 2 noches,1 comentario,España
CordobaPatio,Escrito en 14 de octubre de 2024,"9,0",Charo,"Al principio me preocupaba la idea de un alojamiento totalmente virtual, pero está muy bien organizado y no tuve mayores problemas. La única complicación fue con la aplicación para abrir las puertas, que me dio algunos problemas, pero también teníamos un código alternativo que funcionaba bien. En general, una experiencia cómoda y eficiente.","El alojamiento me sorprendió gratamente. Las instalaciones son modernas y bien cuidadas, y el desayuno es bastante completo. El personal, aunque no está físicamente presente, es muy amable y accesible cuando lo necesitas.",Viaje de ocio | Persona que viaja sola | Cama en habitación compartida mixta de 10 camas | Estancia de 3 noches | Enviado por móvil,32 comentarios,España
CordobaPatio,Escrito en 12 de octubre de 2024,10,Jesus,Me gustó todo,Las instalaciones … limpias … ordenadas … cómodas camas … La atención .. me gustó todo,Viaje de ocio | Persona que viaja sola | Cama en habitación compartida mixta de 10 camas | Estancia de 2 noches | Enviado por móvil,5 comentarios,Colombia
CordobaPatio,Escrito en 11 de octubre de 2024,10,Yasmin,,Superó completamente mis expectativas. Y la ubicación inmejorable.,Viaje de ocio | Persona que viaja sola | Cama Individual en habitación compartida femenina | Estancia de 1 noche | Enviado por móvil,,
CordobaPatio,Escrito en 7 de octubre de 2024,"9,0",Agustina,Muy poco espacio para guardar cosas. La habitación no tenía ventana.,La ubicación y la infraestructura de las instalaciones. Camas cómodas.,Viaje de ocio | Persona que viaja sola | Cama Individual en habitación compartida femenina | Estancia de 3 noches | Enviado por móvil,10 comentarios,Argentina
CordobaPatio,Escrito en 7 de octubre de 2024,10,Isabel,Nada,Ubicación,Viaje de ocio | Persona que viaja sola | Cama Individual en habitación compartida femenina | Estancia de 3 noches | Enviado por móvil,23 comentarios,España
CordobaPatio,Escrito en 7 de octubre de 2024,"9,0",Juan,"Nada, todo bien","Todo muy bueno, el personal de 10.",Viaje de ocio | Persona que viaja sola | Cama en habitación compartida mixta de 10 camas | Estancia de 1 noche | Enviado por móvil,4 comentarios,Argentina
CordobaPatio,Escrito en 3 de octubre de 2024,10,Junior,Cool,Cool,Viaje de negocios | Persona que viaja sola | Cama en habitación compartida mixta de 10 camas | Estancia de 2 noches | Enviado por móvil,1 comentario,Benín
CordobaPatio,Escrito en 3 de octubre de 2024,10,Vicente,Nada,Las instalaciones son muy nuevas. Mucho comfort. La atención del personal genial.,Viaje de ocio | Persona que viaja sola | Cama en habitación compartida con 4 camas | Estancia de 6 noches | Enviado por móvil,7 comentarios,España
CordobaPatio,Escrito en 1 de octubre de 2024,10,Paloma,"En la zona común podría añadirse alguna silla más y también para la piscina. El desayuno aunque estaba muy bien podría haber más variedad en panes, solo había de dos tipos. Mi taquilla estaba rota así que no pude usarla con esa función, solo guardé cosas",La piscina y era muy práctico que estuviera separado la ducha del váter del lavabo y no todo en un mismo baño. De esta manera no ocupas el baño entero y lo pueden utilizar varias personas con diferentes funciones,Viaje de ocio | Persona que viaja sola | Cama Individual en habitación compartida femenina | Estancia de 2 noches | Enviado por móvil,2 comentarios,España
CordobaPatio,Escrito en 28 de septiembre de 2024,10,Ana,,Todo.,Viaje de ocio | Persona que viaja sola | Cama Individual en habitación compartida femenina | Estancia de 3 noches | Enviado por móvil,,
CordobaPatio,Escrito en 27 de septiembre de 2024,"8,0",Daniel,Para ser un hostal debería disponer de frigoríficos comúnes y lugar habilitado para cocinar,"Ubicación, personal, camas cómodas, ambiente, piscina",Viaje de ocio | Persona que viaja sola | Cama en habitación compartida mixta de 10 camas | Estancia de 2 noches | Enviado por móvil,15 comentarios,España
CordobaPatio,Escrito en 27 de septiembre de 2024,"9,0",Angela,me hubiera gustado que hubiera habitación exclusiva de mujeres y que no fueran todas mixtas.,"está todo muy nuevo, las camas son robustas y si uno se mueve no se tambalea todo, baños nuevos y habitación limpia.",Viaje de ocio | Persona que viaja sola | Cama en habitación compartida mixta de 10 camas | Estancia de 2 noches | Enviado por móvil,37 comentarios,España
CordobaPatio,Escrito en 25 de septiembre de 2024,"9,0",Juan,Por poner algo negativo (que no lo es realmente) el desayuno buffet algo escaso pero lo suficiente para satisfacer las necesidades,"Al principio fui muy reacio para compartir habitación con desconocidos, fue tan positiva la experiencia que he vuelto a repetir",Viaje de ocio | Persona que viaja sola | Cama en habitación compartida mixta de 8 camas | Estancia de 3 noches | Enviado por móvil,7 comentarios,España
CordobaPatio,Escrito en 22 de septiembre de 2024,10,Youssef,"Me gustó todo, 10/10.","El hostal en sí, está genial, súper limpio, se nota que está nuevo, además la chica que nos atendió fue súper amable y atenta, 10/10 en todos los sentidos. 100% recomendable.",Viaje de ocio | Grupo de amigos | Cama en habitación compartida mixta de 6 camas | Estancia de 1 noche | Enviado por móvil,1 comentario,España
CordobaPatio,Escrito en 17 de septiembre de 2024,"9,0",Mayte,"Solo por poner un pero, en el desayuno no estaría nada mal ,poner algo más de entremeses y algun tipo queso ,solo habia jamon de york .",Me ha encantado todo.,Viaje de ocio | Familia con niños pequeños | Habitación Familiar Estándar | Estancia de 3 noches | Enviado por móvil,23 comentarios,España
CordobaPatio,Escrito en 16 de septiembre de 2024,10,Elena,,"Me gustó todo! Las instalaciones novísimas, habitaciones equipadas. Casi a estrenar.
El personal silencioso y atento. La página de check un funciona perfectamente y tienes contacto 24/7 online. Eso da tranquilidad.",Viaje de ocio | Pareja | Habitación Familiar Estándar | Estancia de 2 noches | Enviado por móvil,,
CordobaPatio,Escrito en 16 de septiembre de 2024,10,Adolfo,Nada,"La ubicación, la tranquilidad y la habitación.",Viaje de ocio | Pareja | Habitación Familiar Estándar | Estancia de 1 noche,28 comentarios,España
CordobaPatio,Escrito en 16 de septiembre de 2024,"9,0",Andi,,La ubicación,Viaje de ocio | Persona que viaja sola | Cama en habitación compartida mixta de 10 camas | Estancia de 2 noches | Enviado por móvil,,
CordobaPatio,Escrito en 14 de septiembre de 2024,10,Mario,No sé le puede encontrar nada negativo.,"Acostumbrado a usar hostels, es el primero que tiene realmente categoría 100 puntos. No sé le puede encontrar nada malo. Ya superado ampliamente las expectativas. Es para recomendarlo siempre. Felicitaciones abdolutas",Viaje de ocio | Persona que viaja sola | Cama en habitación compartida mixta de 10 camas | Estancia de 1 noche | Enviado por móvil,31 comentarios,Argentina
CordobaPatio,Escrito en 13 de septiembre de 2024,"9,0",Josefina,"Hay una cosa que es mejorable y es que las camas no tiene cortinas. Si quieres estar con la luz de la cama encendida molestas al resto y no tienes tanta intimidad, es lo único que mejoraría.","Supero mis expectativas, sin duda si voy por Córdoba volveré a hospedarme allí.f",Viaje de ocio | Persona que viaja sola | Cama en habitación compartida mixta de 6 camas | Estancia de 1 noche | Enviado por móvil,4 comentarios,España
CordobaPatio,Escrito en 25 de junio de 2024,"8,0",José,"No dispone de nevera sobretodo ahora cuando Empieza el calor.La Puerta del bańo hace ruido.","Buena ubicación.bonito lugar.Moderno",Viaje de ocio | Persona que viaja sola | Cama en habitación compartida mixta de 10 camas | Estancia de 2 noches | Enviado por móvil,15 comentarios,España
CordobaPatio,Escrito en 25 de junio de 2024,"9,0",Ane,Nos gustó todo pero hemos echado de menos una nevera para mantener el agua fría.,"El alojamiento es muy bonito, está muy bien ubicado, cerca del ayuntamiento y a 15 minutos andando de la Mezquita. Todo se ve muy cuidado y nuevo, limpio y agradable. Las camas muy cómodas.
La piscina es pequeña pero está bien, se agradece.",Viaje de ocio | Familia con niños pequeños | Habitación Familiar Estándar | Estancia de 3 noches | Enviado por móvil,3 comentarios,España
CordobaPatio,Escrito en 23 de junio de 2024,10,Gaona,Piscina quizás demasiado pequeña,La tranquilidad y el silencio del orden y la seguridad,Viaje de ocio | Pareja | Cama en habitación compartida mixta de 8 camas | Estancia de 1 noche | Enviado por móvil,6 comentarios,España
CordobaPatio,Escrito en 23 de junio de 2024,10,Alvaro,"Quizás la falta de un espejo grande en la habitación, sólo hay uno pequeño en el baño.","La ubicación, el silencio por la noche para descansar debidamente. Las habitaciones muy cómodas, el personal muy amable y atento, aunque todo es digital, hay personal que te atiende muy amablemente en la cafetería. Un diez, sin duda.",Viaje de ocio | Pareja | Habitación Familiar Estándar | Estancia de 2 noches | Enviado por móvil,27 comentarios,España
CordobaPatio,Escrito en 23 de junio de 2024,"9,0",Daniela,Los lavamanos estaban incluidos dentro de la habitación.,Las areas comunes y piscina,Viaje de ocio | Persona que viaja sola | Cama en habitación compartida mixta de 10 camas | Estancia de 2 noches | Enviado por móvil,21 comentarios,Chile
CordobaPatio,Escrito en 22 de junio de 2024,10,Micaela,,"Muy lindo lugar! Habitación confortables.Cuentsn con lockers individuales que disponen de enchufes para dejar cargando pertenencias en forma segura.Vistoso y cómodo espacio común, con reposeras y puffs para lectura, merienda...",Viaje de ocio | Persona que viaja sola | Cama en habitación compartida mixta de 8 camas | Estancia de 2 noches | Enviado por móvil,,
CordobaPatio,Escrito en 22 de junio de 2024,"9,0",Anabel,,"El lugar es hermoso,muy cómodo y muy buen gusto",Viaje de ocio | Persona que viaja sola | Cama en habitación compartida mixta de 10 camas | Estancia de 3 noches | Enviado por móvil,,
CordobaPatio,Escrito en 17 de junio de 2024,10,Daniel,Habitación de 10 un poco masiva,Limpieza y ubicación,Viaje de negocios | Persona que viaja sola | Cama en habitación compartida mixta de 10 camas | Estancia de 4 noches | Enviado por móvil,12 comentarios,España
CordobaPatio,Escrito en 17 de junio de 2024,"9,0",Antonella,La ducha no tenía buen desagüe y en muchas ocasiones había agua al frente de las camas.,El patio y la zona de la pileta.,Viaje de ocio | Persona que viaja sola | Cama en habitación compartida mixta de 8 camas | Estancia de 2 noches,10 comentarios,Argentina
CordobaPatio,Escrito en 17 de junio de 2024,10,Grace,"Todo me gustò, aunque tal vez podria decir que habia poca ventilaciòn porque solo habia una ventana lejos de la litera en la que yo estaba, por lo demas todo bien.","Me encantò este hostel, es uno de los mas bonitos en los que he estado. Definitivamente se siente lujoso y acojedor. Todo muy limpio, las instalaciones muy bellas y las literas muy comodas. La ubicaciòn excelente tambien. Ademas, durante mi estancia me sucedio un evento inesperado y el staff fue muy amable conmigo en querer ayudarme.",Viaje de ocio | Persona que viaja sola | Cama en habitación compartida mixta de 10 camas | Estancia de 3 noches,29 comentarios,España
CordobaPatio,Escrito en 16 de junio de 2024,10,Miquel,,"Ubicación excelente, instalaciones muy bonitas y cómodas",Viaje de negocios | Persona que viaja sola | Cama en habitación compartida mixta de 10 camas | Estancia de 5 noches | Enviado por móvil,,
CordobaPatio,Escrito en 14 de junio de 2024,10,Cynthia,Solo agregaría la parte de una nevera para mantener la bebida fría,"Me encantó la limpieza, la cordialidad de las personas, lo acogedor y cálido que es sus flores y pileta!!
Gracias",Viaje de ocio | Persona que viaja sola | Cama Individual en habitación compartida femenina | Estancia de 2 noches | Enviado por móvil,5 comentarios,Argentina
CordobaPatio,Escrito en 11 de junio de 2024,"8,0",Maria,Muchas camas en un habitáculo pequeño,"Su patio, limpieza, agua caliente ….",Viaje de ocio | Grupo de amigos | Habitación Familiar con baño privado | Estancia de 2 noches | Enviado por móvil,1 comentario,España
CordobaPatio,Escrito en 11 de junio de 2024,"9,0",Alberto,,"El hostel es impresionante en todos los sentidos,tiene casi todo lo que se le puede pedir a buen precio",Viaje de ocio | Persona que viaja sola | Cama en habitación compartida con 4 camas | Estancia de 1 noche | Enviado por móvil,,
CordobaPatio,Escrito en 10 de junio de 2024,"8,0",Carrasco,El.primer dormitorio era demasiado pequeño para poder pernoctar 8 personas pude cambiarme,"El personal,
Y los espacios exteriores ,patio y piscina",Persona que viaja sola | Cama en habitación compartida mixta de 8 camas | Estancia de 9 noches | Enviado por móvil,9 comentarios,España
CordobaPatio,Escrito en 10 de junio de 2024,10,Ana,.,Todo,Viaje de ocio | Grupo | Habitación Cuádruple con baño privado | Estancia de 2 noches,19 comentarios,España
CordobaPatio,Escrito en 8 de junio de 2024,"9,0",Eduardo,El parking está muy lejos.,"Habitación amplia, cómoda y limpia.",Viaje de ocio | Pareja | Habitación Familiar Estándar | Estancia de 1 noche | Enviado por móvil,44 comentarios,España
CordobaPatio,Escrito en 8 de junio de 2024,10,Jessica,Todo estuvo bien,"Las habitaciones estaban climatizadas y eso fue hermoso puesto que hacía muchísimo calor en Córdoba 😅
Además, cada cama tenía una repisa con compartimentos para colocar tus cosas, lo cual lo hacía muy práctico 
De igual forma, el gabinete donde guardas tu maleta tenía ganchos para colgar la ropa",Viaje de ocio | Persona que viaja sola | Cama en habitación compartida mixta de 10 camas | Estancia de 4 noches | Enviado por móvil,26 comentarios,México
CordobaPatio,Escrito en 8 de junio de 2024,"9,0",Maria,"El desayuno , me parece que deben ampliar el menú, faltó huevos y queso.",Muy central y buenas opciones de habitaciones,Viaje de ocio | Persona que viaja sola | Cama en habitación compartida mixta de 8 camas | Estancia de 1 noche | Enviado por móvil,2 comentarios,Colombia
CordobaPatio,Escrito en 3 de junio de 2024,"9,0",José,Baño compartido,"La terraza, la forma de códigos xa entrar tanto al alojamiento como las habitaciones",Viaje de ocio | Persona que viaja sola | Cama en habitación compartida mixta de 10 camas | Estancia de 1 noche | Enviado por móvil,56 comentarios,España
CordobaPatio,Escrito en 3 de junio de 2024,10,María,Nada,La comodidad y limpieza.,Viaje de ocio | Grupo de amigos | Habitación Cuádruple con baño privado | Estancia de 1 noche | Enviado por móvil,11 comentarios,España
CordobaPatio,Escrito en 3 de junio de 2024,10,Ana,,"El sitio es muy bonito, tranquilo, todo muy accesible, muy bien ubicado y el personal fabuloso y atento",Viaje de ocio | Familia con niños pequeños | Habitación Familiar Estándar | Estancia de 2 noches | Enviado por móvil,,
CordobaPatio,Escrito en 2 de junio de 2024,10,Paula,Nada,El sitio,Viaje de ocio | Persona que viaja sola | Cama en habitación compartida mixta de 8 camas | Estancia de 1 noche | Enviado por móvil,27 comentarios,España
CordobaPatio,Escrito en 30 de mayo de 2024,10,Lidia,,"Todo genial, las zonas comunes geniales, el desayuno que ofrecen tipo buffet muy bueno y las instalaciones en general no podían estar mejor
Super limpio todo, nos encantó",Viaje de ocio | Grupo de amigos | Habitación Familiar con baño privado | Estancia de 2 noches | Enviado por móvil,,
CordobaPatio,Escrito en 30 de mayo de 2024,"8,0",Héctor,Fue un poco caro para un hostal,Estaba bien situado,Viaje de ocio | Grupo de amigos | Habitación Cuádruple con baño privado | Estancia de 2 noches | Enviado por móvil,11 comentarios,España
CordobaPatio,Escrito en 19 de febrero de 2024,10,Zapperi,,Las instalaciones son.muy lindas y todo está impecable.,Viaje de ocio | Persona que viaja sola | Cama Individual en habitación compartida femenina | Estancia de 2 noches | Enviado por móvil,,
CordobaPatio,Escrito en 19 de febrero de 2024,10,Santiago,Solo agregaría que pusieran cortinas en las camas,"Muy limpio, estético y bonito.",Viaje de ocio | Persona que viaja sola | Cama en habitación compartida mixta de 10 camas | Estancia de 2 noches | Enviado por móvil,2 comentarios,Argentina
CordobaPatio,Escrito en 19 de febrero de 2024,10,Moises,,Todo,Viaje de ocio | Grupo de amigos | Habitación Familiar con baño privado | Estancia de 1 noche | Enviado por móvil,,
CordobaPatio,Escrito en 19 de febrero de 2024,"9,0",Susana,"El comedor para el desayuno se queda un poco pequeño para la gente que hay. El desayuno me pareció poco variado y lo que había no estaba especialmente bien (de embutido sólo había jamón cocido, dos tipos de fruta, los cruasanes no eran frescos, el café era bastante malo...). En mi opinión, fue lo peor del alojamiento, por lo demás todo muy bien.","La habitación era grande y confortable. Disponía de todo lo necesario. El personal muy amable, nos ayudó en todo lo que necesitamos. El servicio de guarda de maletas gratuito nos permitió seguir visitando la ciudad cómodamente tras el check-out.El patio es una preciosidad. Muy agradable con sus mesas y tumbonas, donde puedes hacer un descanso para tomar algo, leer o simplemente pasar un rato.",Viaje de ocio | Pareja | Habitación Familiar Estándar | Estancia de 2 noches,8 comentarios,España
CordobaPatio,Escrito en 18 de febrero de 2024,10,Jose,,Limpieza y ubicacion,Viaje de ocio | Familia con niños pequeños | Habitación Familiar Estándar | Estancia de 1 noche | Enviado por móvil,,
CordobaPatio,Escrito en 16 de febrero de 2024,10,Maariirevelo,,"Increíble lugar! Tranquilo, limpio, cómodo... Volveré sin lugar a duda. Esta además bien conectado con el centro de la ciudad. Es un lugar encantador.",Viaje de ocio | Persona que viaja sola | Cama en habitación compartida mixta de 8 camas | Estancia de 2 noches | Enviado por móvil,,
CordobaPatio,Escrito en 16 de febrero de 2024,10,Alonso,No tengo comentario negativo.Se adecuó perfectamente a nuestras necesidades .,"Funcional, limpio, muy bien atendido. Ideal para estancias cortas en grupo",Viaje de ocio | Grupo de amigos | Habitación Familiar con baño privado | Estancia de 1 noche | Enviado por móvil,4 comentarios,España
CordobaPatio,Escrito en 16 de febrero de 2024,"8,0",Pablo,Quizás el baño privado en una habitación compartida no es lo mejor( por si alguien hace sus necesidades) pero la ducha un 10 y el baño muy bien,"La verdad el lugar es muy bueno, llegas todo limpio, el patio y la parte del bar es lo mejor. Las habitaciones bien y las camas tb. El personal muy amable",Viaje de ocio | Persona que viaja sola | Cama en habitación compartida mixta de 6 camas | Estancia de 1 noche | Enviado por móvil,23 comentarios,Argentina
CordobaPatio,Escrito en 15 de febrero de 2024,10,Roser,,"¡Una estancia preciosa, en una ciudad preciosa! Me encantó pasar un par de días aquí, las camas super comodas, se puede teletrabajar comodamente, el staff muy agradable y las habitaciones muy bonitas y las camas cómodas. Sin duda, repetiré.",Viaje de ocio | Persona que viaja sola | Cama Individual en habitación compartida femenina | Estancia de 2 noches,,
CordobaPatio,Escrito en 13 de febrero de 2024,10,Sandra,,"Un alojamiento estupendo! Todo limpio, amplio y el personal muy amable!",Viaje de ocio | Persona que viaja sola | Cama en habitación compartida mixta de 10 camas | Estancia de 1 noche | Enviado por móvil,,
CordobaPatio,Escrito en 13 de febrero de 2024,10,Jesús,,La estructura se encontraba en muy buenas condiciones,Viaje de ocio | Persona que viaja sola | Cama en habitación compartida mixta de 6 camas | Estancia de 1 noche | Enviado por móvil,,
CordobaPatio,Escrito en 9 de febrero de 2024,"8,0",Anna,Que no se podía acceder en coche al casco antiguo sin un permiso del hostal y no nos informaron con anterioridad. Eso hubiera facilitado mucho la carga y descarga de equipaje.,La limpieza y decoración.,Viaje de ocio | Familia con niños pequeños | Habitación Familiar Estándar | Estancia de 1 noche | Enviado por móvil,13 comentarios,Austria
CordobaPatio,Escrito en 8 de febrero de 2024,10,Jonathan,,Todo muy bueno ..primero la.buena atencion que dan en la recepcion..el sistema de abrir las puertas con una app buenisimo y el.edificio en general muy lindo ...el patio da para compartir todo estaba muy limpio y se ve todo muy nuevo o en muy buen estado...de los mejores hostel en que me he quedado...muy cerca del casco antiguo y en medio de esas callecitas estrechas magicas de Cordoba....muy recomendable lugar,Viaje de ocio | Persona que viaja sola | Cama en habitación compartida con 4 camas | Estancia de 2 noches | Enviado por móvil,,
CordobaPatio,Escrito en 7 de febrero de 2024,10,Valentina,Demasiado calor en las habitaciones,"Áreas comunes muy lindas y bien cuidadas, buena ubicación, personal amable, opción de desayuno buffet",Viaje de ocio | Persona que viaja sola | Cama Individual en habitación compartida femenina | Estancia de 1 noche | Enviado por móvil,5 comentarios,Chile
CordobaPatio,Escrito en 6 de febrero de 2024,"9,0",Javiera,"La habitación no tenia ventana, el aire quedaba muy encerrado, las camas podrían tener cortinas para mayor privacidad","Todo nuevo, buena ubicación, lindo y acogedor",Viaje de ocio | Persona que viaja sola | Cama Individual en habitación compartida femenina | Estancia de 3 noches | Enviado por móvil,31 comentarios,Chile
CordobaPatio,Escrito en 5 de febrero de 2024,10,Nathali,Todo bien.,Todo genial! En pleno centro y muy tranquilo,Viaje de ocio | Grupo | Habitación Familiar con baño privado | Estancia de 1 noche,2 comentarios,España
CordobaPatio,Escrito en 31 de enero de 2024,10,Fe,Nada.,"Limpio, nuevo, comodísimo, ordenado. Las camas muy cómodas y la ducha fantástica. Pedimos una almohada extra y no hubo ningún problema. El desayuno muy bien, por el precio que tiene no puedes pedir más.",Viaje de ocio | Familia con niños pequeños | Habitación Familiar Estándar | Estancia de 1 noche | Enviado por móvil,1 comentario,España
CordobaPatio,Escrito en 29 de enero de 2024,10,Alejandra,Todo estaba bien,"El patio, la habitación, la cama súper cómoda, los baños muy bien.",Viaje de ocio | Persona que viaja sola | Cama en habitación compartida mixta de 10 camas | Estancia de 1 noche | Enviado por móvil,9 comentarios,Colombia
CordobaPatio,Escrito en 26 de enero de 2024,10,Daniel,,"La ubicación, la limpieza y todo el personal❤️❤️❤️ las camas comodísimas, las duchas perfectas, etc. Todo hermoso 🤗",Viaje de ocio | Persona que viaja sola | Cama en habitación compartida mixta de 10 camas | Estancia de 3 noches | Enviado por móvil,,
CordobaPatio,Escrito en 26 de enero de 2024,"8,0",Rocio,,Moderno y funcional. Buena limpieza.,Viaje de ocio | Grupo de amigos | Habitación Doble | Estancia de 1 noche | Enviado por móvil,,
CordobaPatio,Escrito en 25 de enero de 2024,10,Juan,,El patio y las zonas comunes son preciosas. Está muy céntrico y la cama era cómoda y con privacidad suficiente.,Viaje de ocio | Persona que viaja sola | Cama en habitación compartida mixta de 10 camas | Estancia de 1 noche,,
CordobaPatio,Escrito en 21 de enero de 2024,"9,0",Paula,Mejores productos de desayuno,"Todo, personal, sitio",Viaje de ocio | Grupo | Habitación Cuádruple con baño privado | Estancia de 1 noche | Enviado por móvil,25 comentarios,España
CordobaPatio,Escrito en 19 de enero de 2024,"8,0",Lucia,"Bastante pequeña la habitación. Estaba en una de 8 y es sólo para ir a dormir y que no coincidas en horarios de ducha, baño, meterse en la cama, colocar cosas en la taquilla con nadie.
Personal no vi a nadie ni por la mañana, ni por la noche.",Que es muy calentita la habitación y la ubicación de los enchufes y la lucecita de la cama son muy cómodas. Y el patio precioso.,Viaje de negocios | Persona que viaja sola | Cama Individual en habitación compartida femenina | Estancia de 1 noche | Enviado por móvil,14 comentarios,España
CordobaPatio,Escrito en 18 de enero de 2024,"9,0",Sosa,Solo disponía de hervidor de agua y microondas para resolver poder comer algo sin consumir del bar. Pero no fue determinante para regresar en otra oportunidad,El lugar es hermoso y silencioso . Las instalaciones limpias.,Viaje de ocio | Persona que viaja sola | Cama Individual en habitación compartida femenina | Estancia de 2 noches | Enviado por móvil,5 comentarios,Uruguay
CordobaPatio,Escrito en 17 de enero de 2024,"9,0",Juanma1981,,"Todo estupendo, al entrar me dirigieron hasta mi habitación.",Viaje de ocio | Persona que viaja sola | Cama en habitación compartida mixta de 10 camas | Estancia de 1 noche | Enviado por móvil,,
CordobaPatio,Escrito en 22 de octubre de 2023,10,Esteban,,"Excelente ubicación, limpieza y atención! El edificio es fantástico y muy cómodo.",Viaje de ocio | Familia con niños pequeños | Habitación Familiar Estándar | Estancia de 1 noche | Enviado por móvil,,
CordobaPatio,Escrito en 22 de octubre de 2023,10,Sorin,,Todo perfecto,Viaje de negocios | Persona que viaja sola | Cama en habitación compartida mixta de 8 camas | Estancia de 1 noche | Enviado por móvil,,
CordobaPatio,Escrito en 20 de octubre de 2023,10,Joseph,,"La atención es muy buena y servicial, cumple con todas las espectativas.",Viaje de negocios | Persona que viaja sola | Cama en habitación compartida mixta de 6 camas | Estancia de 1 noche | Enviado por móvil,,
CordobaPatio,Escrito en 20 de octubre de 2023,"9,0",Francisca,,"Excelente ubicación, limpieza y atención por parte del personal! Jose Carlos un genio y muy amable! Sin dudas lo recomendaría y volveria.",Viaje de ocio | Persona que viaja sola | Cama Individual en habitación compartida femenina | Estancia de 1 noche | Enviado por móvil,,
CordobaPatio,Escrito en 18 de octubre de 2023,"8,0",María,Poca ventilación en las habitaciones,Lo bien cuidado que está y la amabilidad del personal,Viaje de ocio | Persona que viaja sola | Cama Individual en habitación compartida femenina | Estancia de 1 noche | Enviado por móvil,5 comentarios,España
CordobaPatio,Escrito en 17 de octubre de 2023,"9,0",Alberto,,La ubicación,Viaje de ocio | Familia con niños pequeños | Habitación Cuádruple con baño privado | Estancia de 1 noche | Enviado por móvil,,
CordobaPatio,Escrito en 16 de octubre de 2023,"8,0",Daniel,Caro para ser una habitación compartida de diez personas.,La ubicación y el trato del personal.,Viaje de ocio | Persona que viaja sola | Cama en habitación compartida mixta de 10 camas | Estancia de 3 noches | Enviado por móvil,41 comentarios,España
CordobaPatio,Escrito en 16 de octubre de 2023,"8,0",Andrés,El precio para una habitación con literas me pareció excesivo,Estaba muy limpio y el sitio era bonito.,Viaje de ocio | Grupo | Habitación Familiar con baño privado | Estancia de 1 noche | Enviado por móvil,10 comentarios,España
CordobaPatio,Escrito en 12 de octubre de 2023,"8,0",Laura,"no es bueno el desayuno, y no tiene suficiente espacio común como para trabajar",la limpieza del hostel,Viaje de ocio | Persona que viaja sola | Cama en habitación compartida con 4 camas | Estancia de 2 noches | Enviado por móvil,11 comentarios,Argentina
CordobaPatio,Escrito en 11 de octubre de 2023,"8,0",Rafael,Desayuno,Edificio,Viaje de ocio | Familia con niños pequeños | Habitación Familiar con baño privado | Estancia de 1 noche | Enviado por móvil,7 comentarios,España
CordobaPatio,Escrito en 10 de octubre de 2023,10,Alerus,El sábado no pude quedarme porque se había puesto muy caro... me tuve que ir a otro. Si no me quedaba.,Me encantó todo. La gente un amor. El desayuno genial. El patio maravilloso. TIENE PILETAAAAAAA es el mejor hostel q fui en mi vida,Viaje de ocio | Persona que viaja sola | Cama en habitación compartida mixta de 10 camas | Estancia de 2 noches | Enviado por móvil,6 comentarios,Argentina
CordobaPatio,Escrito en 9 de octubre de 2023,10,Olga,,"La instalaciones muy limpias y nuevas, la ubicación fantástica y el personal encantador",Viaje de ocio | Familia con niños pequeños | Habitación Cuádruple con baño privado | Estancia de 1 noche | Enviado por móvil,,
CordobaPatio,Escrito en 8 de octubre de 2023,10,Jose,Faltan más baños y un poco de privacidad en las duchas,"Todo, desde la piscina pasando por las cómodas camas y como no, la atención de Borja, Yaiza y Ana!",Viaje de ocio | Persona que viaja sola | Cama en habitación compartida mixta de 8 camas | Estancia de 2 noches | Enviado por móvil,9 comentarios,España
CordobaPatio,Escrito en 8 de octubre de 2023,"9,0",Francesco,"Todo super, pero falta la cocina","Es sitio super lindo, moderno, limpio, la habitaciones buenisima.",Persona que viaja sola | Cama en habitación compartida mixta de 8 camas | Estancia de 2 noches | Enviado por móvil,7 comentarios,España
CordobaPatio,Escrito en 7 de octubre de 2023,"8,0",Fuensanta,"Está un poco alejado de la mezquita.No tiene nevera.","El hotel es muy bonito, tiene un patio interior con hamacas y otro con piscina. La cama es grande y el baño con buena ducha y toallas. Muy nuevo. Con buen aire acondicionado. Muy tranquilo",Viaje de ocio | Pareja | Habitación Familiar Estándar | Estancia de 2 noches | Enviado por móvil,4 comentarios,España
CordobaPatio,Escrito en 7 de octubre de 2023,10,Alejandra,,"Muy bonito, limpio, la amabilidad del personal, la ubicación. Sin duda regresaremos",Viaje de ocio | Familia con niños pequeños | Habitación Cuádruple con baño privado | Estancia de 1 noche | Enviado por móvil,,
CordobaPatio,Escrito en 6 de octubre de 2023,"9,0",María,"La parte donde estaba el retrete en la habitación es muy pequeño,para entrar y cerrar la puerta es bastante justo,pero todo lo demás muy bien.",El patio es precioso y todo es muy moderno.El personal muy agradable y dispuesto a resolverte cualquier duda.,Viaje de ocio | Persona que viaja sola | Cama Individual en habitación compartida femenina | Estancia de 2 noches | Enviado por móvil,14 comentarios,España
CordobaPatio,Escrito en 4 de octubre de 2023,"8,0",Raúl,"Viajamos con mis padres (74 y 71 años), nosotros (un matrimonio de 44 años cada uno) y tres niños (10, 9 y 2 años).Nos dieron una habitación ¡para 10 personas!, que sobre el papel no habría ningún problema, el problema es que yo solicité dos habitaciones: una para mis padres y otra para nosotros 5 y nos colocaron en una, que tampoco habría problemas, siempre que hubiera habido, al menos, una cama de matrimonio o dos camas en planta para mis padres, pero nos ubicaron en literas a todos. No hay problema con ello, no tenemos nada contra las literas, pero deberían haberlo especificado. Todo quedó en una anécdota, pero si lo sabes puedes optar por seguir adelante o pedir otra configuración de las habitaciones.",,Viaje de ocio | Familia con niños pequeños | Habitación Familiar con baño privado | Estancia de 1 noche,3 comentarios,España
CordobaPatio,Escrito en 1 de octubre de 2023,10,Sandra,"Echo en falta personal, que te reciba una persona y no tener que hacerlo todo por tablet, pero eso es muy personal.","El patio es espectacular, tiene encanto. Las habitaciones geniales, limpias, incluso la cama es cómoda. Va todo con código así que no corres riesgo de perder tarjeta o llave. Repetiría sin lugar a duda por su ubicación y el precio tan bueno.",Viaje de ocio | Persona que viaja sola | Cama en habitación compartida mixta de 8 camas | Estancia de 3 noches | Enviado por móvil,4 comentarios,España
CordobaPatio,Escrito en 1 de octubre de 2023,"9,0",Vicente,Para mi gusto necesita un poco más de actividades sociales para facilitar la interacción entre huéspedes. Detalle menor si no quieres sociabilizar.,Céntrico.Muy buenas instalaciones. Muy limpio. Todo bien accesible. El equipo que trabaja es muy amable y atento y me han resuelto pequeñas cosas que surgen.,Viaje de ocio | Persona que viaja sola | Cama en habitación compartida mixta de 10 camas | Estancia de 6 noches | Enviado por móvil,7 comentarios,España
CordobaPatio,Escrito en 28 de septiembre de 2023,"8,0",Maria,Muy sucia la piscina,,Viaje de ocio | Familia con niños pequeños | Habitación Familiar Estándar | Estancia de 1 noche | Enviado por móvil,3 comentarios,España
CordobaPatio,Escrito en 27 de septiembre de 2023,"8,0",Pedro,"El baño estaba dentro de la habitación y con lavarte los dientes despertabas a los demás, además la ducha pasaba igual, salías directamente de la mampara a las camas, con lo cual o te vestías dentro de la ducha sin apenas hueco ni dónde dejarla ropa, o tenías que desnudarte delante de la habitación. Aún así, a quien no le dé vergüenza, merece la pena el sitio.","Ubicación buena, camada cómoda, sistema de acceso a través del móvil. Estaba todo muy nuevo.",Viaje de ocio | Persona que viaja sola | Cama en habitación compartida mixta de 10 camas | Estancia de 1 noche | Enviado por móvil,32 comentarios,España
CordobaPatio,Escrito en 21 de septiembre de 2023,"9,0",Adoracion,"Nada, estaba todo muy bien.","Todo estaba muy nuevo y limpio,las camas eran cómodas,volvería seguro.",Viaje de ocio | Grupo de amigos | Habitación Familiar Estándar | Estancia de 1 noche | Enviado por móvil,13 comentarios,España
CordobaPatio,Escrito en 17 de septiembre de 2023,10,Paula,Nada,Todo,Viaje de ocio | Familia con niños pequeños | Habitación Familiar Estándar | Estancia de 3 noches | Enviado por móvil,7 comentarios,España
CordobaPatio,Escrito en 10 de septiembre de 2023,10,Alejandro,Que no me dejaran gravar mis directos ya que yo me dedico al stream,Pedazo de terrraza para descansar por no hablar de la pequeña piscina que me salvo los días más duros de agosto el precio la gente y que está al lado del ayuntamiento volveré seguro,Viaje de ocio | Persona que viaja sola | Cama en habitación compartida mixta de 10 camas | Estancia de 4 noches | Enviado por móvil,2 comentarios,España
CordobaPatio,Escrito en 1 de julio de 2023,10,Olivia,,Todo. Desde la ubicación hasta las instalaciones. La piscina te da la oportunidad de pasar las horas centrales del día de manera más agradable por el calor que hace. Muy bien situado lo que te permite desplazarte a pie a las zonas de interés. Ambiente muy relajado y tranquilo. Volvería sin dudarlo,Viaje de ocio | Familia con niños pequeños | Habitación Cuádruple con baño privado | Estancia de 2 noches | Enviado por móvil,,
CordobaPatio,Escrito en 30 de junio de 2023,"9,0",Ariel,"El aire acondicionado por la noche está demasiado frío, aconsejo subirlo un par de grados.","Las habitaciones están muy limpias y ordenadas, tal como se ve en las fotos.",Viaje de ocio | Persona que viaja sola | Cama en habitación compartida mixta de 6 camas | Estancia de 1 noche | Enviado por móvil,27 comentarios,España
CordobaPatio,Escrito en 28 de junio de 2023,10,Francisco,"Ya me paso en Navidades, ahora de nuevo al hacer la entrada, para mi es lioso todo, debería haber recepción, si no es imposible, o sease que te llevas un tiempo hasta que haces el trámite, y luego por fin consigues entrar al hostal, que conste...","De vez en cuando me hospedó en este hostal, y la verdad todo a mi gusto, es más la atención personalizada de Ana la encargada del bar, es imprescindible me ayudó en todo lo que pudo para que mi estancia fuese lo más amena posible cuando quise hacer la entrada y luego cuando quise cambiar de habitación, agradecido por su parte...",Viaje de ocio | Persona que viaja sola | Cama en habitación compartida mixta de 10 camas | Estancia de 1 noche | Enviado por móvil,37 comentarios,España
CordobaPatio,Escrito en 27 de junio de 2023,10,Ybe,Todo estaba perfecto !!,"TODO, de lejos el mejor Hostel que he visitado en este viaje por espana",Viaje de ocio | Persona que viaja sola | Cama en habitación compartida mixta de 8 camas | Estancia de 4 noches | Enviado por móvil,7 comentarios,Perú
CordobaPatio,Escrito en 25 de junio de 2023,10,Elena,,"Instalaciones y personal, todo ha sido un placer",Viaje de ocio | Grupo | Habitación Cuádruple con baño privado | Estancia de 5 noches | Enviado por móvil,,
CordobaPatio,Escrito en 25 de junio de 2023,10,Claudia,Nada.,"Todo es increíble, tal cual las fotos. El alojamiento está súper céntrico y todo está muy nuevo. La piscina es un acierto en esta época. Además, los chicos de recepción son geniales, tuvimos un problema con booking y nos cambiaron de habitación sin coste alguno. ¡Para volver si o si!",Viaje de ocio | Pareja | Habitación Cuádruple con baño privado | Estancia de 1 noche | Enviado por móvil,34 comentarios,España
CordobaPatio,Escrito en 24 de junio de 2023,"8,0",Gaby,,"Era muy limpio, amplio y cómodo.",Viaje de ocio | Persona que viaja sola | Cama en habitación compartida mixta de 10 camas | Estancia de 2 noches | Enviado por móvil,,
CordobaPatio,Escrito en 24 de junio de 2023,10,Lucia,Falta algún tipo de queso en el desayuno. Y sumaría huevo,"Las comodidades de la habitación, la amabilidad del personal y la facilidad para el proceso de reserva y check in",Viaje de ocio | Persona que viaja sola | Cama Individual en habitación compartida femenina | Estancia de 3 noches | Enviado por móvil,4 comentarios,Argentina
CordobaPatio,Escrito en 19 de junio de 2023,"8,0",Isaac,Nada a destacar. Todo muy bien.,"Hotel muy limpio, con instalaciones nuevas y bien cuidadas. Personal atento y amable. La piscina es un plus. Camas muy cómodas.",Viaje de ocio | Pareja | Habitación Familiar Estándar | Estancia de 1 noche | Enviado por móvil,43 comentarios,España
CordobaPatio,Escrito en 15 de junio de 2023,10,Maria,,"En general todo,  limpieza, ubicación, atención personal, tranquilidad...",Viaje de ocio | Grupo | Habitación Familiar Estándar | Estancia de 1 noche,,
CordobaPatio,Escrito en 9 de junio de 2023,"9,0",Rocio,,Ubicación Perfecta.,Viaje de ocio | Persona que viaja sola | Cama en habitación compartida mixta de 10 camas | Estancia de 1 noche,,
CordobaPatio,Escrito en 9 de junio de 2023,10,Sebastian,Quedarme tan poco tiempo,Las instalaciones y el trato de les encargades,Viaje de ocio | Persona que viaja sola | Cama en habitación compartida mixta de 10 camas | Estancia de 1 noche | Enviado por móvil,11 comentarios,España
CordobaPatio,Escrito en 8 de junio de 2023,"8,0",Margaret,"Esta bien, no desayune porque no se si estaba incluido desayuno no estaba bien informado aquello.",La independencia que se siente al estar ahí. Me gustaría fuera más familiar.,Viaje de ocio | Persona que viaja sola | Cama Individual en habitación compartida femenina | Estancia de 1 noche | Enviado por móvil,1 comentario,España
CordobaPatio,Escrito en 7 de junio de 2023,"9,0",Burgoin,"Que no limpiaran los cuartos, pues no vi que barrieran ni un solo dia que estuve ahi",Los cuartos tenian un muy buen espacio. Perfecto para 6 personas,Viaje de ocio | Persona que viaja sola | Cama en habitación compartida mixta de 10 camas | Estancia de 3 noches | Enviado por móvil,3 comentarios,México
CordobaPatio,Escrito en 5 de junio de 2023,10,Encarna,"Al estar en el centro, el aparcamiento es imposible","Su ubicación excepcional
Personal encantador",Viaje de ocio | Familia con niños pequeños | Habitación Cuádruple con baño privado | Estancia de 1 noche | Enviado por móvil,13 comentarios,España
CordobaPatio,Escrito en 5 de junio de 2023,10,Cristina,"La habitación era un poco pequeña, pero suficiente","Las instalaciones son modernos, con muchos detalles. Está muy céntrico.
Buen ambiente",Viaje de ocio | Persona que viaja sola | Cama en habitación compartida mixta de 10 camas | Estancia de 2 noches | Enviado por móvil,36 comentarios,España
CordobaPatio,Escrito en 5 de junio de 2023,"9,0",Nemo,El receptáculo de ducha ya que se apozaba el agua y no había separación de este lugar con el resto del baño,Las instalaciones,Viaje de ocio | Persona que viaja sola | Cama en habitación compartida con 4 camas | Estancia de 5 noches,4 comentarios,Chile
CordobaPatio,Escrito en 4 de junio de 2023,10,Cristian,"El barrio es muy lindo, aunque un poco lejos de la zona central. es decir unos 20 min caminando. que no está mal por un día.","es cómodo, los viajeros son muy amigable habían personas habían haciendo co working. Es un buen ambiente. tranquilo.",Viaje de ocio | Persona que viaja sola | Cama en habitación compartida mixta de 10 camas | Estancia de 3 noches | Enviado por móvil,24 comentarios,India
CordobaPatio,Escrito en 2 de junio de 2023,10,Leonardo,,"Todo, la piscina excelente",Viaje de ocio | Persona que viaja sola | Cama en habitación compartida mixta de 10 camas | Estancia de 2 noches | Enviado por móvil,,
CordobaPatio,Escrito en 2 de junio de 2023,10,Maria,"Falta poner perchero dentro de ducha para poner toallas, etc",Hostel grande con muchos espacios comunes y moderno.,Viaje de ocio | Persona que viaja sola | Cama en habitación compartida mixta de 10 camas | Estancia de 1 noche | Enviado por móvil,12 comentarios,Chile
CordobaPatio,Escrito en 1 de junio de 2023,"9,0",Luis,"no repusieron el gel-champú y la piscina estaba sin limpiar, no se podía utilizar",la amabilidad,Viaje de ocio | Grupo | Cama en habitación compartida mixta de 10 camas | Estancia de 2 noches | Enviado por móvil,15 comentarios,España
CordobaPatio,Escrito en 1 de junio de 2023,10,Ignacio,,complejo muy agradable y el servicio muy atento,Viaje de ocio | Pareja | Habitación Familiar Estándar | Estancia de 3 noches,,
CordobaPatio,Escrito en 29 de mayo de 2023,"9,0",Miquel,"Todo es correcto, no hay nada que destacar negativo",desayuno bàsico por 6 €,Viaje de ocio | Grupo | Habitación Familiar con baño privado | Estancia de 2 noches,78 comentarios,España
CordobaPatio,Escrito en 29 de mayo de 2023,"9,0",Benja,,Increible patio e instalaciones muy buenas,Viaje de ocio | Persona que viaja sola | Cama en habitación compartida mixta de 10 camas | Estancia de 2 noches | Enviado por móvil,,
CordobaPatio,Escrito en 26 de mayo de 2023,"9,0",Aran,,El patio andaluz del centro del hotel.,Viaje de ocio | Pareja | Habitación Familiar Estándar | Estancia de 1 noche | Enviado por móvil,,
CordobaPatio,Escrito en 3 de marzo de 2023,10,Mili,"Sólo para tener en cuenta, si quieres toalla, estas tienen un adicional de 2€.","Siempre que vengo a Córdoba elijo este lugar y la habitación de 8 femenina. Siempre está impecable. Las camas son muy cómodas y bien equipadas. El espacio del dining room siempre está limpio y ordenado, además contas con cubiertos y condimentos. El patio tiene sillones y espacio para quedarte. En 1 piso hay microondas por si quieres calentarte algo de comer. El acceso al establecimiento, con la app o código es muy sencillo. El precio está muy bien.",Viaje de ocio | Persona que viaja sola | Cama Individual en habitación compartida femenina | Estancia de 1 noche | Enviado por móvil,53 comentarios,Argentina
CordobaPatio,Escrito en 26 de febrero de 2023,10,Melysillero,,"La habitación muy muy cómodo, todo perfecto",Viaje de ocio | Familia con niños pequeños | Habitación Familiar Estándar | Estancia de 2 noches | Enviado por móvil,,
CordobaPatio,Escrito en 23 de febrero de 2023,"8,0",Jaduarte9,"El desayuno es algo escaso, si no llegas el primero te quedas sin alguna cosa.",Las habitaciones son amplias y las camas son cómodas.,Viaje de ocio | Grupo | Cama en habitación compartida mixta de 6 camas | Estancia de 1 noche,14 comentarios,España
CordobaPatio,Escrito en 23 de febrero de 2023,10,Cristina,las almohadas son malisimas,"El desayuno buffet increíble por solo 6€, la habitación y el baño super limpios y en general todo ha estado estupendo",Viaje de ocio | Grupo | Habitación Cuádruple con baño privado | Estancia de 1 noche,14 comentarios,España
CordobaPatio,Escrito en 21 de febrero de 2023,"9,0",Amaia,"La calle por la que se accedía al hotel era algo oscura, no muy atractiva. La subida a las literas superiores podía resultar complicada","Precioso y limpio. Excelente relación calidad precio. Muy agradable personal y muy bien el desayuno. Bonito, bonito.",Viaje de ocio | Familia con niños pequeños | Habitación Cuádruple con baño privado | Estancia de 2 noches | Enviado por móvil,62 comentarios,España
CordobaPatio,Escrito en 21 de febrero de 2023,"8,0",Bianchini,"no habia mucho espacio en la habitacion para las valijas. no tenia heladera ni cocina, solo un lavavo y para calentar agua.","el personal muy amable, las instalaciones estan bien, todo muy limpio. la ubicacion tmb esta buena. la camada fue muy comoda",Viaje de ocio | Persona que viaja sola | Cama Individual en habitación compartida femenina | Estancia de 2 noches,22 comentarios,Argentina
CordobaPatio,Escrito en 21 de febrero de 2023,10,Ana,,Muy acogedor,Viaje de ocio | Persona que viaja sola | Cama en habitación compartida mixta de 10 camas | Estancia de 3 noches | Enviado por móvil,,
CordobaPatio,Escrito en 20 de febrero de 2023,"9,0",Susana,"Yo pondría una toalla de baño.
Son toalla pequeña. 
Aunque te secas bien dentro de la ducha.
La ducha muy buena","Esta muy bien,zona muy buena.
Personal súper atentó. 
La habitación muy divertida y el desayuno genial. 
Gracias",Viaje de ocio | Familia con niños pequeños | Habitación Familiar Estándar | Estancia de 2 noches | Enviado por móvil,30 comentarios,España
CordobaPatio,Escrito en 13 de febrero de 2023,"9,0",María,No ha habido nada que no me haya gustado.,"El alojamiento está fenomenal, todo muy moderno, limpio y cómodo. Borja ha sido un encanto, súper amable y simpático y el desayuno genial!!!!. Lo recomiendo 100%",Viaje de ocio | Familia con niños pequeños | Habitación Cuádruple con baño privado | Estancia de 1 noche | Enviado por móvil,31 comentarios,España
CordobaPatio,Escrito en 13 de febrero de 2023,10,Magda,El no ver a nadie del personal físicamente y que no estén bien detalladas las indicaciones para luego salir del parking,"Era un sitio precioso, tranquilo y muy cómodo. Nos encantó todo, el tamaño de la habitación, su distribución, el baño, era una maravilla",Viaje de ocio | Familia con niños pequeños | Habitación Familiar Estándar | Estancia de 1 noche | Enviado por móvil,26 comentarios,España
CordobaPatio,Escrito en 12 de febrero de 2023,"8,0",Noemi,La habitación donde nos alojamos no tenia luz natural,"El desayuno bueno, son amables, el patio es precioso.",Viaje de ocio | Familia con niños pequeños | Habitación Cuádruple con baño privado | Estancia de 1 noche | Enviado por móvil,13 comentarios,España
CordobaPatio,Escrito en 9 de febrero de 2023,10,Alessia,nada,"el patio, la habitación",Viaje de ocio | Persona que viaja sola | Cama Individual en habitación compartida femenina | Estancia de 1 noche | Enviado por móvil,3 comentarios,Italia
CordobaPatio,Escrito en 6 de febrero de 2023,10,Alexander,no me quejo de nada.,"excelente todo, a pesar de que casi todo es digitalizado, comunicarse por mensaje o teléfono siempre hay una solución y se notó lo disponibles que estaban para ayudarte con cualquier consulta. las instalaciones hermosas, siempre limpias.",Viaje de ocio | Persona que viaja sola | Cama en habitación compartida mixta de 8 camas | Estancia de 1 noche | Enviado por móvil,38 comentarios,Perú
CordobaPatio,Escrito en 6 de febrero de 2023,10,Eva,"Todo me gustó, el hotel es moderno y decorado con mucho gusto, La ubicación es perfecta","Me encantó el sistema de reserva y opciones a través de la web. Todo muy detallado y si tenía algunas dudas me las resolvían en el telf. 24 h. Por ejemplo en todos lados ponía que cobraban las toallas, pero si reservas una habitación sólo para ti y familia o amigos, ahí no te las cobran. La habitación muy moderna y funcional. El parking estaba como a 800 metros pero realmente no nos importó. Íbamos a visitar toda la ciudad y andar es bueno. Se puede llegar al hotel en coche, pero como llegamos muy pronto, no podíamos hacer el check in, así que dejamos la maleta en el coche, dentro del parking. El parking (que es de una empresa externa al hotel) si es realmente incomodo. Muy estrecho, las subidas parecía que rozabas el coche, tenías que maniobrar para que eso no ocurriera. Desaconsejado para automóviles grandes. El personal muy amables y simpático.",Viaje de ocio | Familia con niños pequeños | Habitación Familiar Estándar | Estancia de 1 noche,2 comentarios,España
CordobaPatio,Escrito en 1 de febrero de 2023,"9,0",Romina,,"Limpio, ambiente muy agradable y su personal súper preparado y amable.",Persona que viaja sola | Cama en habitación compartida mixta de 10 camas | Estancia de 1 noche | Enviado por móvil,,
CordobaPatio,Escrito en 1 de febrero de 2023,"8,0",Sofia,La habitación de 8 era muy pequeña para la cantidad de personas,Estaba limpio y bien ubicado.,Viaje de ocio | Persona que viaja sola | Cama Individual en habitación compartida femenina | Estancia de 1 noche | Enviado por móvil,24 comentarios,Uruguay
CordobaPatio,Escrito en 1 de febrero de 2023,10,Anahi,"El check in es virtual. Todo es con códigos.
Detalle para sumar en la ducha no hay donde apoyar los objetos personales y cambiarse dentro de la ducha puede resultar un poquito incómodo.
Es establecimiento en sí es maravilloso","Buenas instalaciones, limpio. Moderno estético. Tranquilo. Hermosos espacios en común. Las habitaciones son cómodas, cuentan con todo, jabón secador. 
El baño dentro de la habitación. 
No hay cocina, si microondas, pava electrica. Utencilios vaso, tasa, plato. Los chicos te guardan las cosas en la heladera. 
Zona cerca de las atracciones culturales.",Viaje de ocio | Persona que viaja sola | Cama en habitación compartida mixta de 10 camas | Estancia de 2 noches | Enviado por móvil,7 comentarios,Argentina
CordobaPatio,Escrito en 30 de enero de 2023,10,Rosa,,"El lugar es muy acogedor y bonito y es bastante céntrico. En cuanto a la habitación, las camas comodísimas, la temperatura de la habitación ideal. Todo muy limpio y con un olor agradable. 
 En general todo estupendo.",Viaje de ocio | Pareja | Habitación Familiar Estándar | Estancia de 1 noche | Enviado por móvil,,
CordobaPatio,Escrito en 24 de enero de 2023,10,Bren,Que no tenga ventana la habitación. Había otra puerta al lado de la principal pero no sabía si podíamos abrirla.,"El estilo, el diseño, calidad de las instalaciones del los baños, puertas, carteles, iluminación.",Viaje de ocio | Persona que viaja sola | Cama en habitación compartida mixta de 8 camas | Estancia de 1 noche | Enviado por móvil,2 comentarios,Argentina
CordobaPatio,Escrito en 19 de enero de 2023,"8,0",Claudia,Un poco complicado el check-in 😅,"La ubicación, el patio",Viaje de ocio | Pareja | Habitación Familiar Estándar | Estancia de 1 noche | Enviado por móvil,11 comentarios,Argentina
CordobaPatio,Escrito en 17 de enero de 2023,10,Catalina,"Para las personas de las literas de arriba no hay una silla o una mesa para ponerte los zapatos o algo así, creo que le hace falta por lo menos una silla a las habitaciones.",Me encantó el concepto tecnológico de hacerlo todo por ti mismo. Además en una habitación de 10 personas había 2 baños completos así que fue muy cómodo estar allí.,Viaje de ocio | Persona que viaja sola | Cama en habitación compartida mixta de 10 camas | Estancia de 2 noches,22 comentarios,Francia
CordobaPatio,Escrito en 17 de enero de 2023,"9,0",Eduardo,La habitación un poco chica.el.espacio entre las camas no es mucho.,La ubicación y las zonas comunes. El patio es muy lindo.,Viaje de ocio | Persona que viaja sola | Cama en habitación compartida mixta de 10 camas | Estancia de 2 noches | Enviado por móvil,51 comentarios,Argentina
CordobaPatio,Escrito en 7 de enero de 2023,10,Sandu,,"La limpieza,la habitación en si,la tranquilidad,la ubicación",Viaje de ocio | Pareja | Habitación Doble | Estancia de 1 noche | Enviado por móvil,,
CordobaPatio,Escrito en 6 de enero de 2023,"9,0",Gabriel,Que me cobren la toalla,La comodidad y su limpieza,Viaje de negocios | Persona que viaja sola | Cama en habitación compartida mixta de 10 camas | Estancia de 4 noches | Enviado por móvil,8 comentarios,España
CordobaPatio,Escrito en 5 de enero de 2023,10,Elina,nada,Todo,Viaje de ocio | Familia con niños pequeños | Habitación Cuádruple con baño privado | Estancia de 1 noche | Enviado por móvil,3 comentarios,España
CordobaPatio,Escrito en 27 de diciembre de 2024,"7,0",Yanina,Las camas eran comodas y el patio muy bonito para estar pero si es invierno te la regalo,"No habian banquitos ni nada para poder estar mas comodos en la habitacion, muy angosto todo y en la ducha habia solo un pequeño lugar para colgar con surte la toalla , no tenias para apoyar ni el shampu .. sumando a que no te permitian en acceso a la sala comun hasta las 8 de la mañana",Viaje de ocio | Persona que viaja sola | Cama Individual en habitación compartida femenina | Estancia de 2 noches | Enviado por móvil,9 comentarios,Argentina
CordobaPatio,Escrito en 11 de diciembre de 2024,"3,0",María,"NO LIMPIAN LA HABITACIÓN A DIARIO. ESPERAN A LIMPIAR HASTA EL SÉPTIMO DÍA DE ESTANCIA. Y NO HAY UTENSILIOS PARA LIMPIAR EN TODOS ESOS DIAS. Mala relación calidad/precio. No hay armario, son taquillas pequeñas e incómodas. El parking concertado con el hotel es muy incómodo",Buena ubicación,Viaje de ocio | Familia con niños pequeños | Habitación Familiar Estándar | Estancia de 4 noches | Enviado por móvil,23 comentarios,España
CordobaPatio,Escrito en 9 de diciembre de 2024,"7,0",Verónica,Las almohadas son muy finitas y el buffet del desayuno poco variado.,"A mis hijos les gustó mucho el tipo de habitación.
A nosotros la ubicación, está muy cerca del centro.
El personal muy amable.",Viaje de ocio | Familia con niños pequeños | Habitación Familiar Estándar | Estancia de 2 noches | Enviado por móvil,12 comentarios,España
CordobaPatio,Escrito en 29 de noviembre de 2024,"6,0",Renata,No me gusto la calle donde quedaba era como fea y la habitación no tenia buena ventilación,Era lindo el alojamiento,Viaje de ocio | Persona que viaja sola | Cama Individual en habitación compartida femenina | Estancia de 3 noches | Enviado por móvil,3 comentarios,Chile
CordobaPatio,Escrito en 23 de noviembre de 2024,"7,0",Lina,"Me faltó revisar con un poco más de detenimiento la forma en que estaban previstas las camas al momento de escoger el sitio, ya que no tienen ningún tipo de cortina o separador, por lo que si quieres privacidad al estar en tu cama, tienes que colgar tu toalla (que fue lo que ví que hacían varias personas).",Colchones y almohadas limpias y muy cómodas. Las instalaciones son modernas y de estilo práctico.,Viaje de ocio | Persona que viaja sola | Cama en habitación compartida mixta de 10 camas | Estancia de 1 noche | Enviado por móvil,40 comentarios,Colombia
CordobaPatio,Escrito en 18 de noviembre de 2024,"7,0",Belkis,"No ofrecen ni te ni café Sólo microondas y jarra eléctrica por los pasillos Si necesitas utensillos, cómo cubiertos o plato, vaso o tasa tendrás que recorrer y pedir de favor si te lo brindan, para luego volver al pasillo de tu piso, si necesitas calentar, para después bajar y buscar donde poder comer o tomar algo Me parece que deberían implementar algo más práctico a esos efectos",El lugar es muy lindo Limpio y prolijo Pero el ser tan poco personalizado creo que no brinda calidez al lugar,Viaje de ocio | Persona que viaja sola | Cama en habitación compartida mixta de 10 camas | Estancia de 2 noches | Enviado por móvil,14 comentarios,Uruguay
CordobaPatio,Escrito en 15 de noviembre de 2024,"7,0",Paula,"La habitación de 8 era extremadamente pequeña, con casi cero ventilación así no era muy agradable. Los espacios para guardar maletas eran bastante pequeños y no había cortinas en la cama para evitar despertarte con cada persona que ingresaba a la habitación. Por una noche, ok pero no sé si lo recomiendo para más.",Buena ubicación y hermoso patio. La atención de la gente en recepción fue excelente y el check in muy fácil.,Viaje de ocio | Persona que viaja sola | Cama Individual en habitación compartida femenina | Estancia de 1 noche | Enviado por móvil,15 comentarios,Australia
CordobaPatio,Escrito en 4 de noviembre de 2024,"7,0",Nestor,El ruido en el patio de otros huéspedes. El parking está a un paseo andando un poco largo,Bien situado y fácil de llegar.,Viaje de ocio | Familia con niños pequeños | Habitación Cuádruple con baño privado | Estancia de 1 noche | Enviado por móvil,10 comentarios,España
CordobaPatio,Escrito en 18 de octubre de 2024,"7,0",Elizabeth,Un solo baño para demasiadas personas,El lugar era lindo,Viaje de ocio | Persona que viaja sola | Cama en habitación compartida mixta de 10 camas | Estancia de 2 noches | Enviado por móvil,7 comentarios,México
CordobaPatio,Escrito en 17 de octubre de 2024,"7,0",Tito,El barrio,Las instalaciones impecables y ubicación centrica,Viaje de ocio | Persona que viaja sola | Habitación Familiar Estándar | Estancia de 2 noches | Enviado por móvil,1 comentario,España
CordobaPatio,Escrito en 11 de octubre de 2024,"6,0",Elizabeth,"Me toco en la 103-3 y lamentablemente la persona que estaba en la 4 ponía botellas de vidrio en la escalera donde debia subir o los vasos de vidrio de la cafetería con agua, dejaba regados sus tenis por lo que al bajar tropezaba con ellos  y le aumentaba al aire para que fuera helado a pesar de que ella tosía toda la noche, a mi cama daba justo la luz del ingreso y al no tener cortina cada que alguien la prendia me despertaba (como sugerencia a esta cama deberían ponerle cortina) por lo que dormi en dirección contraria. Como estaba en la litera de arriba cuando me iba a poner los zapatos me tocaba de pie xq no hay sillas en la habitación, además que el espacio de las maletas es mediano, algunas personas tenian sus maletas atravesadas.  En conclusión un espacio muy reducido para tantas personas.  Es la primera vez que le doy una puntuación tan baja a un alojamiento, pero es que no me había pasado nunca tantas cosas en un solo lugar en tan solo dos dias.","La atención del personal fue muy buena, el espacio abierto, la limpieza, el silencio y tranquilidad. Es realmente hermoso el lugar.  Ademas esta prohibido fumar asi que le suma muchos puntos a los espacios compartidos que es donde permanecia cuando llegaba de los tours hasta que me daba sueño.",Viaje de ocio | Persona que viaja sola | Cama Individual en habitación compartida femenina | Estancia de 2 noches | Enviado por móvil,229 comentarios,Colombia
CordobaPatio,Escrito en 9 de octubre de 2024,"2,0",Mónica,"El llegar fue una hora de espera hasta que llegaron las demás compañeras, no nos dió tiempo ni a situarnos para el evento que teníamos. Y después de que pedí quedarnos más tarde ya que no descansamos,me dijeron que 15€ más por salir a las 14:00 . No volveríamos a ir a ese lugar. Pésimo como nos trató la recepcionista.",Pues la verdad no estuvimos muy contentas.,Grupo de amigos | Habitación Familiar con baño privado | Estancia de 1 noche | Enviado por móvil,6 comentarios,España
CordobaPatio,Escrito en 4 de octubre de 2024,"6,0",David,"Falta de personal para atenderlo, tienen una sola persona para todo(un 10 para ella, fue muy agradable),que tome nota la dirección. No limpian habitación a diario.
Desayuno malo muy escaso en variedad, algo de pavo, nada de queso. No volvería a elegir opción con desayuno. No hay recepción y todo tienes que hacerlo online o por teléfono. Es el nuevo concepto de ganar dinero, sin poner personal, y que el cliente lo haga todo.","Hotel bonito, habitación limpia, buen colchón.",Viaje de ocio | Grupo de amigos | Habitación Familiar Estándar | Estancia de 2 noches | Enviado por móvil,8 comentarios,España
CordobaPatio,Escrito en 3 de octubre de 2024,"7,0",Saraid,"El ambiente había muchos  jóvenes haciendo bulla el día que llegamos y el siguiente, tuvimos que llamar al encargado por la bulla no dejaban dormir",Muy bonito la planta baja,Viaje de ocio | Pareja | Habitación Familiar Estándar | Estancia de 1 noche | Enviado por móvil,15 comentarios,Venezuela
CordobaPatio,Escrito en 29 de septiembre de 2024,"3,0",Rosa,"A la llegada llamamos para que nos indicaran donde se ubicaba el parking , y nos dijeron que no lo sabían porque la persona que nos atendía al teléfono no era de Córdoba sino de otro Líbere de otra ciudad . Tuvimos que dejar el coche a 20 minutos andando , y llegar con las maletas todo el recorrido y con dos niños pequeños . 
A la mañana siguiente en el desayuno , nos indican que nuestra habitación no lo tiene incluido , cuando cogimos el hotel por booking en la publicidad ponía expresamente “ desayuno incluido “ . La chica que nos atendió nos comunicó que esa misma mañana le había pasado a más clientes , que llamásemos a booking y nos despacho sin dar más explicaciones . 
Booking no nos dio ninguna solución . 
Llegamos más personas detrás nuestra con el mismo problema . El hotel no se volvió a poner en contacto con nosotros en todo el fin de semana , ni nos volvieron a preguntar .",,Viaje de ocio | Familia con niños pequeños | Habitación Cuádruple con baño privado | Estancia de 2 noches | Enviado por móvil,4 comentarios,España
CordobaPatio,Escrito en 23 de septiembre de 2024,"7,0",Francisco,"Almohada muy fina, no hay opción de entrar con el vehículo para dejar maletas",Moderno y limpio,Viaje de ocio | Pareja | Habitación Familiar Estándar | Estancia de 1 noche | Enviado por móvil,9 comentarios,España
CordobaPatio,Escrito en 27 de agosto de 2024,"5,0",Juan,"Que ponga que tiene Parking. No es cierto, el Parking está a 15 min andando por calles y escalera empedrada que con la maleta y en agosto fue una tortura.",Las instalaciones.,Viaje de ocio | Familia con niños pequeños | Habitación Cuádruple con baño privado | Estancia de 1 noche | Enviado por móvil,4 comentarios,España
CordobaPatio,Escrito en 22 de agosto de 2024,"7,0",Samir,Podría haber más sombrillas en el área de la piscina para cubrirse del sol.,Aunque era una habitación para cuatro pudimos tenerla solo para nosotros. Estaba limpia y era cómoda. Hay un happy hour en las tardes de cerveza apenas para el calor en verano.,Viaje de ocio | Pareja | Habitación Cuádruple con baño privado | Estancia de 1 noche | Enviado por móvil,28 comentarios,Colombia
CordobaPatio,Escrito en 22 de agosto de 2024,"7,0",Anna,"El garaje/pàrquing con el que el hotel tiene un acuerdo queda a 15 minutos caminando del hotel, demasiado lejos para las.entradas y salidas teniendo en cuenta el calor que hace en Córdoba en verano.","El hotel está muy bien situado, muy cerquita del centro histórico. Las habitaciones son muy correctas y la piscina es pequeñita. El desayuno también es muy correcto, no hay mucha variedad pero está todo muy rico y cuidado.",Viaje de ocio | Familia con niños pequeños | Habitación Familiar Estándar | Estancia de 3 noches | Enviado por móvil,13 comentarios,España
CordobaPatio,Escrito en 20 de agosto de 2024,"7,0",Fabio,Acceso muy complicado. Parking lejano. Algo incomoda la llegada con accesos informáticos y mini callejón donde no puedes dejar el coche. Piscina algo sucia. Ni una máquina de Vending para comprar una botella de agua en horario sin recepción.,Habitaciones chulas para los niños. Buena ubicación,Viaje de ocio | Familia con niños pequeños | Habitación Familiar Estándar | Estancia de 1 noche | Enviado por móvil,28 comentarios,España
CordobaPatio,Escrito en 11 de agosto de 2024,"6,0",Francisco,"Piscina muy sucia
No hay nevera en habitación","Ubicación
Habitación tamaño correcto
Personal muy correcto",Viaje de ocio | Pareja | Habitación Familiar Estándar | Estancia de 2 noches | Enviado por móvil,16 comentarios,España
CordobaPatio,Escrito en 7 de agosto de 2024,"7,0",Eva,"La piscina no estaba operativa durante nuestra estancia y  teniendo en cuenta que uno de los motivos  importantes de selección  de el alojamiento[Córdoba, agosto, niños] era precisamente la piscina...pues ha sido una decepción...Por otra parte, la zona central del patio por las condiciones es climáticas tampoco era una zona cómoda para estar... Por último destacar un desayuno con muy poca variedad y bastante escaso.","Ubicación,ya que se puede visitar el centro andando sin problema, la habitación es grande  y  está limpia.El diseño del conjunto de apartamentos está cuidado y el patio central es super agradable de ver por su decoración cuidada.",Viaje de ocio | Pareja | Habitación Familiar Estándar | Estancia de 2 noches | Enviado por móvil,14 comentarios,España
CordobaPatio,Escrito en 29 de julio de 2024,"7,0",José,Recoger diariamente el cubo de basura.,"El desayuno, las bebidas y la piscina.",Viaje de ocio | Persona que viaja sola | Cama en habitación compartida mixta de 10 camas | Estancia de 4 noches,17 comentarios,Perú
CordobaPatio,Escrito en 22 de julio de 2024,"5,0",David,,La piscina,Viaje de ocio | Persona que viaja sola | Cama en habitación compartida mixta de 10 camas | Estancia de 1 noche | Enviado por móvil,,
CordobaPatio,Escrito en 15 de julio de 2024,"7,0",Andrea,La piscina no estaba del todo limpia y carecía de sillas o de algo para no tener que sentarte en el suelo,La ubicación; la estancia es muy bonita y acogedora.Con zonas de descanso y piscina y el bar,Viaje de ocio | Persona que viaja sola | Habitación Familiar Estándar | Estancia de 2 noches | Enviado por móvil,6 comentarios,España
CordobaPatio,Escrito en 15 de junio de 2023,"7,0",Pilar,falta un poco de privacidad tanto en las camas como en los baños.,el hostel es muy lindo pero le falta un poco de privacidad a las camas,Viaje de ocio | Persona que viaja sola | Cama en habitación compartida mixta de 10 camas | Estancia de 2 noches | Enviado por móvil,8 comentarios,Argentina
CordobaPatio,Escrito en 3 de junio de 2023,"6,0",Veronica,"La habitación no tenía ventana, el espacio del WC era minúsculo con la puerta abriendo hacia adentro (era muy difícil entrar y salir), no hay frigorífico para los huéspedes en ningún lugar del hostal.",Colchón cómodo. Ambiente tranquilo.,Viaje de negocios | Persona que viaja sola | Cama Individual en habitación compartida femenina | Estancia de 1 noche | Enviado por móvil,4 comentarios,España
CordobaPatio,Escrito en 30 de mayo de 2023,"7,0",Marina,,la ducha estaba en medio dd la habitación. no habia puerta independiente de baño,Viaje de ocio | Persona que viaja sola | Cama en habitación compartida mixta de 10 camas | Estancia de 1 noche | Enviado por móvil,,
CordobaPatio,Escrito en 21 de mayo de 2023,"7,0",Tulio,Limpieza.,Buena ubicación e instalaciones.,Viaje de ocio | Persona que viaja sola | Cama en habitación compartida mixta de 8 camas | Estancia de 2 noches | Enviado por móvil,34 comentarios,España
CordobaPatio,Escrito en 20 de mayo de 2023,"7,0",4,,La ubicación,Viaje de ocio | Persona que viaja sola | Cama en habitación compartida mixta de 10 camas | Estancia de 1 noche | Enviado por móvil,,
CordobaPatio,Escrito en 7 de mayo de 2023,"7,0",Piuma,"Lo veo caro para ser un hostel, que también cobra las toallas e incluso candados para taquillas. Además  faltaban algunos accesorios como papelera, ya que la del baño estaba llena y no la vaciaban cada día o toalleros para colgar las toallas húmedas, o que el papel higiénico no te lo dejaran en el suelo de la puerta, sino en una cestita por ejemplo. Pequeñas cositas que seguro se pueden mejorar :)",El desayuno bastante bien. La ubicación perfecta y bastante limpio todo.,Viaje de ocio | Persona que viaja sola | Cama en habitación compartida con 4 camas | Estancia de 2 noches | Enviado por móvil,5 comentarios,España
CordobaPatio,Escrito en 6 de mayo de 2023,"7,0",Simon,La puerta del baño arruinada no se cerrò facilmente.,Acceso traves de móvil sin complicaciones.,Viaje de ocio | Persona que viaja sola | Cama en habitación compartida mixta de 8 camas | Estancia de 3 noches | Enviado por móvil,64 comentarios,Italia
CordobaPatio,Escrito en 5 de mayo de 2023,"7,0",Elena,Para ser habitación doble era muy pequeña. Tuve que echar la maleta al suelo para poderme organizar y no manchar la cama. No había un espejo para verse entera.,El desayuno excelente. La ubicación muy buena.,Viaje de ocio | Persona que viaja sola | Habitación Doble | Estancia de 3 noches | Enviado por móvil,6 comentarios,España
CordobaPatio,Escrito en 29 de abril de 2023,"5,0",Alberto,"Sinceramente no me quedo claro que era un hostel, teniendo familia de 4, no es cómodo para nosotros, no era lo que buscábamos, por ello abandonamos el hospedaje horas después.","La ubicación y su personal... Borja, excelente atención.",Viaje de ocio | Pareja | Habitación Cuádruple con baño privado | Estancia de 3 noches | Enviado por móvil,35 comentarios,Argentina
CordobaPatio,Escrito en 26 de abril de 2023,"7,0",Jiménez,La ubicación,Me costó mucho dar con la ubicación,Viaje de ocio | Persona que viaja sola | Cama en habitación compartida mixta de 10 camas | Estancia de 1 noche | Enviado por móvil,7 comentarios,España
CordobaPatio,Escrito en 20 de abril de 2023,"1,0",Sl,"No he podido alojarme por no encontrar parking en la zona, muy muy difícil un parking estuve hora y media buscando donde aparcar, estaba agotada. 
Cuando pregunté me dijeran de un parking pago que mencionan en la oferta, pero esta a casi 1km del hotel. 
¿Cómo se puede ir cargando maletas? 
Envíe un email en el mismo día solicitando la anulación. No la aceptarán, y cobrarán igual. 
Les llamé y poco les importa perder un cliente. No recomiendo, hay más personas que escribieran notas que han tenido problemas similares.
 Les gusta dificultar la estancia, para luego cobrar sin recibir el huéspedes. Booking debería mirar eso con lupa.",,Viaje de negocios | Persona que viaja sola | Cama en habitación compartida mixta de 8 camas | Estancia de 1 noche | Enviado por móvil,73 comentarios,España
CordobaPatio,Escrito en 20 de abril de 2023,"7,0",Paolo,"-He encontrado muy estresante el proceso de check-in. Todo es electronico sin presencia de personal.  Cuando voy de vacaciones no me gusta estresarme con descarga de aplicaciones, contraseñas, códigos por recordar, formulario por rellenar. Aqui hay que hacer todo esto para entrar en el alojamiento. Luego hay que tener el movil siempre en la mano para entrar y salir. Evitar el alojamiento si no tienes confianza con la tecnología. 
-el precio de la estancia debería reflejar la ausencia física de personal de recepción. Al alojamiento le cuesta menos una recepción virtual que una física.  El precio es igual que los otros alojamientos y incluso más  caro.
-No hay una verdadera cocina que para mi es muy necesaria en un hostel. Hay un microondas y un fregadero en el primer piso (no esta bien señalado). Hay platos y cobiertos en el comedor del bar en la planta baja. Para nada cómodo.  No hay nevera (se puede pedir en el bar si te hacen el favor de guardar cosas en su nevera).
- el lavamanos está dentro de la misma habitación.  podría ser molesto si uno se cepilla los dientes mientras otro duerme.
-la ducha falta de privacidad.  La puerta de la misma es transparente aunque está opacada en la parte central. Además no hay pestillo para encerrarse dentro.
-Te cobran 5 euros si quieres dejar la maleta después  del checkout y incluso antes del check-in. En mi opinión es algo abusivo.",Limpieza. Las instalaciones modernas. El patio con los columpios,Viaje de ocio | Persona que viaja sola | Cama en habitación compartida mixta de 8 camas | Estancia de 2 noches | Enviado por móvil,117 comentarios,España
CordobaPatio,Escrito en 19 de abril de 2023,"6,0",Hanna,"tenias que hacer el trabajo del recepcionista de hotel dándote el check in y el check out lo cual me disgustó bastante de entrada
para conseguir una toalla era mas fácil aprender a montar un dragón 
se escuchaba muchísimo ruido desde la calle
y me tocó un vecino de cama acosador por si era poco y otro que roncaba muchísimo , asique directamente ni dormí , la ducha transparente era muy inquietante porque no sabias si te estaban viendo mientras te duchabas, me tuve que duchar con la ropa interior puesta por ello",me gustó el patio era muy chill,Persona que viaja sola | Cama en habitación compartida mixta de 8 camas | Estancia de 1 noche | Enviado por móvil,8 comentarios,España
CordobaPatio,Escrito en 14 de abril de 2023,"1,0",Juan,QUE HUBIERAN DADO POSIBILIDADES DE CAMBIAR LA FECHA O DE PODER ESTAR EN UNA HABITACION DONDE PODRIAN ESRTAR MIS MASCOTAS,EL ESTABLECIMIENTO MIENTE CON RESPECTO AL PODER ACEPTAR MASCOTAS. TRAS IR TUVE QUE PASAR LA NOCHE EN EL COCHE PORQUE ME PUSIERON EN UNA HABITACION COMPARTIDA POR NO DEJAR A MIS MASCOTAS ABANDONADAS EN MI VEHICULO,Viaje de ocio | Persona que viaja sola | Cama en habitación compartida mixta de 10 camas | Estancia de 1 noche,3 comentarios,España
CordobaPatio,Escrito en 11 de abril de 2023,"6,0",Sergi,"No hay cortina en las camas compartidas. Es muy importante poder tener intimidad. Hubiese estado mejor con más comodidades en la cama: estanteria, espacio final de la cama para dejar las cosas… el enchufe en la parte de la cabeza te limita mucho espacio.","muy bonito, en pleno centro. La verdad que es un sitio de 10 para poder hospedarte unos días.",Viaje de ocio | Persona que viaja sola | Cama en habitación compartida mixta de 10 camas | Estancia de 1 noche | Enviado por móvil,8 comentarios,España
CordobaPatio,Escrito en 10 de abril de 2023,"6,0",Sara,Colchones baratos sin protectores. Zumo artificial,El diseño.de los espacios.,Viaje de ocio | Familia con niños pequeños | Habitación Familiar Estándar | Estancia de 1 noche | Enviado por móvil,2 comentarios,España
CordobaPatio,Escrito en 8 de abril de 2023,"4,0",Jose,"Las fotos de la habitación no se correspondía con la oferta, era muchísimo más pequeño",La ubicación,Viaje de ocio | Grupo de amigos | Habitación Cuádruple con baño privado | Estancia de 2 noches | Enviado por móvil,4 comentarios,España
CordobaPatio,Escrito en 27 de marzo de 2023,"7,0",Miguel,El desayuno no esta incluido en el precio.,Buena ubicacion,Viaje de ocio | Familia con niños pequeños | Habitación Cuádruple con baño privado | Estancia de 1 noche,2 comentarios,España
CordobaPatio,Escrito en 24 de marzo de 2023,"2,0",Bojel,"El servicio. 
Tuve la mala suerte de coincidir con un grupo que claro se lleva TODA la atención ya que es una fuente de ingresos mayor que el que una pérdida en particular puede aportar,;
- Tuve que esperar 45 minutos para poder coger un lugar para desayunar en medio del ruido increíble de niños y jóvenes
- Tuve que esperar el mismo tiempo o más para poder ordenar una cena con el inconveniente de que ya no habían platos que se indicaban en el menú porque sencillamente se habían acabado. Hay algo que debo resaltar, los chicos que trabajan allí se portaron MIY BIEN. 
- Cuando pregunto si hay algún lugar donde pueda calentar o dejar algún yugurt en alguna nevera me dicen que si hay pero no las puedo usar porque están ocupadas por el ""grupo"". En last noches el ruido era muy fuerte porque el grupo estaban en sus horas de ocio,  juegos y algarabilla
- La luz de mi habitación en el término de unas horas de fue 5 veces y tomé un video como prueba de ello, con el añadido que podía haber dañado cualquier apartado electrónico que pudiéramos estar recargando
- Al final, tenía unas visitas pendientes la mañana que me iba y solicité dejar mi equipaje: una mochila MEDIANA  para entrar a los museos que intentaba visitar ya que mi partida de Córdoba era al mediodía y me dijeron que si pero debía pagar extra.  Eso no se ve en ningún hostal y más sencillos y menos modernos
La conclusión
La CALIDAD no es lo que se quiere aparentar ni lo moderno que se quiere ser lo que realmente diferencia es ir más allá en el servicio al que hace posible estos negocios prosperen: EL CLIENTE
No lo recomendaré porque me pareció muy mal y gracias a este gesto no pude entrar a día museos por llevar mi mochila",Las instalaciones son modernas y el patio de ocio y descanso muy bonito. Tiene los elementos para relajarte o simplemente sentarte a leer un libro o trabajar en tu ordenador,Viaje de ocio | Persona que viaja sola | Cama en habitación compartida mixta de 10 camas | Estancia de 2 noches | Enviado por móvil,13 comentarios,España
CordobaPatio,Escrito en 23 de marzo de 2023,"6,0",Leandro,En la descripción decía parking. Y finalmente no tenía. Tuvimos que dejar el coche a 15 minutos de distancia caminando.,,Viaje de ocio | Grupo de amigos | Habitación Cuádruple con baño privado | Estancia de 1 noche | Enviado por móvil,36 comentarios,Argentina
CordobaPatio,Escrito en 20 de marzo de 2023,"5,0",Sergi,El desayuno muy flojo. Sólo vale el café. De embutidos sólo tienen jamón dulce. Y de bollería solo croissant de esos de bollería industrial. Más vale desayunar fuera.,"El lugar está muy bien. El problema para mi. Es un lugar para gente joven. Quiero decir, es como un albergue pues tiene habitaciones para 5o 6 Px. A mi me costó 95 euros por día. Cierto es que  tuve una habitación para 2 Px. Para mi un poco pequeña. Y el precio alto. Tema desayuno no merece la pena desayunar aquí. Solo vale la pena el café. De embutido solo jamón dulce,nada más. Croissant el típico de bollería industrial. Lo dicho mejor desayunar fuera. Lo que el lugar eso sí  un 10.",Viaje de ocio | Pareja | Habitación Doble | Estancia de 2 noches | Enviado por móvil,65 comentarios,España
CordobaPatio,Escrito en 13 de marzo de 2023,"2,0",Carmen,Limpieza muy deficiente. Además los baños están dentro de la habitación compartida así que todos los olores también. Pero sobretodo la limpieza empezando por las sabanas y acabando por el baño / duchas,Me gusto que el personal que era amable y los exteriores bonitos,Persona que viaja sola | Cama en habitación compartida mixta de 10 camas | Estancia de 2 noches | Enviado por móvil,7 comentarios,España
CordobaPatio,Escrito en 12 de marzo de 2023,"5,0",Raquel,"El baño , la habitación cuádruple es pequeña",El patio central es muy bonito,Viaje de ocio | Grupo de amigos | Habitación Cuádruple con baño privado | Estancia de 1 noche | Enviado por móvil,5 comentarios,España
CordobaPatio,Escrito en 9 de marzo de 2023,"4,0",Petrafernandez,"Las habitaciones compartidas, no tienen un espacio suficiente, por debajo incluso del mínimo. Están sin ventilación y solo un baño pequeñísimo para ocho personas.",Es nuevo y el patio agradable.,Viaje de ocio | Persona que viaja sola | Cama Individual en habitación compartida femenina | Estancia de 3 noches | Enviado por móvil,33 comentarios,España
CordobaPatio,Escrito en 6 de marzo de 2023,"7,0",Sofia,"El desayuno es muy escaso, no hay opciones. No vale la pena pagarlo por el precio.
Las habitaciones son muy pequeñas.",Las instalaciones son muy lindas y está muy limpio,Viaje de ocio | Persona que viaja sola | Cama Individual en habitación compartida femenina | Estancia de 2 noches | Enviado por móvil,13 comentarios,Argentina
CordobaPatio,Escrito en 24 de septiembre de 2025,"9,0",Sergio,,,Viaje de ocio | Persona que viaja sola | Cama en habitación compartida mixta de 8 camas | Estancia de 1 noche | Enviado por móvil,,
CordobaPatio,Escrito en 24 de septiembre de 2025,"9,0",Sergio,,,Viaje de ocio | Persona que viaja sola | Cama en habitación compartida mixta de 10 camas | Estancia de 1 noche | Enviado por móvil,,
CordobaPatio,Escrito en 22 de septiembre de 2025,10,Bruno,,,Viaje de negocios | Persona que viaja sola | Cama en habitación compartida mixta de 10 camas | Estancia de 1 noche | Enviado por móvil,,
CordobaPatio,Escrito en 21 de septiembre de 2025,"9,0",José,,,Viaje de ocio | Persona que viaja sola | Cama en habitación compartida mixta de 8 camas | Estancia de 2 noches,,
CordobaPatio,Escrito en 19 de septiembre de 2025,"8,0",Pardillo,,,Viaje de ocio | Pareja | Habitación Familiar Estándar | Estancia de 2 noches | Enviado por móvil,,
CordobaPatio,Escrito en 19 de septiembre de 2025,10,Maikel,,,Persona que viaja sola | Cama en habitación compartida mixta de 8 camas | Estancia de 1 noche | Enviado por móvil,,
CordobaPatio,Escrito en 13 de septiembre de 2025,"8,0",Carlos,,,Viaje de ocio | Persona que viaja sola | Cama en habitación compartida mixta de 8 camas | Estancia de 1 noche | Enviado por móvil,,
CordobaPatio,Escrito en 8 de septiembre de 2025,10,Víctoria,,,Viaje de negocios | Persona que viaja sola | Cama en habitación compartida mixta de 10 camas | Estancia de 3 noches | Enviado por móvil,,
CordobaPatio,Escrito en 30 de agosto de 2025,"9,0",André,,,Viaje de ocio | Persona que viaja sola | Cama en habitación compartida mixta de 10 camas | Estancia de 1 noche | Enviado por móvil,,
CordobaPatio,Escrito en 29 de agosto de 2025,10,David,,,Viaje de ocio | Familia con niños pequeños | Habitación Familiar Estándar | Estancia de 1 noche | Enviado por móvil,,
CordobaPatio,Escrito en 28 de agosto de 2025,10,Marta,,,Viaje de ocio | Familia con niños pequeños | Habitación Familiar Estándar | Estancia de 1 noche,,
CordobaPatio,Escrito en 27 de agosto de 2025,"8,0",Lorena,,,Viaje de ocio | Familia con niños pequeños | Habitación Cuádruple con baño privado | Estancia de 1 noche | Enviado por móvil,,
CordobaPatio,Escrito en 27 de agosto de 2025,"8,0",Fernando,,,Viaje de ocio | Familia con niños pequeños | Habitación Familiar con baño privado | Estancia de 1 noche | Enviado por móvil,,
CordobaPatio,Escrito en 26 de agosto de 2025,10,Laura,,,Persona que viaja sola | Cama en habitación compartida mixta de 10 camas | Estancia de 2 noches | Enviado por móvil,,
CordobaPatio,Escrito en 24 de agosto de 2025,"8,0",Caro,,,Persona que viaja sola | Cama en habitación compartida mixta de 10 camas | Estancia de 2 noches | Enviado por móvil,,
CordobaPatio,Escrito en 24 de agosto de 2025,10,Lorena,,,Viaje de ocio | Persona que viaja sola | Habitación Cuádruple con baño privado | Estancia de 1 noche | Enviado por móvil,,
CordobaPatio,Escrito en 23 de agosto de 2025,"9,0",Joan,,,Viaje de ocio | Familia con niños pequeños | Habitación Familiar Estándar | Estancia de 4 noches | Enviado por móvil,,
CordobaPatio,Escrito en 20 de agosto de 2025,"9,0",Merche,,,Viaje de ocio | Grupo de amigos | Habitación Cuádruple con baño privado | Estancia de 1 noche | Enviado por móvil,,
CordobaPatio,Escrito en 20 de agosto de 2025,10,Javier,,,Viaje de ocio | Persona que viaja sola | Cama en habitación compartida mixta de 10 camas | Estancia de 2 noches | Enviado por móvil,,
CordobaPatio,Escrito en 20 de agosto de 2025,10,Francisco,,,Viaje de ocio | Persona que viaja sola | Cama en habitación compartida mixta de 10 camas | Estancia de 1 noche | Enviado por móvil,,
CordobaPatio,Escrito en 19 de agosto de 2025,"8,0",Cristina,,,Viaje de ocio | Grupo | Habitación Familiar con baño privado | Estancia de 1 noche,,
CordobaPatio,Escrito en 18 de agosto de 2025,10,Beñat,,,Viaje de ocio | Grupo | Habitación Familiar con baño privado | Estancia de 1 noche | Enviado por móvil,,
CordobaPatio,Escrito en 18 de agosto de 2025,"8,0",Nati,,,Viaje de ocio | Familia con niños pequeños | Habitación Cuádruple con baño privado | Estancia de 1 noche | Enviado por móvil,,
CordobaPatio,Escrito en 17 de agosto de 2025,10,Susana,,,Viaje de ocio | Familia con niños pequeños | Habitación Familiar Estándar | Estancia de 1 noche | Enviado por móvil,,
CordobaPatio,Escrito en 17 de agosto de 2025,10,Maria,,,Viaje de ocio | Familia con niños pequeños | Habitación Familiar Estándar | Estancia de 1 noche | Enviado por móvil,,
CordobaPatio,Escrito en 13 de mayo de 2025,"8,0",Dias,,,Viaje de negocios | Persona que viaja sola | Cama en habitación compartida con 4 camas | Estancia de 5 noches | Enviado por móvil,,
CordobaPatio,Escrito en 12 de mayo de 2025,10,Thomas,,,Persona que viaja sola | Cama en habitación compartida mixta de 8 camas | Estancia de 1 noche | Enviado por móvil,,
CordobaPatio,Escrito en 12 de mayo de 2025,"9,0",Maria,,,Viaje de ocio | Persona que viaja sola | Cama en habitación compartida mixta de 10 camas | Estancia de 2 noches,,
CordobaPatio,Escrito en 8 de mayo de 2025,"9,0",Raul,,,Viaje de ocio | Persona que viaja sola | Cama en habitación compartida mixta de 10 camas | Estancia de 2 noches | Enviado por móvil,,
CordobaPatio,Escrito en 6 de mayo de 2025,10,Andrea,,,Viaje de ocio | Grupo | Habitación Familiar con baño privado | Estancia de 1 noche | Enviado por móvil,,
CordobaPatio,Escrito en 2 de mayo de 2025,"8,0",Julia,,,Viaje de ocio | Persona que viaja sola | Cama en habitación compartida mixta de 10 camas | Estancia de 1 noche | Enviado por móvil,,
CordobaPatio,Escrito en 29 de abril de 2025,10,Marcos,,,Viaje de ocio | Persona que viaja sola | Cama en habitación compartida mixta de 10 camas | Estancia de 1 noche | Enviado por móvil,,
CordobaPatio,Escrito en 25 de abril de 2025,"9,0",Pérez,,,Viaje de ocio | Grupo de amigos | Cama en habitación compartida mixta de 10 camas | Estancia de 3 noches | Enviado por móvil,,
CordobaPatio,Escrito en 24 de abril de 2025,"8,0",Isabela,,,Viaje de ocio | Persona que viaja sola | Cama Individual en habitación compartida femenina | Estancia de 2 noches | Enviado por móvil,,
CordobaPatio,Escrito en 18 de abril de 2025,10,Cervio,,,Viaje de ocio | Grupo de amigos | Cama en habitación compartida mixta de 10 camas | Estancia de 2 noches | Enviado por móvil,,
CordobaPatio,Escrito en 16 de abril de 2025,"9,0",Olga,,,Viaje de ocio | Grupo de amigos | Cama en habitación compartida con 4 camas | Estancia de 3 noches | Enviado por móvil,,
CordobaPatio,Escrito en 13 de abril de 2025,"9,0",Chari,,,Viaje de ocio | Familia con niños pequeños | Cama en habitación compartida mixta de 10 camas | Estancia de 1 noche | Enviado por móvil,,
CordobaPatio,Escrito en 13 de abril de 2025,"9,0",Narela,,,Viaje de ocio | Persona que viaja sola | Cama en habitación compartida mixta de 10 camas | Estancia de 1 noche | Enviado por móvil,,
CordobaPatio,Escrito en 30 de marzo de 2025,"8,0",Betzabe,,,Viaje de ocio | Familia con niños pequeños | Habitación Familiar con baño privado | Estancia de 2 noches | Enviado por móvil,,
CordobaPatio,Escrito en 30 de marzo de 2025,"9,0",Pimentel,,,Viaje de ocio | Grupo de amigos | Habitación Familiar con baño privado | Estancia de 1 noche | Enviado por móvil,,
CordobaPatio,Escrito en 28 de marzo de 2025,"8,0",Hernán,,,Viaje de ocio | Persona que viaja sola | Cama en habitación compartida mixta de 8 camas | Estancia de 2 noches | Enviado por móvil,,
CordobaPatio,Escrito en 24 de marzo de 2025,"8,0",Maria,,,Viaje de ocio | Persona que viaja sola | Cama en habitación compartida mixta de 10 camas | Estancia de 2 noches | Enviado por móvil,,
CordobaPatio,Escrito en 23 de marzo de 2025,10,Nerea,,,Viaje de ocio | Grupo de amigos | Habitación Familiar con baño privado | Estancia de 1 noche | Enviado por móvil,,
CordobaPatio,Escrito en 23 de marzo de 2025,10,Marta,,,Viaje de ocio | Grupo | Habitación Cuádruple con baño privado | Estancia de 1 noche | Enviado por móvil,,
CordobaPatio,Escrito en 23 de marzo de 2025,"9,0",Arcones,,,Viaje de ocio | Grupo de amigos | Cama en habitación compartida mixta de 10 camas | Estancia de 1 noche | Enviado por móvil,,
CordobaPatio,Escrito en 23 de marzo de 2025,10,Segura,,,Viaje de ocio | Grupo de amigos | Habitación Familiar con baño privado | Estancia de 2 noches | Enviado por móvil,,
CordobaPatio,Escrito en 22 de marzo de 2025,"9,0",Jesica,,,Familia con niños pequeños | Habitación Familiar Estándar | Estancia de 1 noche | Enviado por móvil,,
CordobaPatio,Escrito en 22 de marzo de 2025,10,Joan,,,Viaje de ocio | Pareja | Habitación Familiar Estándar | Estancia de 2 noches | Enviado por móvil,,
CordobaPatio,Escrito en 16 de marzo de 2025,10,Belen,,,Viaje de ocio | Grupo | Habitación Cuádruple con baño privado | Estancia de 2 noches | Enviado por móvil,,
CordobaPatio,Escrito en 15 de marzo de 2025,"8,0",Angela,,,Persona que viaja sola | Cama Individual en habitación compartida femenina | Estancia de 2 noches | Enviado por móvil,,
CordobaPatio,Escrito en 26 de noviembre de 2024,10,Mansilla,,,Viaje de ocio | Persona que viaja sola | Cama en habitación compartida mixta de 8 camas | Estancia de 2 noches | Enviado por móvil,,
CordobaPatio,Escrito en 26 de noviembre de 2024,10,Jorge,,,Viaje de ocio | Familia con niños pequeños | Habitación Familiar Estándar | Estancia de 2 noches,,
CordobaPatio,Escrito en 23 de noviembre de 2024,"9,0",Natalia,,,Viaje de ocio | Persona que viaja sola | Cama en habitación compartida mixta de 10 camas | Estancia de 2 noches | Enviado por móvil,,
CordobaPatio,Escrito en 17 de noviembre de 2024,"8,0",Vanesa,,,Viaje de ocio | Familia con niños pequeños | Habitación Familiar con baño privado | Estancia de 1 noche | Enviado por móvil,,
CordobaPatio,Escrito en 17 de noviembre de 2024,10,Plaza,,,Grupo de amigos | Habitación Familiar Estándar | Estancia de 2 noches | Enviado por móvil,,
CordobaPatio,Escrito en 12 de noviembre de 2024,"9,0",Catalina,,,Viaje de ocio | Persona que viaja sola | Cama Individual en habitación compartida femenina | Estancia de 2 noches | Enviado por móvil,,
CordobaPatio,Escrito en 7 de noviembre de 2024,"9,0",Leonardo,,,Viaje de ocio | Persona que viaja sola | Cama en habitación compartida mixta de 10 camas | Estancia de 3 noches | Enviado por móvil,,
CordobaPatio,Escrito en 6 de noviembre de 2024,10,Rosa,,,Viaje de ocio | Familia con niños pequeños | Habitación Familiar Estándar | Estancia de 2 noches | Enviado por móvil,,
CordobaPatio,Escrito en 4 de noviembre de 2024,"9,0",Alvaro,,,Viaje de ocio | Persona que viaja sola | Cama en habitación compartida mixta de 10 camas | Estancia de 2 noches | Enviado por móvil,,
CordobaPatio,Escrito en 4 de noviembre de 2024,10,Hugo,,,Viaje de ocio | Grupo | Cama en habitación compartida mixta de 10 camas | Estancia de 1 noche | Enviado por móvil,,
CordobaPatio,Escrito en 4 de noviembre de 2024,"8,0",Joséorus,,,Viaje de ocio | Persona que viaja sola | Cama en habitación compartida con 4 camas | Estancia de 1 noche | Enviado por móvil,,
CordobaPatio,Escrito en 3 de noviembre de 2024,10,Pedro,,,Viaje de ocio | Persona que viaja sola | Habitación Familiar Estándar | Estancia de 2 noches | Enviado por móvil,,
CordobaPatio,Escrito en 3 de noviembre de 2024,"9,0",Andrea,,,Viaje de ocio | Persona que viaja sola | Cama en habitación compartida mixta de 8 camas | Estancia de 2 noches | Enviado por móvil,,
CordobaPatio,Escrito en 28 de octubre de 2024,"8,0",Ezequiel,,,Viaje de ocio | Persona que viaja sola | Cama en habitación compartida mixta de 10 camas | Estancia de 1 noche | Enviado por móvil,,
CordobaPatio,Escrito en 24 de octubre de 2024,"8,0",Lidiagc21,,,Viaje de ocio | Persona que viaja sola | Cama en habitación compartida con 4 camas | Estancia de 1 noche,,
CordobaPatio,Escrito en 21 de octubre de 2024,"8,0",Victor,,,Viaje de ocio | Persona que viaja sola | Cama en habitación compartida mixta de 8 camas | Estancia de 2 noches | Enviado por móvil,,
CordobaPatio,Escrito en 18 de octubre de 2024,"9,0",Jordi,,,Viaje de ocio | Grupo | Habitación Familiar con baño privado | Estancia de 1 noche,,
CordobaPatio,Escrito en 16 de octubre de 2024,10,Jordi,,,Viaje de ocio | Persona que viaja sola | Habitación Familiar Estándar | Estancia de 1 noche,,
CordobaPatio,Escrito en 15 de octubre de 2024,10,Luis,,,Viaje de ocio | Persona que viaja sola | Cama en habitación compartida mixta de 10 camas | Estancia de 1 noche | Enviado por móvil,,
CordobaPatio,Escrito en 12 de octubre de 2024,10,Josefina,,,Viaje de ocio | Persona que viaja sola | Cama Individual en habitación compartida femenina | Estancia de 2 noches | Enviado por móvil,,
CordobaPatio,Escrito en 11 de octubre de 2024,10,Komal,,,Viaje de ocio | Grupo | Cama Individual en habitación compartida femenina | Estancia de 2 noches,,
CordobaPatio,Escrito en 11 de octubre de 2024,10,Amos,,,Viaje de ocio | Persona que viaja sola | Cama en habitación compartida mixta de 10 camas | Estancia de 1 noche | Enviado por móvil,,
CordobaPatio,Escrito en 9 de octubre de 2024,10,Maria,,,Viaje de ocio | Persona que viaja sola | Cama en habitación compartida mixta de 8 camas | Estancia de 5 noches | Enviado por móvil,,
CordobaPatio,Escrito en 8 de octubre de 2024,10,Andrea,,,Viaje de ocio | Persona que viaja sola | Cama en habitación compartida mixta de 10 camas | Estancia de 1 noche | Enviado por móvil,,
CordobaPatio,Escrito en 7 de octubre de 2024,10,Julia,,,Viaje de ocio | Grupo de amigos | Habitación Familiar Estándar | Estancia de 2 noches | Enviado por móvil,,
CordobaPatio,Escrito en 4 de junio de 2024,10,Mariano,,,Viaje de ocio | Persona que viaja sola | Cama en habitación compartida con 4 camas | Estancia de 3 noches | Enviado por móvil,,
CordobaPatio,Escrito en 2 de junio de 2024,"9,0",Isnardo,,,Viaje de ocio | Pareja | Habitación Cuádruple con baño privado | Estancia de 1 noche | Enviado por móvil,,
CordobaPatio,Escrito en 26 de mayo de 2024,"8,0",Manuel,,,Viaje de ocio | Grupo | Habitación Cuádruple con baño privado | Estancia de 2 noches | Enviado por móvil,,
CordobaPatio,Escrito en 21 de mayo de 2024,"9,0",Fernando,,,Viaje de ocio | Familia con niños pequeños | Habitación Familiar Estándar | Estancia de 2 noches | Enviado por móvil,,
CordobaPatio,Escrito en 19 de mayo de 2024,10,Soraya,,,Viaje de ocio | Persona que viaja sola | Cama en habitación compartida mixta de 8 camas | Estancia de 2 noches | Enviado por móvil,,
CordobaPatio,Escrito en 10 de mayo de 2024,10,Ana,,,Viaje de ocio | Pareja | Habitación Cuádruple con baño privado | Estancia de 1 noche | Enviado por móvil,,
CordobaPatio,Escrito en 5 de mayo de 2024,10,Mohammed,,,Viaje de ocio | Persona que viaja sola | Cama en habitación compartida mixta de 10 camas | Estancia de 2 noches | Enviado por móvil,,
CordobaPatio,Escrito en 4 de mayo de 2024,"8,0",Francesca,,,Viaje de ocio | Persona que viaja sola | Cama en habitación compartida mixta de 6 camas | Estancia de 1 noche | Enviado por móvil,,
CordobaPatio,Escrito en 1 de mayo de 2024,10,Sierra,,,Viaje de negocios | Persona que viaja sola | Cama en habitación compartida mixta de 8 camas | Estancia de 5 noches | Enviado por móvil,,
CordobaPatio,Escrito en 29 de abril de 2024,10,Maria,,,Viaje de ocio | Pareja | Habitación Familiar Estándar | Estancia de 2 noches | Enviado por móvil,,
CordobaPatio,Escrito en 28 de abril de 2024,10,Cleo,,,Viaje de ocio | Grupo | Cama en habitación compartida con 4 camas | Estancia de 1 noche | Enviado por móvil,,
CordobaPatio,Escrito en 24 de abril de 2024,"9,0",Matías,,,Viaje de ocio | Persona que viaja sola | Cama en habitación compartida mixta de 8 camas | Estancia de 1 noche | Enviado por móvil,,
CordobaPatio,Escrito en 24 de abril de 2024,10,Ezequiel,,,Viaje de ocio | Persona que viaja sola | Cama en habitación compartida mixta de 8 camas | Estancia de 3 noches | Enviado por móvil,,
CordobaPatio,Escrito en 22 de abril de 2024,"9,0",Nieves,,,Viaje de ocio | Grupo de amigos | Habitación Cuádruple con baño privado | Estancia de 1 noche | Enviado por móvil,,
CordobaPatio,Escrito en 20 de abril de 2024,10,Maria,,,Viaje de negocios | Persona que viaja sola | Cama en habitación compartida mixta de 10 camas | Estancia de 1 noche | Enviado por móvil,,
CordobaPatio,Escrito en 15 de abril de 2024,10,Belen,,,Viaje de ocio | Familia con niños pequeños | Habitación Familiar Estándar | Estancia de 2 noches | Enviado por móvil,,
CordobaPatio,Escrito en 10 de abril de 2024,10,Daniel,,,Viaje de ocio | Persona que viaja sola | Cama en habitación compartida mixta de 10 camas | Estancia de 2 noches | Enviado por móvil,,
CordobaPatio,Escrito en 5 de abril de 2024,10,Cristinamooral,,,Viaje de ocio | Persona que viaja sola | Cama Individual en habitación compartida femenina | Estancia de 1 noche | Enviado por móvil,,
CordobaPatio,Escrito en 4 de abril de 2024,10,Camila,,,Viaje de ocio | Persona que viaja sola | Cama en habitación compartida mixta de 10 camas | Estancia de 1 noche | Enviado por móvil,,
CordobaPatio,Escrito en 3 de abril de 2024,10,Enrique,,,Viaje de ocio | Familia con niños pequeños | Habitación Familiar Estándar | Estancia de 1 noche,,
CordobaPatio,Escrito en 28 de marzo de 2024,"9,0",Alicia,,,Viaje de ocio | Persona que viaja sola | Cama en habitación compartida mixta de 10 camas | Estancia de 2 noches | Enviado por móvil,,
CordobaPatio,Escrito en 23 de marzo de 2024,"8,0",Manuel,,,Viaje de ocio | Grupo de amigos | Habitación Familiar con baño privado | Estancia de 2 noches | Enviado por móvil,,
CordobaPatio,Escrito en 18 de marzo de 2024,10,José,,,Viaje de ocio | Grupo de amigos | Habitación Familiar con baño privado | Estancia de 1 noche | Enviado por móvil,,
CordobaPatio,Escrito en 17 de marzo de 2024,10,Ayrton,,,Viaje de ocio | Persona que viaja sola | Cama en habitación compartida mixta de 10 camas | Estancia de 1 noche,,
CordobaPatio,Escrito en 12 de marzo de 2024,10,Victoria,,,Viaje de ocio | Grupo de amigos | Habitación Cuádruple con baño privado | Estancia de 1 noche | Enviado por móvil,,
CordobaPatio,Escrito en 7 de noviembre de 2023,"9,0",Erica,,,Viaje de negocios | Persona que viaja sola | Cama en habitación compartida mixta de 10 camas | Estancia de 1 noche | Enviado por móvil,,
CordobaPatio,Escrito en 6 de noviembre de 2023,"9,0",Mohammed,,,Viaje de ocio | Persona que viaja sola | Cama en habitación compartida mixta de 10 camas | Estancia de 8 noches | Enviado por móvil,,
CordobaPatio,Escrito en 6 de noviembre de 2023,10,Maria,,,Viaje de ocio | Persona que viaja sola | Cama en habitación compartida mixta de 8 camas | Estancia de 1 noche | Enviado por móvil,,
CordobaPatio,Escrito en 1 de noviembre de 2023,"8,0",Omar,,,Viaje de ocio | Persona que viaja sola | Cama en habitación compartida mixta de 10 camas | Estancia de 1 noche | Enviado por móvil,,
CordobaPatio,Escrito en 31 de octubre de 2023,"8,0",Juan,,,Viaje de ocio | Persona que viaja sola | Cama en habitación compartida mixta de 10 camas | Estancia de 1 noche | Enviado por móvil,,
CordobaPatio,Escrito en 30 de octubre de 2023,10,Alejandro,,,Viaje de ocio | Persona que viaja sola | Cama en habitación compartida mixta de 8 camas | Estancia de 1 noche | Enviado por móvil,,
CordobaPatio,Escrito en 21 de octubre de 2023,"8,0",Sobrino,,,Viaje de ocio | Persona que viaja sola | Cama en habitación compartida mixta de 10 camas | Estancia de 3 noches | Enviado por móvil,,
CordobaPatio,Escrito en 20 de octubre de 2023,"9,0",Ibai,,,Viaje de ocio | Pareja | Habitación Familiar Estándar | Estancia de 2 noches | Enviado por móvil,,
CordobaPatio,Escrito en 19 de octubre de 2023,10,Fiorella,,,Viaje de ocio | Persona que viaja sola | Cama Individual en habitación compartida femenina | Estancia de 1 noche | Enviado por móvil,,
CordobaPatio,Escrito en 16 de octubre de 2023,10,Jesús,,,Viaje de ocio | Persona que viaja sola | Cama en habitación compartida mixta de 8 camas | Estancia de 1 noche | Enviado por móvil,,
CordobaPatio,Escrito en 15 de octubre de 2023,"8,0",Diego,,,Viaje de ocio | Familia con niños pequeños | Habitación Familiar Estándar | Estancia de 2 noches | Enviado por móvil,,
CordobaPatio,Escrito en 15 de octubre de 2023,"8,0",Soraya,,,Viaje de ocio | Persona que viaja sola | Cama en habitación compartida mixta de 10 camas | Estancia de 5 noches | Enviado por móvil,,
CordobaPatio,Escrito en 14 de octubre de 2023,"8,0",Cristina,,,Pareja | Habitación Familiar Estándar | Estancia de 2 noches | Enviado por móvil,,
CordobaPatio,Escrito en 6 de octubre de 2023,"9,0",Carlos,,,Viaje de ocio | Persona que viaja sola | Cama en habitación compartida mixta de 8 camas | Estancia de 2 noches | Enviado por móvil,,
CordobaPatio,Escrito en 5 de octubre de 2023,10,Schéhrazade,,,Viaje de negocios | Persona que viaja sola | Cama en habitación compartida mixta de 10 camas | Estancia de 2 noches | Enviado por móvil,,
CordobaPatio,Escrito en 2 de octubre de 2023,10,Francisca,,,Viaje de ocio | Persona que viaja sola | Cama en habitación compartida mixta de 10 camas | Estancia de 2 noches | Enviado por móvil,,
CordobaPatio,Escrito en 29 de septiembre de 2023,"9,0",V*,,,Viaje de ocio | Persona que viaja sola | Cama en habitación compartida mixta de 10 camas | Estancia de 2 noches | Enviado por móvil,,
CordobaPatio,Escrito en 22 de septiembre de 2023,"9,0",Judith,,,Viaje de ocio | Persona que viaja sola | Cama Individual en habitación compartida femenina | Estancia de 1 noche | Enviado por móvil,,
CordobaPatio,Escrito en 21 de septiembre de 2023,10,Catalina,,,Viaje de ocio | Persona que viaja sola | Cama en habitación compartida mixta de 10 camas | Estancia de 2 noches | Enviado por móvil,,
CordobaPatio,Escrito en 21 de septiembre de 2023,"8,0",Casarotti,,,Viaje de ocio | Persona que viaja sola | Cama en habitación compartida mixta de 8 camas | Estancia de 1 noche | Enviado por móvil,,
CordobaPatio,Escrito en 17 de septiembre de 2023,10,Lazaro,,,Viaje de ocio | Familia con niños pequeños | Habitación Familiar con baño privado | Estancia de 1 noche | Enviado por móvil,,
CordobaPatio,Escrito en 16 de septiembre de 2023,"8,0",Diego,,,Viaje de ocio | Grupo de amigos | Habitación Familiar Estándar | Estancia de 3 noches | Enviado por móvil,,
CordobaPatio,Escrito en 12 de septiembre de 2023,"9,0",Ïbrahîm,,,Persona que viaja sola | Cama en habitación compartida mixta de 8 camas | Estancia de 3 noches | Enviado por móvil,,
CordobaPatio,Escrito en 12 de septiembre de 2023,10,Angie,,,Viaje de ocio | Persona que viaja sola | Cama en habitación compartida mixta de 8 camas | Estancia de 1 noche | Enviado por móvil,,
CordobaPatio,Escrito en 11 de septiembre de 2023,10,Estefanía,,,Viaje de ocio | Familia con niños pequeños | Habitación Familiar Estándar | Estancia de 1 noche | Enviado por móvil,,
CordobaPatio,Escrito en 12 de junio de 2023,"9,0",Aranzzazzu,,,Viaje de ocio | Pareja | Habitación Familiar Estándar | Estancia de 1 noche | Enviado por móvil,,
CordobaPatio,Escrito en 11 de junio de 2023,10,Izaskun,,,Viaje de ocio | Persona que viaja sola | Cama en habitación compartida mixta de 8 camas | Estancia de 4 noches | Enviado por móvil,,
CordobaPatio,Escrito en 9 de junio de 2023,10,Javier,,,Viaje de ocio | Persona que viaja sola | Cama en habitación compartida mixta de 10 camas | Estancia de 4 noches | Enviado por móvil,,
CordobaPatio,Escrito en 5 de junio de 2023,"9,0",Ornella,,,Viaje de ocio | Persona que viaja sola | Cama en habitación compartida mixta de 10 camas | Estancia de 1 noche | Enviado por móvil,,
CordobaPatio,Escrito en 5 de junio de 2023,10,Jose,,,Viaje de ocio | Persona que viaja sola | Cama en habitación compartida mixta de 10 camas | Estancia de 1 noche | Enviado por móvil,,
CordobaPatio,Escrito en 4 de junio de 2023,10,Imasumu,,,Viaje de ocio | Grupo de amigos | Habitación Familiar con baño privado | Estancia de 1 noche | Enviado por móvil,,
CordobaPatio,Escrito en 2 de junio de 2023,"8,0",Amina,,,Viaje de ocio | Pareja | Habitación Familiar Estándar | Estancia de 1 noche | Enviado por móvil,,
CordobaPatio,Escrito en 29 de mayo de 2023,"8,0",Yolanda,,,Viaje de ocio | Persona que viaja sola | Cama en habitación compartida mixta de 10 camas | Estancia de 2 noches | Enviado por móvil,,
CordobaPatio,Escrito en 24 de mayo de 2023,"9,0",M,,,Viaje de ocio | Persona que viaja sola | Cama en habitación compartida mixta de 8 camas | Estancia de 1 noche | Enviado por móvil,,
CordobaPatio,Escrito en 21 de mayo de 2023,"9,0",Carme,,,Viaje de ocio | Persona que viaja sola | Cama en habitación compartida mixta de 10 camas | Estancia de 2 noches | Enviado por móvil,,
CordobaPatio,Escrito en 14 de mayo de 2023,10,Carlos,,,Viaje de ocio | Grupo | Habitación Cuádruple con baño privado | Estancia de 2 noches | Enviado por móvil,,
CordobaPatio,Escrito en 14 de mayo de 2023,"9,0",Sierra,,,Viaje de ocio | Persona que viaja sola | Cama Individual en habitación compartida femenina | Estancia de 1 noche | Enviado por móvil,,
CordobaPatio,Escrito en 13 de mayo de 2023,"8,0",Patiño,,,Viaje de ocio | Grupo de amigos | Cama en habitación compartida mixta de 10 camas | Estancia de 2 noches | Enviado por móvil,,
CordobaPatio,Escrito en 10 de mayo de 2023,"9,0",Mariel,,,Viaje de ocio | Persona que viaja sola | Cama Individual en habitación compartida femenina | Estancia de 1 noche,,
CordobaPatio,Escrito en 10 de mayo de 2023,10,Javier,,,Viaje de ocio | Persona que viaja sola | Cama en habitación compartida mixta de 8 camas | Estancia de 2 noches | Enviado por móvil,,
CordobaPatio,Escrito en 3 de mayo de 2023,10,Maximiliano,,,Viaje de ocio | Persona que viaja sola | Cama en habitación compartida mixta de 10 camas | Estancia de 2 noches | Enviado por móvil,,
CordobaPatio,Escrito en 3 de mayo de 2023,10,Tache,,,Viaje de ocio | Familia con niños pequeños | Habitación Cuádruple con baño privado | Estancia de 1 noche | Enviado por móvil,,
CordobaPatio,Escrito en 1 de mayo de 2023,"8,0",Cristian_kny,,,Viaje de ocio | Familia con niños pequeños | Habitación Cuádruple con baño privado | Estancia de 2 noches | Enviado por móvil,,
CordobaPatio,Escrito en 1 de mayo de 2023,"9,0",Sergio,,,Viaje de negocios | Persona que viaja sola | Cama en habitación compartida mixta de 8 camas | Estancia de 1 noche | Enviado por móvil,,
CordobaPatio,Escrito en 29 de abril de 2023,"9,0",Marylen,,,Viaje de ocio | Grupo de amigos | Habitación Familiar con baño privado | Estancia de 1 noche | Enviado por móvil,,
CordobaPatio,Escrito en 28 de abril de 2023,"8,0",Tardones,,,Viaje de ocio | Persona que viaja sola | Cama en habitación compartida mixta de 10 camas | Estancia de 4 noches | Enviado por móvil,,
CordobaPatio,Escrito en 28 de abril de 2023,10,Elena,,,Viaje de ocio | Persona que viaja sola | Cama Individual en habitación compartida femenina | Estancia de 1 noche | Enviado por móvil,,
CordobaPatio,Escrito en 28 de abril de 2023,10,Lopez,,,Viaje de ocio | Pareja | Habitación Doble | Estancia de 1 noche | Enviado por móvil,,
CordobaPatio,Escrito en 24 de abril de 2023,"9,0",Jenni,,,Viaje de ocio | Grupo de amigos | Habitación Familiar Estándar | Estancia de 1 noche | Enviado por móvil,,
CordobaPatio,Escrito en 17 de abril de 2023,10,Antonio,,,Viaje de ocio | Grupo de amigos | Habitación Familiar con baño privado | Estancia de 1 noche | Enviado por móvil,,
CordobaPatio,Escrito en 2 de enero de 2023,"9,0",Antonio,,,Grupo de amigos | Habitación Familiar con baño privado | Estancia de 1 noche | Enviado por móvil,,
CordobaPatio,Escrito en 2 de enero de 2023,"9,0",Isabel,,,Viaje de ocio | Familia con niños pequeños | Habitación Cuádruple con baño privado | Estancia de 1 noche,,
CordobaPatio,Escrito en 2 de enero de 2023,"8,0",S,,,Viaje de ocio | Grupo | Habitación Familiar con baño privado | Estancia de 1 noche,,
CordobaPatio,Escrito en 16 de diciembre de 2025,"7,0",Daniel,,,Viaje de ocio | Persona que viaja sola | Cama en habitación compartida mixta de 10 camas | Estancia de 1 noche,,
CordobaPatio,Escrito en 11 de diciembre de 2025,"1,0",Domingo,,,Viaje de ocio | Persona que viaja sola | Cama en habitación compartida mixta de 10 camas | Estancia de 1 noche | Enviado por móvil,,
CordobaPatio,Escrito en 11 de diciembre de 2025,"1,0",Domingo,,,Viaje de ocio | Persona que viaja sola | Cama en habitación compartida mixta de 8 camas | Estancia de 2 noches | Enviado por móvil,,
CordobaPatio,Escrito en 2 de diciembre de 2025,"7,0",Monclús,,,Viaje de ocio | Familia con niños pequeños | Habitación Cuádruple con baño privado | Estancia de 1 noche | Enviado por móvil,,
CordobaPatio,Escrito en 24 de noviembre de 2025,"6,0",Javier,,,Viaje de ocio | Persona que viaja sola | Cama en habitación compartida mixta de 8 camas | Estancia de 4 noches | Enviado por móvil,,
CordobaPatio,Escrito en 12 de noviembre de 2025,"7,0",M,,,Viaje de ocio | Pareja | Habitación Familiar Estándar | Estancia de 1 noche | Enviado por móvil,,
CordobaPatio,Escrito en 9 de noviembre de 2025,"7,0",Daniel,,,Persona que viaja sola | Cama en habitación compartida mixta de 10 camas | Estancia de 2 noches | Enviado por móvil,,
CordobaPatio,Escrito en 13 de octubre de 2025,"7,0",Juan,,,Viaje de negocios | Persona que viaja sola | Cama en habitación compartida mixta de 10 camas | Estancia de 2 noches | Enviado por móvil,,
CordobaPatio,Escrito en 7 de octubre de 2025,"5,0",Carlos,,,Viaje de negocios | Persona que viaja sola | Cama en habitación compartida mixta de 10 camas | Estancia de 1 noche | Enviado por móvil,,
CordobaPatio,Escrito en 5 de octubre de 2025,"7,0",Alba,,,Viaje de negocios | Persona que viaja sola | Cama en habitación compartida mixta de 10 camas | Estancia de 2 noches | Enviado por móvil,,
CordobaPatio,Escrito en 25 de septiembre de 2025,"7,0",Idriss,,,Viaje de ocio | Persona que viaja sola | Cama en habitación compartida mixta de 10 camas | Estancia de 1 noche,,
CordobaPatio,Escrito en 13 de septiembre de 2025,"6,0",Carlos,,,Viaje de ocio | Persona que viaja sola | Cama en habitación compartida mixta de 10 camas | Estancia de 1 noche | Enviado por móvil,,
CordobaPatio,Escrito en 12 de septiembre de 2025,"7,0",Carlos,,,Persona que viaja sola | Cama en habitación compartida mixta de 10 camas | Estancia de 1 noche | Enviado por móvil,,
CordobaPatio,Escrito en 1 de septiembre de 2025,"7,0",De,,,Viaje de ocio | Familia con niños pequeños | Habitación Familiar Estándar | Estancia de 2 noches | Enviado por móvil,,
CordobaPatio,Escrito en 18 de agosto de 2025,"7,0",Pilar,,,Viaje de ocio | Familia con niños pequeños | Habitación Familiar Estándar | Estancia de 1 noche | Enviado por móvil,,
CordobaPatio,Escrito en 17 de agosto de 2025,"1,0",Jose,,,Viaje de ocio | Familia con niños pequeños | Habitación Cuádruple con baño privado | Estancia de 1 noche | Enviado por móvil,,
CordobaPatio,Escrito en 17 de agosto de 2025,"7,0",Mouali,,,Viaje de ocio | Persona que viaja sola | Cama en habitación compartida mixta de 6 camas | Estancia de 1 noche | Enviado por móvil,,
CordobaPatio,Escrito en 13 de agosto de 2025,"5,0",Sebastián,,,Persona que viaja sola | Cama en habitación compartida mixta de 10 camas | Estancia de 1 noche | Enviado por móvil,,
CordobaPatio,Escrito en 6 de agosto de 2025,"7,0",Oier,,,Viaje de ocio | Persona que viaja sola | Cama en habitación compartida mixta de 10 camas | Estancia de 2 noches | Enviado por móvil,,
CordobaPatio,Escrito en 8 de julio de 2025,"6,0",Susana,,,Viaje de ocio | Familia con niños pequeños | Habitación Familiar con baño privado | Estancia de 1 noche | Enviado por móvil,,
CordobaPatio,Escrito en 1 de julio de 2025,"7,0",Susana,,,Viaje de ocio | Pareja | Habitación Cuádruple con baño privado | Estancia de 2 noches | Enviado por móvil,,
CordobaPatio,Escrito en 8 de junio de 2025,"5,0",Paloma,,,Viaje de ocio | Grupo | Habitación Familiar Estándar | Estancia de 2 noches | Enviado por móvil,,
CordobaPatio,Escrito en 22 de junio de 2023,"7,0",Ana,,,Viaje de ocio | Persona que viaja sola | Cama en habitación compartida mixta de 10 camas | Estancia de 1 noche | Enviado por móvil,,
CordobaPatio,Escrito en 20 de junio de 2023,"7,0",Amex,,,Viaje de ocio | Persona que viaja sola | Cama en habitación compartida mixta de 10 camas | Estancia de 1 noche | Enviado por móvil,,
CordobaPatio,Escrito en 18 de junio de 2023,"7,0",Florencio,,,Viaje de negocios | Persona que viaja sola | Cama en habitación compartida mixta de 8 camas | Estancia de 2 noches | Enviado por móvil,,
CordobaPatio,Escrito en 21 de mayo de 2023,"7,0",Tania,,,Viaje de ocio | Grupo | Habitación Cuádruple con baño privado | Estancia de 2 noches | Enviado por móvil,,
CordobaPatio,Escrito en 2 de mayo de 2023,"5,0",Alvaro,,,Pareja | Habitación Familiar Estándar | Estancia de 2 noches | Enviado por móvil,,
CordobaPatio,Escrito en 28 de abril de 2023,"7,0",Natalia,,,Viaje de ocio | Persona que viaja sola | Cama en habitación compartida mixta de 10 camas | Estancia de 1 noche | Enviado por móvil,,
CordobaPatio,Escrito en 11 de abril de 2023,"1,0",Humberto,,,Viaje de ocio | Persona que viaja sola | Cama en habitación compartida con 4 camas | Estancia de 1 noche | Enviado por móvil,,
CordobaPatio,Escrito en 10 de abril de 2023,"1,0",Daniel,,,Viaje de ocio | Grupo | Habitación Familiar con baño privado | Estancia de 3 noches | Enviado por móvil,,
CordobaPatio,Escrito en 9 de abril de 2023,"6,0",Humberto,,,Viaje de ocio | Persona que viaja sola | Cama en habitación compartida mixta de 8 camas | Estancia de 1 noche | Enviado por móvil,,
CordobaPatio,Escrito en 10 de marzo de 2023,"7,0",Thair,,,Viaje de ocio | Pareja | Habitación Familiar Estándar | Estancia de 1 noche,,
CordobaPatio,Escrito en 24 de febrero de 2023,"7,0",Saray,,,Viaje de ocio | Grupo | Habitación Familiar con baño privado | Estancia de 1 noche | Enviado por móvil,,
CordobaPatio,Escrito en 20 de febrero de 2023,"7,0",Maria,,,Viaje de ocio | Persona que viaja sola | Cama en habitación compartida mixta de 10 camas | Estancia de 3 noches | Enviado por móvil,,
CordobaPatio,Escrito en 18 de febrero de 2023,"3,0",Justo,,,Viaje de ocio | Persona que viaja sola | Cama en habitación compartida mixta de 10 camas | Estancia de 1 noche | Enviado por móvil,,
CordobaPatio,Escrito en 13 de febrero de 2023,"6,0",Cristina,,,Viaje de ocio | Grupo | Habitación Familiar con baño privado | Estancia de 1 noche | Enviado por móvil,,
CordobaPatio,Escrito en 31 de enero de 2023,"7,0",Herbas,,,Viaje de ocio | Persona que viaja sola | Cama en habitación compartida mixta de 10 camas | Estancia de 2 noches | Enviado por móvil,,
CordobaPatio,Escrito en 30 de enero de 2023,"4,0",Melba,,,Viaje de ocio | Persona que viaja sola | Cama Individual en habitación compartida femenina | Estancia de 1 noche,,
CordobaPatio,Escrito en 25 de enero de 2023,"7,0",Roberto,,,Viaje de ocio | Familia con niños pequeños | Habitación Familiar Estándar | Estancia de 2 noches | Enviado por móvil,,
CordobaPatio,Escrito en 24 de enero de 2023,"3,0",Ligia,,,Viaje de ocio | Persona que viaja sola | Cama Individual en habitación compartida femenina | Estancia de 2 noches,,
CordobaPatio,Escrito en 11 de enero de 2023,"7,0",Victor,,,Viaje de negocios | Persona que viaja sola | Cama en habitación compartida mixta de 6 camas | Estancia de 1 noche | Enviado por móvil,,
CordobaPatio,Escrito en 8 de enero de 2023,"7,0",Cristina,,,Viaje de ocio | Familia con niños pequeños | Habitación Familiar Estándar | Estancia de 1 noche | Enviado por móvil,,
CordobaPatio,Escrito en 23 de agosto de 2025,10,Anónimo,,,Viaje de ocio | Grupo | Habitación Familiar con baño privado | Estancia de 1 noche | Enviado por móvil,,
CordobaPatio,Escrito en 23 de junio de 2025,"8,0",Anónimo,,,Viaje de ocio | Familia con niños pequeños | Habitación Familiar con baño privado | Estancia de 1 noche | Enviado por móvil,,
CordobaPatio,Escrito en 24 de mayo de 2025,10,Anónimo,,,Viaje de ocio | Persona que viaja sola | Cama en habitación compartida con 4 camas | Estancia de 1 noche,,
CordobaPatio,Escrito en 24 de diciembre de 2025,"7,0",Anónimo,,,Viaje de ocio | Familia con niños pequeños | Habitación Familiar con baño privado | Estancia de 1 noche | Enviado por móvil,,
